method,category,seed,step,metric,value,run_name,run_id
cosette,COSETTE_128d_256x4_f958,,0,train_loss,0.11536381251296436,COSETTE_128d_256x4_f958,anobrogk
cosette,COSETTE_128d_256x4_f958,,0,lr,0.000109,COSETTE_128d_256x4_f958,anobrogk
cosette,COSETTE_128d_256x4_f958,,1,train_loss,0.22616008163868692,COSETTE_128d_256x4_f958,anobrogk
cosette,COSETTE_128d_256x4_f958,,1,lr,0.00011800000000000001,COSETTE_128d_256x4_f958,anobrogk
cosette,COSETTE_128d_256x4_f958,,2,train_loss,0.08603763336251521,COSETTE_128d_256x4_f958,anobrogk
cosette,COSETTE_128d_256x4_f958,,2,lr,0.000127,COSETTE_128d_256x4_f958,anobrogk
cosette,COSETTE_128d_256x4_f958,,3,train_loss,0.021668073100348323,COSETTE_128d_256x4_f958,anobrogk
cosette,COSETTE_128d_256x4_f958,,3,lr,0.000136,COSETTE_128d_256x4_f958,anobrogk
cosette,COSETTE_128d_256x4_f958,,4,train_loss,0.009628360694938007,COSETTE_128d_256x4_f958,anobrogk
cosette,COSETTE_128d_256x4_f958,,4,lr,0.000145,COSETTE_128d_256x4_f958,anobrogk
cosette,COSETTE_128d_256x4_f958,,5,train_loss,0.0076883942713083225,COSETTE_128d_256x4_f958,anobrogk
cosette,COSETTE_128d_256x4_f958,,5,lr,0.000154,COSETTE_128d_256x4_f958,anobrogk
cosette,COSETTE_128d_256x4_f958,,6,train_loss,0.006945339861143938,COSETTE_128d_256x4_f958,anobrogk
cosette,COSETTE_128d_256x4_f958,,6,lr,0.000163,COSETTE_128d_256x4_f958,anobrogk
cosette,COSETTE_128d_256x4_f958,,7,train_loss,0.006644603726721702,COSETTE_128d_256x4_f958,anobrogk
cosette,COSETTE_128d_256x4_f958,,7,lr,0.000172,COSETTE_128d_256x4_f958,anobrogk
cosette,COSETTE_128d_256x4_f958,,8,train_loss,0.0066825305432852,COSETTE_128d_256x4_f958,anobrogk
cosette,COSETTE_128d_256x4_f958,,8,lr,0.000181,COSETTE_128d_256x4_f958,anobrogk
cosette,COSETTE_128d_256x4_f958,,9,train_loss,0.0065398373234289145,COSETTE_128d_256x4_f958,anobrogk
cosette,COSETTE_128d_256x4_f958,,9,lr,0.00019,COSETTE_128d_256x4_f958,anobrogk
cosette,COSETTE_128d_256x4_f958,,10,train_loss,0.006450256338107518,COSETTE_128d_256x4_f958,anobrogk
cosette,COSETTE_128d_256x4_f958,,10,lr,0.000199,COSETTE_128d_256x4_f958,anobrogk
cosette,COSETTE_128d_256x4_f958,,11,train_loss,0.006631767537830205,COSETTE_128d_256x4_f958,anobrogk
cosette,COSETTE_128d_256x4_f958,,11,lr,0.00020800000000000001,COSETTE_128d_256x4_f958,anobrogk
cosette,COSETTE_128d_256x4_f958,,12,train_loss,0.006417996416018271,COSETTE_128d_256x4_f958,anobrogk
cosette,COSETTE_128d_256x4_f958,,12,lr,0.00021700000000000002,COSETTE_128d_256x4_f958,anobrogk
cosette,COSETTE_128d_256x4_f958,,13,train_loss,0.006260432072797387,COSETTE_128d_256x4_f958,anobrogk
cosette,COSETTE_128d_256x4_f958,,13,lr,0.00022600000000000002,COSETTE_128d_256x4_f958,anobrogk
cosette,COSETTE_128d_256x4_f958,,14,train_loss,0.006298266950694997,COSETTE_128d_256x4_f958,anobrogk
cosette,COSETTE_128d_256x4_f958,,14,lr,0.00023500000000000002,COSETTE_128d_256x4_f958,anobrogk
cosette,COSETTE_128d_256x4_f958,,15,train_loss,0.006229970422198718,COSETTE_128d_256x4_f958,anobrogk
cosette,COSETTE_128d_256x4_f958,,15,lr,0.00024400000000000002,COSETTE_128d_256x4_f958,anobrogk
cosette,COSETTE_128d_256x4_f958,,16,train_loss,0.006265432980639495,COSETTE_128d_256x4_f958,anobrogk
cosette,COSETTE_128d_256x4_f958,,16,lr,0.000253,COSETTE_128d_256x4_f958,anobrogk
cosette,COSETTE_128d_256x4_f958,,17,train_loss,0.006161508824804734,COSETTE_128d_256x4_f958,anobrogk
cosette,COSETTE_128d_256x4_f958,,17,lr,0.000262,COSETTE_128d_256x4_f958,anobrogk
cosette,COSETTE_128d_256x4_f958,,18,train_loss,0.0062618762276124675,COSETTE_128d_256x4_f958,anobrogk
cosette,COSETTE_128d_256x4_f958,,18,lr,0.00027100000000000003,COSETTE_128d_256x4_f958,anobrogk
cosette,COSETTE_128d_256x4_f958,,19,train_loss,0.006117169338481864,COSETTE_128d_256x4_f958,anobrogk
cosette,COSETTE_128d_256x4_f958,,19,lr,0.00028000000000000003,COSETTE_128d_256x4_f958,anobrogk
cosette,COSETTE_128d_256x4_f958,,20,train_loss,0.006195121963947328,COSETTE_128d_256x4_f958,anobrogk
cosette,COSETTE_128d_256x4_f958,,20,lr,0.00028900000000000003,COSETTE_128d_256x4_f958,anobrogk
cosette,COSETTE_128d_256x4_f958,,21,train_loss,0.006171971495295393,COSETTE_128d_256x4_f958,anobrogk
cosette,COSETTE_128d_256x4_f958,,21,lr,0.00029800000000000003,COSETTE_128d_256x4_f958,anobrogk
cosette,COSETTE_128d_256x4_f958,,22,train_loss,0.006130929308376097,COSETTE_128d_256x4_f958,anobrogk
cosette,COSETTE_128d_256x4_f958,,22,lr,0.00030700000000000004,COSETTE_128d_256x4_f958,anobrogk
cosette,COSETTE_128d_256x4_f958,,23,train_loss,0.006223708000462286,COSETTE_128d_256x4_f958,anobrogk
cosette,COSETTE_128d_256x4_f958,,23,lr,0.000316,COSETTE_128d_256x4_f958,anobrogk
cosette,COSETTE_128d_256x4_f958,,24,train_loss,0.0061355096063223395,COSETTE_128d_256x4_f958,anobrogk
cosette,COSETTE_128d_256x4_f958,,24,lr,0.000325,COSETTE_128d_256x4_f958,anobrogk
cosette,COSETTE_128d_256x4_f958,,25,train_loss,0.006198865254463134,COSETTE_128d_256x4_f958,anobrogk
cosette,COSETTE_128d_256x4_f958,,25,lr,0.000334,COSETTE_128d_256x4_f958,anobrogk
cosette,COSETTE_128d_256x4_f958,,26,train_loss,0.006175320365348424,COSETTE_128d_256x4_f958,anobrogk
cosette,COSETTE_128d_256x4_f958,,26,lr,0.000343,COSETTE_128d_256x4_f958,anobrogk
cosette,COSETTE_128d_256x4_f958,,27,train_loss,0.006171758372293806,COSETTE_128d_256x4_f958,anobrogk
cosette,COSETTE_128d_256x4_f958,,27,lr,0.000352,COSETTE_128d_256x4_f958,anobrogk
cosette,COSETTE_128d_256x4_f958,,28,train_loss,0.006198660855920152,COSETTE_128d_256x4_f958,anobrogk
cosette,COSETTE_128d_256x4_f958,,28,lr,0.000361,COSETTE_128d_256x4_f958,anobrogk
cosette,COSETTE_128d_256x4_f958,,29,train_loss,0.006202421167158875,COSETTE_128d_256x4_f958,anobrogk
cosette,COSETTE_128d_256x4_f958,,29,lr,0.00037,COSETTE_128d_256x4_f958,anobrogk
cosette,COSETTE_128d_256x4_f958,,30,train_loss,0.006247098054522755,COSETTE_128d_256x4_f958,anobrogk
cosette,COSETTE_128d_256x4_f958,,30,lr,0.000379,COSETTE_128d_256x4_f958,anobrogk
cosette,COSETTE_128d_256x4_f958,,31,train_loss,0.006252115710113925,COSETTE_128d_256x4_f958,anobrogk
cosette,COSETTE_128d_256x4_f958,,31,lr,0.000388,COSETTE_128d_256x4_f958,anobrogk
cosette,COSETTE_128d_256x4_f958,,32,train_loss,0.00620655808597803,COSETTE_128d_256x4_f958,anobrogk
cosette,COSETTE_128d_256x4_f958,,32,lr,0.000397,COSETTE_128d_256x4_f958,anobrogk
cosette,COSETTE_128d_256x4_f958,,33,train_loss,0.006278503150946792,COSETTE_128d_256x4_f958,anobrogk
cosette,COSETTE_128d_256x4_f958,,33,lr,0.000406,COSETTE_128d_256x4_f958,anobrogk
cosette,COSETTE_128d_256x4_f958,,34,train_loss,0.006314794666765409,COSETTE_128d_256x4_f958,anobrogk
cosette,COSETTE_128d_256x4_f958,,34,lr,0.000415,COSETTE_128d_256x4_f958,anobrogk
cosette,COSETTE_128d_256x4_f958,,35,train_loss,0.006295578516805651,COSETTE_128d_256x4_f958,anobrogk
cosette,COSETTE_128d_256x4_f958,,35,lr,0.000424,COSETTE_128d_256x4_f958,anobrogk
cosette,COSETTE_128d_256x4_f958,,36,train_loss,0.00637599741290698,COSETTE_128d_256x4_f958,anobrogk
cosette,COSETTE_128d_256x4_f958,,36,lr,0.000433,COSETTE_128d_256x4_f958,anobrogk
cosette,COSETTE_128d_256x4_f958,,37,train_loss,0.006363850017345841,COSETTE_128d_256x4_f958,anobrogk
cosette,COSETTE_128d_256x4_f958,,37,lr,0.000442,COSETTE_128d_256x4_f958,anobrogk
cosette,COSETTE_128d_256x4_f958,,38,train_loss,0.006344734503748431,COSETTE_128d_256x4_f958,anobrogk
cosette,COSETTE_128d_256x4_f958,,38,lr,0.000451,COSETTE_128d_256x4_f958,anobrogk
cosette,COSETTE_128d_256x4_f958,,39,train_loss,0.006426222038979847,COSETTE_128d_256x4_f958,anobrogk
cosette,COSETTE_128d_256x4_f958,,39,lr,0.00046,COSETTE_128d_256x4_f958,anobrogk
cosette,COSETTE_128d_256x4_f958,,40,train_loss,0.006381083049693668,COSETTE_128d_256x4_f958,anobrogk
cosette,COSETTE_128d_256x4_f958,,40,lr,0.000469,COSETTE_128d_256x4_f958,anobrogk
cosette,COSETTE_128d_256x4_f958,,41,train_loss,0.006415244882348281,COSETTE_128d_256x4_f958,anobrogk
cosette,COSETTE_128d_256x4_f958,,41,lr,0.000478,COSETTE_128d_256x4_f958,anobrogk
cosette,COSETTE_128d_256x4_f958,,42,train_loss,0.0064595317542981145,COSETTE_128d_256x4_f958,anobrogk
cosette,COSETTE_128d_256x4_f958,,42,lr,0.000487,COSETTE_128d_256x4_f958,anobrogk
cosette,COSETTE_128d_256x4_f958,,43,train_loss,0.006447754950187668,COSETTE_128d_256x4_f958,anobrogk
cosette,COSETTE_128d_256x4_f958,,43,lr,0.000496,COSETTE_128d_256x4_f958,anobrogk
cosette,COSETTE_128d_256x4_f958,,44,train_loss,0.0064728168192608624,COSETTE_128d_256x4_f958,anobrogk
cosette,COSETTE_128d_256x4_f958,,44,lr,0.000505,COSETTE_128d_256x4_f958,anobrogk
cosette,COSETTE_128d_256x4_f958,,45,train_loss,0.006490045104004529,COSETTE_128d_256x4_f958,anobrogk
cosette,COSETTE_128d_256x4_f958,,45,lr,0.000514,COSETTE_128d_256x4_f958,anobrogk
cosette,COSETTE_128d_256x4_f958,,46,train_loss,0.006498056560240943,COSETTE_128d_256x4_f958,anobrogk
cosette,COSETTE_128d_256x4_f958,,46,lr,0.000523,COSETTE_128d_256x4_f958,anobrogk
cosette,COSETTE_128d_256x4_f958,,47,train_loss,0.006529797478739556,COSETTE_128d_256x4_f958,anobrogk
cosette,COSETTE_128d_256x4_f958,,47,lr,0.000532,COSETTE_128d_256x4_f958,anobrogk
cosette,COSETTE_128d_256x4_f958,,48,train_loss,0.006558790069672915,COSETTE_128d_256x4_f958,anobrogk
cosette,COSETTE_128d_256x4_f958,,48,lr,0.000541,COSETTE_128d_256x4_f958,anobrogk
cosette,COSETTE_128d_256x4_f958,,49,train_loss,0.006560533457360733,COSETTE_128d_256x4_f958,anobrogk
cosette,COSETTE_128d_256x4_f958,,49,lr,0.00055,COSETTE_128d_256x4_f958,anobrogk
cosette,COSETTE_128d_256x4_f958,,50,train_loss,0.006590802597160315,COSETTE_128d_256x4_f958,anobrogk
cosette,COSETTE_128d_256x4_f958,,50,lr,0.000559,COSETTE_128d_256x4_f958,anobrogk
cosette,COSETTE_128d_256x4_f958,,51,train_loss,0.006615035605199376,COSETTE_128d_256x4_f958,anobrogk
cosette,COSETTE_128d_256x4_f958,,51,lr,0.000568,COSETTE_128d_256x4_f958,anobrogk
cosette,COSETTE_128d_256x4_f958,,52,train_loss,0.00666519659624874,COSETTE_128d_256x4_f958,anobrogk
cosette,COSETTE_128d_256x4_f958,,52,lr,0.000577,COSETTE_128d_256x4_f958,anobrogk
cosette,COSETTE_128d_256x4_f958,,53,train_loss,0.006646094699229658,COSETTE_128d_256x4_f958,anobrogk
cosette,COSETTE_128d_256x4_f958,,53,lr,0.000586,COSETTE_128d_256x4_f958,anobrogk
cosette,COSETTE_128d_256x4_f958,,54,train_loss,0.006632937000657637,COSETTE_128d_256x4_f958,anobrogk
cosette,COSETTE_128d_256x4_f958,,54,lr,0.000595,COSETTE_128d_256x4_f958,anobrogk
cosette,COSETTE_128d_256x4_f958,,55,train_loss,0.006677125318339843,COSETTE_128d_256x4_f958,anobrogk
cosette,COSETTE_128d_256x4_f958,,55,lr,0.000604,COSETTE_128d_256x4_f958,anobrogk
cosette,COSETTE_128d_256x4_f958,,56,train_loss,0.006643448619107751,COSETTE_128d_256x4_f958,anobrogk
cosette,COSETTE_128d_256x4_f958,,56,lr,0.000613,COSETTE_128d_256x4_f958,anobrogk
cosette,COSETTE_128d_256x4_f958,,57,train_loss,0.006695036690724993,COSETTE_128d_256x4_f958,anobrogk
cosette,COSETTE_128d_256x4_f958,,57,lr,0.000622,COSETTE_128d_256x4_f958,anobrogk
cosette,COSETTE_128d_256x4_f958,,58,train_loss,0.006761145965335356,COSETTE_128d_256x4_f958,anobrogk
cosette,COSETTE_128d_256x4_f958,,58,lr,0.000631,COSETTE_128d_256x4_f958,anobrogk
cosette,COSETTE_128d_256x4_f958,,59,train_loss,0.006735817181353254,COSETTE_128d_256x4_f958,anobrogk
cosette,COSETTE_128d_256x4_f958,,59,lr,0.00064,COSETTE_128d_256x4_f958,anobrogk
cosette,COSETTE_128d_256x4_f958,,60,train_loss,0.00675063135487766,COSETTE_128d_256x4_f958,anobrogk
cosette,COSETTE_128d_256x4_f958,,60,lr,0.0006490000000000001,COSETTE_128d_256x4_f958,anobrogk
cosette,COSETTE_128d_256x4_f958,,61,train_loss,0.00681171578023283,COSETTE_128d_256x4_f958,anobrogk
cosette,COSETTE_128d_256x4_f958,,61,lr,0.0006580000000000001,COSETTE_128d_256x4_f958,anobrogk
cosette,COSETTE_128d_256x4_f958,,62,train_loss,0.006818381282661492,COSETTE_128d_256x4_f958,anobrogk
cosette,COSETTE_128d_256x4_f958,,62,lr,0.0006670000000000001,COSETTE_128d_256x4_f958,anobrogk
cosette,COSETTE_128d_256x4_f958,,63,train_loss,0.006833024735123601,COSETTE_128d_256x4_f958,anobrogk
cosette,COSETTE_128d_256x4_f958,,63,lr,0.0006760000000000001,COSETTE_128d_256x4_f958,anobrogk
cosette,COSETTE_128d_256x4_f958,,64,train_loss,0.006846129166326302,COSETTE_128d_256x4_f958,anobrogk
cosette,COSETTE_128d_256x4_f958,,64,lr,0.0006850000000000001,COSETTE_128d_256x4_f958,anobrogk
cosette,COSETTE_128d_256x4_f958,,65,train_loss,0.006839557845231106,COSETTE_128d_256x4_f958,anobrogk
cosette,COSETTE_128d_256x4_f958,,65,lr,0.0006940000000000001,COSETTE_128d_256x4_f958,anobrogk
cosette,COSETTE_128d_256x4_f958,,66,train_loss,0.0068860718894792694,COSETTE_128d_256x4_f958,anobrogk
cosette,COSETTE_128d_256x4_f958,,66,lr,0.0007030000000000001,COSETTE_128d_256x4_f958,anobrogk
cosette,COSETTE_128d_256x4_f958,,67,train_loss,0.0069632604718208296,COSETTE_128d_256x4_f958,anobrogk
cosette,COSETTE_128d_256x4_f958,,67,lr,0.0007120000000000001,COSETTE_128d_256x4_f958,anobrogk
cosette,COSETTE_128d_256x4_f958,,68,train_loss,0.006930809730299932,COSETTE_128d_256x4_f958,anobrogk
cosette,COSETTE_128d_256x4_f958,,68,lr,0.0007210000000000001,COSETTE_128d_256x4_f958,anobrogk
cosette,COSETTE_128d_256x4_f958,,69,train_loss,0.006931233219802378,COSETTE_128d_256x4_f958,anobrogk
cosette,COSETTE_128d_256x4_f958,,69,lr,0.0007300000000000001,COSETTE_128d_256x4_f958,anobrogk
cosette,COSETTE_128d_256x4_f958,,70,train_loss,0.00696781251429655,COSETTE_128d_256x4_f958,anobrogk
cosette,COSETTE_128d_256x4_f958,,70,lr,0.0007390000000000001,COSETTE_128d_256x4_f958,anobrogk
cosette,COSETTE_128d_256x4_f958,,71,train_loss,0.0069567722792940575,COSETTE_128d_256x4_f958,anobrogk
cosette,COSETTE_128d_256x4_f958,,71,lr,0.0007480000000000001,COSETTE_128d_256x4_f958,anobrogk
cosette,COSETTE_128d_256x4_f958,,72,train_loss,0.006997298208418591,COSETTE_128d_256x4_f958,anobrogk
cosette,COSETTE_128d_256x4_f958,,72,lr,0.0007570000000000001,COSETTE_128d_256x4_f958,anobrogk
cosette,COSETTE_128d_256x4_f958,,73,train_loss,0.007043468921134869,COSETTE_128d_256x4_f958,anobrogk
cosette,COSETTE_128d_256x4_f958,,73,lr,0.0007660000000000001,COSETTE_128d_256x4_f958,anobrogk
cosette,COSETTE_128d_256x4_f958,,74,train_loss,0.007056636163087069,COSETTE_128d_256x4_f958,anobrogk
cosette,COSETTE_128d_256x4_f958,,74,lr,0.0007750000000000001,COSETTE_128d_256x4_f958,anobrogk
cosette,COSETTE_128d_256x4_f958,,75,train_loss,0.007030863218523306,COSETTE_128d_256x4_f958,anobrogk
cosette,COSETTE_128d_256x4_f958,,75,lr,0.0007840000000000001,COSETTE_128d_256x4_f958,anobrogk
cosette,COSETTE_128d_256x4_f958,,76,train_loss,0.007053255724410219,COSETTE_128d_256x4_f958,anobrogk
cosette,COSETTE_128d_256x4_f958,,76,lr,0.0007930000000000001,COSETTE_128d_256x4_f958,anobrogk
cosette,COSETTE_128d_256x4_f958,,77,train_loss,0.007102472621990346,COSETTE_128d_256x4_f958,anobrogk
cosette,COSETTE_128d_256x4_f958,,77,lr,0.0008020000000000001,COSETTE_128d_256x4_f958,anobrogk
cosette,COSETTE_128d_256x4_f958,,78,train_loss,0.007094381794590374,COSETTE_128d_256x4_f958,anobrogk
cosette,COSETTE_128d_256x4_f958,,78,lr,0.0008110000000000001,COSETTE_128d_256x4_f958,anobrogk
cosette,COSETTE_128d_256x4_f958,,79,train_loss,0.007123640920410214,COSETTE_128d_256x4_f958,anobrogk
cosette,COSETTE_128d_256x4_f958,,79,lr,0.0008200000000000001,COSETTE_128d_256x4_f958,anobrogk
cosette,COSETTE_128d_256x4_f958,,80,train_loss,0.007171490888014952,COSETTE_128d_256x4_f958,anobrogk
cosette,COSETTE_128d_256x4_f958,,80,lr,0.0008290000000000001,COSETTE_128d_256x4_f958,anobrogk
cosette,COSETTE_128d_256x4_f958,,81,train_loss,0.007181741843192741,COSETTE_128d_256x4_f958,anobrogk
cosette,COSETTE_128d_256x4_f958,,81,lr,0.0008380000000000001,COSETTE_128d_256x4_f958,anobrogk
cosette,COSETTE_128d_256x4_f958,,82,train_loss,0.007183554437782232,COSETTE_128d_256x4_f958,anobrogk
cosette,COSETTE_128d_256x4_f958,,82,lr,0.0008470000000000001,COSETTE_128d_256x4_f958,anobrogk
cosette,COSETTE_128d_256x4_f958,,83,train_loss,0.007227069692921705,COSETTE_128d_256x4_f958,anobrogk
cosette,COSETTE_128d_256x4_f958,,83,lr,0.0008560000000000001,COSETTE_128d_256x4_f958,anobrogk
cosette,COSETTE_128d_256x4_f958,,84,train_loss,0.007208808726663221,COSETTE_128d_256x4_f958,anobrogk
cosette,COSETTE_128d_256x4_f958,,84,lr,0.0008650000000000001,COSETTE_128d_256x4_f958,anobrogk
cosette,COSETTE_128d_256x4_f958,,85,train_loss,0.0072472179843776525,COSETTE_128d_256x4_f958,anobrogk
cosette,COSETTE_128d_256x4_f958,,85,lr,0.0008740000000000001,COSETTE_128d_256x4_f958,anobrogk
cosette,COSETTE_128d_256x4_f958,,86,train_loss,0.007251377806238748,COSETTE_128d_256x4_f958,anobrogk
cosette,COSETTE_128d_256x4_f958,,86,lr,0.0008830000000000001,COSETTE_128d_256x4_f958,anobrogk
cosette,COSETTE_128d_256x4_f958,,87,train_loss,0.0072648963816035785,COSETTE_128d_256x4_f958,anobrogk
cosette,COSETTE_128d_256x4_f958,,87,lr,0.0008920000000000001,COSETTE_128d_256x4_f958,anobrogk
cosette,COSETTE_128d_256x4_f958,,88,train_loss,0.007277325277441534,COSETTE_128d_256x4_f958,anobrogk
cosette,COSETTE_128d_256x4_f958,,88,lr,0.0009010000000000001,COSETTE_128d_256x4_f958,anobrogk
cosette,COSETTE_128d_256x4_f958,,89,train_loss,0.007322543926922413,COSETTE_128d_256x4_f958,anobrogk
cosette,COSETTE_128d_256x4_f958,,89,lr,0.0009100000000000001,COSETTE_128d_256x4_f958,anobrogk
cosette,COSETTE_128d_256x4_f958,,90,train_loss,0.007313056731189805,COSETTE_128d_256x4_f958,anobrogk
cosette,COSETTE_128d_256x4_f958,,90,lr,0.0009190000000000001,COSETTE_128d_256x4_f958,anobrogk
cosette,COSETTE_128d_256x4_f958,,91,train_loss,0.00732900861158282,COSETTE_128d_256x4_f958,anobrogk
cosette,COSETTE_128d_256x4_f958,,91,lr,0.0009280000000000001,COSETTE_128d_256x4_f958,anobrogk
cosette,COSETTE_128d_256x4_f958,,92,train_loss,0.007329852020517849,COSETTE_128d_256x4_f958,anobrogk
cosette,COSETTE_128d_256x4_f958,,92,lr,0.0009370000000000001,COSETTE_128d_256x4_f958,anobrogk
cosette,COSETTE_128d_256x4_f958,,93,train_loss,0.007336872538830019,COSETTE_128d_256x4_f958,anobrogk
cosette,COSETTE_128d_256x4_f958,,93,lr,0.0009460000000000001,COSETTE_128d_256x4_f958,anobrogk
cosette,COSETTE_128d_256x4_f958,,94,train_loss,0.007396365451658592,COSETTE_128d_256x4_f958,anobrogk
cosette,COSETTE_128d_256x4_f958,,94,lr,0.0009550000000000001,COSETTE_128d_256x4_f958,anobrogk
cosette,COSETTE_128d_256x4_f958,,95,train_loss,0.007386100044923609,COSETTE_128d_256x4_f958,anobrogk
cosette,COSETTE_128d_256x4_f958,,95,lr,0.000964,COSETTE_128d_256x4_f958,anobrogk
cosette,COSETTE_128d_256x4_f958,,96,train_loss,0.0073917517277958065,COSETTE_128d_256x4_f958,anobrogk
cosette,COSETTE_128d_256x4_f958,,96,lr,0.000973,COSETTE_128d_256x4_f958,anobrogk
cosette,COSETTE_128d_256x4_f958,,97,train_loss,0.0073811684777938735,COSETTE_128d_256x4_f958,anobrogk
cosette,COSETTE_128d_256x4_f958,,97,lr,0.000982,COSETTE_128d_256x4_f958,anobrogk
cosette,COSETTE_128d_256x4_f958,,98,train_loss,0.007403583645863439,COSETTE_128d_256x4_f958,anobrogk
cosette,COSETTE_128d_256x4_f958,,98,lr,0.000991,COSETTE_128d_256x4_f958,anobrogk
cosette,COSETTE_128d_256x4_f958,,99,train_loss,0.007453667529826537,COSETTE_128d_256x4_f958,anobrogk
cosette,COSETTE_128d_256x4_f958,,99,lr,0.001,COSETTE_128d_256x4_f958,anobrogk
cosette,COSETTE_128d_256x4_f958,,99,collision_rate,0.01355259895876374,COSETTE_128d_256x4_f958,anobrogk
cosette,COSETTE_128d_256x4_f958,,99,mean_collisions,1.0137387953422132,COSETTE_128d_256x4_f958,anobrogk
cosette,COSETTE_128d_256x4_f958,,99,max_collisions,10.0,COSETTE_128d_256x4_f958,anobrogk
cosette,COSETTE_128d_256x4_f958,,100,train_loss,0.007442188144115542,COSETTE_128d_256x4_f958,anobrogk
cosette,COSETTE_128d_256x4_f958,,100,lr,0.000999,COSETTE_128d_256x4_f958,anobrogk
cosette,COSETTE_128d_256x4_f958,,101,train_loss,0.007428155773073094,COSETTE_128d_256x4_f958,anobrogk
cosette,COSETTE_128d_256x4_f958,,101,lr,0.000998,COSETTE_128d_256x4_f958,anobrogk
cosette,COSETTE_128d_256x4_f958,,102,train_loss,0.00749575949391757,COSETTE_128d_256x4_f958,anobrogk
cosette,COSETTE_128d_256x4_f958,,102,lr,0.000997,COSETTE_128d_256x4_f958,anobrogk
cosette,COSETTE_128d_256x4_f958,,103,train_loss,0.007451102378424897,COSETTE_128d_256x4_f958,anobrogk
cosette,COSETTE_128d_256x4_f958,,103,lr,0.000996,COSETTE_128d_256x4_f958,anobrogk
cosette,COSETTE_128d_256x4_f958,,104,train_loss,0.007442322854038285,COSETTE_128d_256x4_f958,anobrogk
cosette,COSETTE_128d_256x4_f958,,104,lr,0.000995,COSETTE_128d_256x4_f958,anobrogk
cosette,COSETTE_128d_256x4_f958,,105,train_loss,0.007462962220112483,COSETTE_128d_256x4_f958,anobrogk
cosette,COSETTE_128d_256x4_f958,,105,lr,0.000994,COSETTE_128d_256x4_f958,anobrogk
cosette,COSETTE_128d_256x4_f958,,106,train_loss,0.00749518769397133,COSETTE_128d_256x4_f958,anobrogk
cosette,COSETTE_128d_256x4_f958,,106,lr,0.000993,COSETTE_128d_256x4_f958,anobrogk
cosette,COSETTE_128d_256x4_f958,,107,train_loss,0.0075234942266653336,COSETTE_128d_256x4_f958,anobrogk
cosette,COSETTE_128d_256x4_f958,,107,lr,0.000992,COSETTE_128d_256x4_f958,anobrogk
cosette,COSETTE_128d_256x4_f958,,108,train_loss,0.007506619277142587,COSETTE_128d_256x4_f958,anobrogk
cosette,COSETTE_128d_256x4_f958,,108,lr,0.0009910000000000001,COSETTE_128d_256x4_f958,anobrogk
cosette,COSETTE_128d_256x4_f958,,109,train_loss,0.007557473236416606,COSETTE_128d_256x4_f958,anobrogk
cosette,COSETTE_128d_256x4_f958,,109,lr,0.00099,COSETTE_128d_256x4_f958,anobrogk
cosette,COSETTE_128d_256x4_f958,,110,train_loss,0.007510323719731691,COSETTE_128d_256x4_f958,anobrogk
cosette,COSETTE_128d_256x4_f958,,110,lr,0.000989,COSETTE_128d_256x4_f958,anobrogk
cosette,COSETTE_128d_256x4_f958,,111,train_loss,0.00758033034916239,COSETTE_128d_256x4_f958,anobrogk
cosette,COSETTE_128d_256x4_f958,,111,lr,0.000988,COSETTE_128d_256x4_f958,anobrogk
cosette,COSETTE_128d_256x4_f958,,112,train_loss,0.0075636793827188456,COSETTE_128d_256x4_f958,anobrogk
cosette,COSETTE_128d_256x4_f958,,112,lr,0.000987,COSETTE_128d_256x4_f958,anobrogk
cosette,COSETTE_128d_256x4_f958,,113,train_loss,0.007564691328925305,COSETTE_128d_256x4_f958,anobrogk
cosette,COSETTE_128d_256x4_f958,,113,lr,0.0009860000000000001,COSETTE_128d_256x4_f958,anobrogk
cosette,COSETTE_128d_256x4_f958,,114,train_loss,0.0075862947744370895,COSETTE_128d_256x4_f958,anobrogk
cosette,COSETTE_128d_256x4_f958,,114,lr,0.000985,COSETTE_128d_256x4_f958,anobrogk
cosette,COSETTE_128d_256x4_f958,,115,train_loss,0.0076001337247675865,COSETTE_128d_256x4_f958,anobrogk
cosette,COSETTE_128d_256x4_f958,,115,lr,0.000984,COSETTE_128d_256x4_f958,anobrogk
cosette,COSETTE_128d_256x4_f958,,116,train_loss,0.007610950726030886,COSETTE_128d_256x4_f958,anobrogk
cosette,COSETTE_128d_256x4_f958,,116,lr,0.000983,COSETTE_128d_256x4_f958,anobrogk
cosette,COSETTE_128d_256x4_f958,,117,train_loss,0.00762032658054397,COSETTE_128d_256x4_f958,anobrogk
cosette,COSETTE_128d_256x4_f958,,117,lr,0.000982,COSETTE_128d_256x4_f958,anobrogk
cosette,COSETTE_128d_256x4_f958,,118,train_loss,0.0076367928293244606,COSETTE_128d_256x4_f958,anobrogk
cosette,COSETTE_128d_256x4_f958,,118,lr,0.000981,COSETTE_128d_256x4_f958,anobrogk
cosette,COSETTE_128d_256x4_f958,,119,train_loss,0.007665106753722346,COSETTE_128d_256x4_f958,anobrogk
cosette,COSETTE_128d_256x4_f958,,119,lr,0.00098,COSETTE_128d_256x4_f958,anobrogk
cosette,COSETTE_128d_256x4_f958,,120,train_loss,0.007673828070448048,COSETTE_128d_256x4_f958,anobrogk
cosette,COSETTE_128d_256x4_f958,,120,lr,0.000979,COSETTE_128d_256x4_f958,anobrogk
cosette,COSETTE_128d_256x4_f958,,121,train_loss,0.007656217836400212,COSETTE_128d_256x4_f958,anobrogk
cosette,COSETTE_128d_256x4_f958,,121,lr,0.000978,COSETTE_128d_256x4_f958,anobrogk
cosette,COSETTE_128d_256x4_f958,,122,train_loss,0.007665349946667748,COSETTE_128d_256x4_f958,anobrogk
cosette,COSETTE_128d_256x4_f958,,122,lr,0.000977,COSETTE_128d_256x4_f958,anobrogk
cosette,COSETTE_128d_256x4_f958,,123,train_loss,0.0076798112292228065,COSETTE_128d_256x4_f958,anobrogk
cosette,COSETTE_128d_256x4_f958,,123,lr,0.000976,COSETTE_128d_256x4_f958,anobrogk
cosette,COSETTE_128d_256x4_f958,,124,train_loss,0.0076818466507669134,COSETTE_128d_256x4_f958,anobrogk
cosette,COSETTE_128d_256x4_f958,,124,lr,0.0009750000000000001,COSETTE_128d_256x4_f958,anobrogk
cosette,COSETTE_128d_256x4_f958,,125,train_loss,0.007694206050672069,COSETTE_128d_256x4_f958,anobrogk
cosette,COSETTE_128d_256x4_f958,,125,lr,0.000974,COSETTE_128d_256x4_f958,anobrogk
cosette,COSETTE_128d_256x4_f958,,126,train_loss,0.007696300830649233,COSETTE_128d_256x4_f958,anobrogk
cosette,COSETTE_128d_256x4_f958,,126,lr,0.000973,COSETTE_128d_256x4_f958,anobrogk
cosette,COSETTE_128d_256x4_f958,,127,train_loss,0.007744301024867197,COSETTE_128d_256x4_f958,anobrogk
cosette,COSETTE_128d_256x4_f958,,127,lr,0.000972,COSETTE_128d_256x4_f958,anobrogk
cosette,COSETTE_128d_256x4_f958,,128,train_loss,0.00772241234843587,COSETTE_128d_256x4_f958,anobrogk
cosette,COSETTE_128d_256x4_f958,,128,lr,0.0009710000000000001,COSETTE_128d_256x4_f958,anobrogk
cosette,COSETTE_128d_256x4_f958,,129,train_loss,0.007730716020511144,COSETTE_128d_256x4_f958,anobrogk
cosette,COSETTE_128d_256x4_f958,,129,lr,0.00097,COSETTE_128d_256x4_f958,anobrogk
cosette,COSETTE_128d_256x4_f958,,130,train_loss,0.007724799263965467,COSETTE_128d_256x4_f958,anobrogk
cosette,COSETTE_128d_256x4_f958,,130,lr,0.000969,COSETTE_128d_256x4_f958,anobrogk
cosette,COSETTE_128d_256x4_f958,,131,train_loss,0.007763220971428798,COSETTE_128d_256x4_f958,anobrogk
cosette,COSETTE_128d_256x4_f958,,131,lr,0.000968,COSETTE_128d_256x4_f958,anobrogk
cosette,COSETTE_128d_256x4_f958,,132,train_loss,0.00775161346998708,COSETTE_128d_256x4_f958,anobrogk
cosette,COSETTE_128d_256x4_f958,,132,lr,0.000967,COSETTE_128d_256x4_f958,anobrogk
cosette,COSETTE_128d_256x4_f958,,133,train_loss,0.007771980440265486,COSETTE_128d_256x4_f958,anobrogk
cosette,COSETTE_128d_256x4_f958,,133,lr,0.0009660000000000001,COSETTE_128d_256x4_f958,anobrogk
cosette,COSETTE_128d_256x4_f958,,134,train_loss,0.007776931677570289,COSETTE_128d_256x4_f958,anobrogk
cosette,COSETTE_128d_256x4_f958,,134,lr,0.000965,COSETTE_128d_256x4_f958,anobrogk
cosette,COSETTE_128d_256x4_f958,,135,train_loss,0.007782806637001105,COSETTE_128d_256x4_f958,anobrogk
cosette,COSETTE_128d_256x4_f958,,135,lr,0.000964,COSETTE_128d_256x4_f958,anobrogk
cosette,COSETTE_128d_256x4_f958,,136,train_loss,0.007832134452958902,COSETTE_128d_256x4_f958,anobrogk
cosette,COSETTE_128d_256x4_f958,,136,lr,0.000963,COSETTE_128d_256x4_f958,anobrogk
cosette,COSETTE_128d_256x4_f958,,137,train_loss,0.007787742587769853,COSETTE_128d_256x4_f958,anobrogk
cosette,COSETTE_128d_256x4_f958,,137,lr,0.0009620000000000001,COSETTE_128d_256x4_f958,anobrogk
cosette,COSETTE_128d_256x4_f958,,138,train_loss,0.007824428829139675,COSETTE_128d_256x4_f958,anobrogk
cosette,COSETTE_128d_256x4_f958,,138,lr,0.000961,COSETTE_128d_256x4_f958,anobrogk
cosette,COSETTE_128d_256x4_f958,,139,train_loss,0.007819055242399717,COSETTE_128d_256x4_f958,anobrogk
cosette,COSETTE_128d_256x4_f958,,139,lr,0.00096,COSETTE_128d_256x4_f958,anobrogk
cosette,COSETTE_128d_256x4_f958,,140,train_loss,0.00786464399090786,COSETTE_128d_256x4_f958,anobrogk
cosette,COSETTE_128d_256x4_f958,,140,lr,0.000959,COSETTE_128d_256x4_f958,anobrogk
cosette,COSETTE_128d_256x4_f958,,141,train_loss,0.007844404981139747,COSETTE_128d_256x4_f958,anobrogk
cosette,COSETTE_128d_256x4_f958,,141,lr,0.000958,COSETTE_128d_256x4_f958,anobrogk
cosette,COSETTE_128d_256x4_f958,,142,train_loss,0.00785613820577661,COSETTE_128d_256x4_f958,anobrogk
cosette,COSETTE_128d_256x4_f958,,142,lr,0.0009570000000000001,COSETTE_128d_256x4_f958,anobrogk
cosette,COSETTE_128d_256x4_f958,,143,train_loss,0.007874838499373746,COSETTE_128d_256x4_f958,anobrogk
cosette,COSETTE_128d_256x4_f958,,143,lr,0.000956,COSETTE_128d_256x4_f958,anobrogk
cosette,COSETTE_128d_256x4_f958,,144,train_loss,0.007843996060947916,COSETTE_128d_256x4_f958,anobrogk
cosette,COSETTE_128d_256x4_f958,,144,lr,0.000955,COSETTE_128d_256x4_f958,anobrogk
cosette,COSETTE_128d_256x4_f958,,145,train_loss,0.007908939453505579,COSETTE_128d_256x4_f958,anobrogk
cosette,COSETTE_128d_256x4_f958,,145,lr,0.000954,COSETTE_128d_256x4_f958,anobrogk
cosette,COSETTE_128d_256x4_f958,,146,train_loss,0.00788725546464838,COSETTE_128d_256x4_f958,anobrogk
cosette,COSETTE_128d_256x4_f958,,146,lr,0.0009530000000000001,COSETTE_128d_256x4_f958,anobrogk
cosette,COSETTE_128d_256x4_f958,,147,train_loss,0.00792804221761809,COSETTE_128d_256x4_f958,anobrogk
cosette,COSETTE_128d_256x4_f958,,147,lr,0.000952,COSETTE_128d_256x4_f958,anobrogk
cosette,COSETTE_128d_256x4_f958,,148,train_loss,0.007933395711341122,COSETTE_128d_256x4_f958,anobrogk
cosette,COSETTE_128d_256x4_f958,,148,lr,0.000951,COSETTE_128d_256x4_f958,anobrogk
cosette,COSETTE_128d_256x4_f958,,149,train_loss,0.00793571830673636,COSETTE_128d_256x4_f958,anobrogk
cosette,COSETTE_128d_256x4_f958,,149,lr,0.00095,COSETTE_128d_256x4_f958,anobrogk
cosette,COSETTE_128d_256x4_f958,,150,train_loss,0.007928063750438304,COSETTE_128d_256x4_f958,anobrogk
cosette,COSETTE_128d_256x4_f958,,150,lr,0.000949,COSETTE_128d_256x4_f958,anobrogk
cosette,COSETTE_128d_256x4_f958,,151,train_loss,0.007932386457406241,COSETTE_128d_256x4_f958,anobrogk
cosette,COSETTE_128d_256x4_f958,,151,lr,0.0009480000000000001,COSETTE_128d_256x4_f958,anobrogk
cosette,COSETTE_128d_256x4_f958,,152,train_loss,0.007959908035037844,COSETTE_128d_256x4_f958,anobrogk
cosette,COSETTE_128d_256x4_f958,,152,lr,0.000947,COSETTE_128d_256x4_f958,anobrogk
cosette,COSETTE_128d_256x4_f958,,153,train_loss,0.00795536680446788,COSETTE_128d_256x4_f958,anobrogk
cosette,COSETTE_128d_256x4_f958,,153,lr,0.000946,COSETTE_128d_256x4_f958,anobrogk
cosette,COSETTE_128d_256x4_f958,,154,train_loss,0.007949339621967972,COSETTE_128d_256x4_f958,anobrogk
cosette,COSETTE_128d_256x4_f958,,154,lr,0.000945,COSETTE_128d_256x4_f958,anobrogk
cosette,COSETTE_128d_256x4_f958,,155,train_loss,0.00799047338894044,COSETTE_128d_256x4_f958,anobrogk
cosette,COSETTE_128d_256x4_f958,,155,lr,0.0009440000000000001,COSETTE_128d_256x4_f958,anobrogk
cosette,COSETTE_128d_256x4_f958,,156,train_loss,0.007935042974763901,COSETTE_128d_256x4_f958,anobrogk
cosette,COSETTE_128d_256x4_f958,,156,lr,0.000943,COSETTE_128d_256x4_f958,anobrogk
cosette,COSETTE_128d_256x4_f958,,157,train_loss,0.007987468043106724,COSETTE_128d_256x4_f958,anobrogk
cosette,COSETTE_128d_256x4_f958,,157,lr,0.000942,COSETTE_128d_256x4_f958,anobrogk
cosette,COSETTE_128d_256x4_f958,,158,train_loss,0.007992327314983496,COSETTE_128d_256x4_f958,anobrogk
cosette,COSETTE_128d_256x4_f958,,158,lr,0.000941,COSETTE_128d_256x4_f958,anobrogk
cosette,COSETTE_128d_256x4_f958,,159,train_loss,0.007948798282692833,COSETTE_128d_256x4_f958,anobrogk
cosette,COSETTE_128d_256x4_f958,,159,lr,0.0009400000000000001,COSETTE_128d_256x4_f958,anobrogk
cosette,COSETTE_128d_256x4_f958,,160,train_loss,0.007990623460333237,COSETTE_128d_256x4_f958,anobrogk
cosette,COSETTE_128d_256x4_f958,,160,lr,0.0009390000000000001,COSETTE_128d_256x4_f958,anobrogk
cosette,COSETTE_128d_256x4_f958,,161,train_loss,0.008026473679119486,COSETTE_128d_256x4_f958,anobrogk
cosette,COSETTE_128d_256x4_f958,,161,lr,0.000938,COSETTE_128d_256x4_f958,anobrogk
cosette,COSETTE_128d_256x4_f958,,162,train_loss,0.007989128682248554,COSETTE_128d_256x4_f958,anobrogk
cosette,COSETTE_128d_256x4_f958,,162,lr,0.000937,COSETTE_128d_256x4_f958,anobrogk
cosette,COSETTE_128d_256x4_f958,,163,train_loss,0.008006240578432536,COSETTE_128d_256x4_f958,anobrogk
cosette,COSETTE_128d_256x4_f958,,163,lr,0.000936,COSETTE_128d_256x4_f958,anobrogk
cosette,COSETTE_128d_256x4_f958,,164,train_loss,0.00803717327486167,COSETTE_128d_256x4_f958,anobrogk
cosette,COSETTE_128d_256x4_f958,,164,lr,0.0009350000000000001,COSETTE_128d_256x4_f958,anobrogk
cosette,COSETTE_128d_256x4_f958,,165,train_loss,0.008070043785947148,COSETTE_128d_256x4_f958,anobrogk
cosette,COSETTE_128d_256x4_f958,,165,lr,0.000934,COSETTE_128d_256x4_f958,anobrogk
cosette,COSETTE_128d_256x4_f958,,166,train_loss,0.008017017093925986,COSETTE_128d_256x4_f958,anobrogk
cosette,COSETTE_128d_256x4_f958,,166,lr,0.000933,COSETTE_128d_256x4_f958,anobrogk
cosette,COSETTE_128d_256x4_f958,,167,train_loss,0.008055970693627993,COSETTE_128d_256x4_f958,anobrogk
cosette,COSETTE_128d_256x4_f958,,167,lr,0.000932,COSETTE_128d_256x4_f958,anobrogk
cosette,COSETTE_128d_256x4_f958,,168,train_loss,0.008020363186068576,COSETTE_128d_256x4_f958,anobrogk
cosette,COSETTE_128d_256x4_f958,,168,lr,0.000931,COSETTE_128d_256x4_f958,anobrogk
cosette,COSETTE_128d_256x4_f958,,169,train_loss,0.008042297326028349,COSETTE_128d_256x4_f958,anobrogk
cosette,COSETTE_128d_256x4_f958,,169,lr,0.00093,COSETTE_128d_256x4_f958,anobrogk
cosette,COSETTE_128d_256x4_f958,,170,train_loss,0.008042093526957365,COSETTE_128d_256x4_f958,anobrogk
cosette,COSETTE_128d_256x4_f958,,170,lr,0.000929,COSETTE_128d_256x4_f958,anobrogk
cosette,COSETTE_128d_256x4_f958,,171,train_loss,0.008038370409744908,COSETTE_128d_256x4_f958,anobrogk
cosette,COSETTE_128d_256x4_f958,,171,lr,0.000928,COSETTE_128d_256x4_f958,anobrogk
cosette,COSETTE_128d_256x4_f958,,172,train_loss,0.008065116243843718,COSETTE_128d_256x4_f958,anobrogk
cosette,COSETTE_128d_256x4_f958,,172,lr,0.000927,COSETTE_128d_256x4_f958,anobrogk
cosette,COSETTE_128d_256x4_f958,,173,train_loss,0.00806832061438211,COSETTE_128d_256x4_f958,anobrogk
cosette,COSETTE_128d_256x4_f958,,173,lr,0.0009260000000000001,COSETTE_128d_256x4_f958,anobrogk
cosette,COSETTE_128d_256x4_f958,,174,train_loss,0.008059637123269252,COSETTE_128d_256x4_f958,anobrogk
cosette,COSETTE_128d_256x4_f958,,174,lr,0.000925,COSETTE_128d_256x4_f958,anobrogk
cosette,COSETTE_128d_256x4_f958,,175,train_loss,0.008072262105328597,COSETTE_128d_256x4_f958,anobrogk
cosette,COSETTE_128d_256x4_f958,,175,lr,0.000924,COSETTE_128d_256x4_f958,anobrogk
cosette,COSETTE_128d_256x4_f958,,176,train_loss,0.008071514290768177,COSETTE_128d_256x4_f958,anobrogk
cosette,COSETTE_128d_256x4_f958,,176,lr,0.000923,COSETTE_128d_256x4_f958,anobrogk
cosette,COSETTE_128d_256x4_f958,,177,train_loss,0.008085164658982178,COSETTE_128d_256x4_f958,anobrogk
cosette,COSETTE_128d_256x4_f958,,177,lr,0.0009220000000000001,COSETTE_128d_256x4_f958,anobrogk
cosette,COSETTE_128d_256x4_f958,,178,train_loss,0.008088461139464173,COSETTE_128d_256x4_f958,anobrogk
cosette,COSETTE_128d_256x4_f958,,178,lr,0.000921,COSETTE_128d_256x4_f958,anobrogk
cosette,COSETTE_128d_256x4_f958,,179,train_loss,0.008077621197691936,COSETTE_128d_256x4_f958,anobrogk
cosette,COSETTE_128d_256x4_f958,,179,lr,0.00092,COSETTE_128d_256x4_f958,anobrogk
cosette,COSETTE_128d_256x4_f958,,180,train_loss,0.008083892857720112,COSETTE_128d_256x4_f958,anobrogk
cosette,COSETTE_128d_256x4_f958,,180,lr,0.000919,COSETTE_128d_256x4_f958,anobrogk
cosette,COSETTE_128d_256x4_f958,,181,train_loss,0.008136856862097636,COSETTE_128d_256x4_f958,anobrogk
cosette,COSETTE_128d_256x4_f958,,181,lr,0.000918,COSETTE_128d_256x4_f958,anobrogk
cosette,COSETTE_128d_256x4_f958,,182,train_loss,0.008121752222978524,COSETTE_128d_256x4_f958,anobrogk
cosette,COSETTE_128d_256x4_f958,,182,lr,0.0009170000000000001,COSETTE_128d_256x4_f958,anobrogk
cosette,COSETTE_128d_256x4_f958,,183,train_loss,0.00814942309590078,COSETTE_128d_256x4_f958,anobrogk
cosette,COSETTE_128d_256x4_f958,,183,lr,0.000916,COSETTE_128d_256x4_f958,anobrogk
cosette,COSETTE_128d_256x4_f958,,184,train_loss,0.008124555589566972,COSETTE_128d_256x4_f958,anobrogk
cosette,COSETTE_128d_256x4_f958,,184,lr,0.000915,COSETTE_128d_256x4_f958,anobrogk
cosette,COSETTE_128d_256x4_f958,,185,train_loss,0.008162738198692772,COSETTE_128d_256x4_f958,anobrogk
cosette,COSETTE_128d_256x4_f958,,185,lr,0.000914,COSETTE_128d_256x4_f958,anobrogk
cosette,COSETTE_128d_256x4_f958,,186,train_loss,0.008123382904577526,COSETTE_128d_256x4_f958,anobrogk
cosette,COSETTE_128d_256x4_f958,,186,lr,0.000913,COSETTE_128d_256x4_f958,anobrogk
cosette,COSETTE_128d_256x4_f958,,187,train_loss,0.008125081155235055,COSETTE_128d_256x4_f958,anobrogk
cosette,COSETTE_128d_256x4_f958,,187,lr,0.000912,COSETTE_128d_256x4_f958,anobrogk
cosette,COSETTE_128d_256x4_f958,,188,train_loss,0.008177426268999604,COSETTE_128d_256x4_f958,anobrogk
cosette,COSETTE_128d_256x4_f958,,188,lr,0.000911,COSETTE_128d_256x4_f958,anobrogk
cosette,COSETTE_128d_256x4_f958,,189,train_loss,0.008173902390588976,COSETTE_128d_256x4_f958,anobrogk
cosette,COSETTE_128d_256x4_f958,,189,lr,0.00091,COSETTE_128d_256x4_f958,anobrogk
cosette,COSETTE_128d_256x4_f958,,190,train_loss,0.008147602494078122,COSETTE_128d_256x4_f958,anobrogk
cosette,COSETTE_128d_256x4_f958,,190,lr,0.0009090000000000001,COSETTE_128d_256x4_f958,anobrogk
cosette,COSETTE_128d_256x4_f958,,191,train_loss,0.008181448287234227,COSETTE_128d_256x4_f958,anobrogk
cosette,COSETTE_128d_256x4_f958,,191,lr,0.0009080000000000001,COSETTE_128d_256x4_f958,anobrogk
cosette,COSETTE_128d_256x4_f958,,192,train_loss,0.008159035046038961,COSETTE_128d_256x4_f958,anobrogk
cosette,COSETTE_128d_256x4_f958,,192,lr,0.000907,COSETTE_128d_256x4_f958,anobrogk
cosette,COSETTE_128d_256x4_f958,,193,train_loss,0.008196126230746163,COSETTE_128d_256x4_f958,anobrogk
cosette,COSETTE_128d_256x4_f958,,193,lr,0.000906,COSETTE_128d_256x4_f958,anobrogk
cosette,COSETTE_128d_256x4_f958,,194,train_loss,0.008157720832132743,COSETTE_128d_256x4_f958,anobrogk
cosette,COSETTE_128d_256x4_f958,,194,lr,0.000905,COSETTE_128d_256x4_f958,anobrogk
cosette,COSETTE_128d_256x4_f958,,195,train_loss,0.008173261897574209,COSETTE_128d_256x4_f958,anobrogk
cosette,COSETTE_128d_256x4_f958,,195,lr,0.0009040000000000001,COSETTE_128d_256x4_f958,anobrogk
cosette,COSETTE_128d_256x4_f958,,196,train_loss,0.008183180932597867,COSETTE_128d_256x4_f958,anobrogk
cosette,COSETTE_128d_256x4_f958,,196,lr,0.000903,COSETTE_128d_256x4_f958,anobrogk
cosette,COSETTE_128d_256x4_f958,,197,train_loss,0.008181204987240252,COSETTE_128d_256x4_f958,anobrogk
cosette,COSETTE_128d_256x4_f958,,197,lr,0.000902,COSETTE_128d_256x4_f958,anobrogk
cosette,COSETTE_128d_256x4_f958,,198,train_loss,0.008219041401284866,COSETTE_128d_256x4_f958,anobrogk
cosette,COSETTE_128d_256x4_f958,,198,lr,0.000901,COSETTE_128d_256x4_f958,anobrogk
cosette,COSETTE_128d_256x4_f958,,199,train_loss,0.008197273598748374,COSETTE_128d_256x4_f958,anobrogk
cosette,COSETTE_128d_256x4_f958,,199,lr,0.0009,COSETTE_128d_256x4_f958,anobrogk
cosette,COSETTE_128d_256x4_f958,,199,collision_rate,0.008263779852904718,COSETTE_128d_256x4_f958,anobrogk
cosette,COSETTE_128d_256x4_f958,,199,mean_collisions,1.0083326389467544,COSETTE_128d_256x4_f958,anobrogk
cosette,COSETTE_128d_256x4_f958,,199,max_collisions,5.0,COSETTE_128d_256x4_f958,anobrogk
cosette,COSETTE_128d_256x4_f958,,200,train_loss,0.008213276953447141,COSETTE_128d_256x4_f958,anobrogk
cosette,COSETTE_128d_256x4_f958,,200,lr,0.0008990000000000001,COSETTE_128d_256x4_f958,anobrogk
cosette,COSETTE_128d_256x4_f958,,201,train_loss,0.008193074532880866,COSETTE_128d_256x4_f958,anobrogk
cosette,COSETTE_128d_256x4_f958,,201,lr,0.000898,COSETTE_128d_256x4_f958,anobrogk
cosette,COSETTE_128d_256x4_f958,,202,train_loss,0.008175549525553468,COSETTE_128d_256x4_f958,anobrogk
cosette,COSETTE_128d_256x4_f958,,202,lr,0.000897,COSETTE_128d_256x4_f958,anobrogk
cosette,COSETTE_128d_256x4_f958,,203,train_loss,0.008192039362486749,COSETTE_128d_256x4_f958,anobrogk
cosette,COSETTE_128d_256x4_f958,,203,lr,0.000896,COSETTE_128d_256x4_f958,anobrogk
cosette,COSETTE_128d_256x4_f958,,204,train_loss,0.008211529535380587,COSETTE_128d_256x4_f958,anobrogk
cosette,COSETTE_128d_256x4_f958,,204,lr,0.0008950000000000001,COSETTE_128d_256x4_f958,anobrogk
cosette,COSETTE_128d_256x4_f958,,205,train_loss,0.008255220296653518,COSETTE_128d_256x4_f958,anobrogk
cosette,COSETTE_128d_256x4_f958,,205,lr,0.000894,COSETTE_128d_256x4_f958,anobrogk
cosette,COSETTE_128d_256x4_f958,,206,train_loss,0.008248931118126572,COSETTE_128d_256x4_f958,anobrogk
cosette,COSETTE_128d_256x4_f958,,206,lr,0.000893,COSETTE_128d_256x4_f958,anobrogk
cosette,COSETTE_128d_256x4_f958,,207,train_loss,0.00823755167296221,COSETTE_128d_256x4_f958,anobrogk
cosette,COSETTE_128d_256x4_f958,,207,lr,0.000892,COSETTE_128d_256x4_f958,anobrogk
cosette,COSETTE_128d_256x4_f958,,208,train_loss,0.00823821678714848,COSETTE_128d_256x4_f958,anobrogk
cosette,COSETTE_128d_256x4_f958,,208,lr,0.0008910000000000001,COSETTE_128d_256x4_f958,anobrogk
cosette,COSETTE_128d_256x4_f958,,209,train_loss,0.008244383962418158,COSETTE_128d_256x4_f958,anobrogk
cosette,COSETTE_128d_256x4_f958,,209,lr,0.0008900000000000001,COSETTE_128d_256x4_f958,anobrogk
cosette,COSETTE_128d_256x4_f958,,210,train_loss,0.00826533697545528,COSETTE_128d_256x4_f958,anobrogk
cosette,COSETTE_128d_256x4_f958,,210,lr,0.000889,COSETTE_128d_256x4_f958,anobrogk
cosette,COSETTE_128d_256x4_f958,,211,train_loss,0.008219558734917778,COSETTE_128d_256x4_f958,anobrogk
cosette,COSETTE_128d_256x4_f958,,211,lr,0.000888,COSETTE_128d_256x4_f958,anobrogk
cosette,COSETTE_128d_256x4_f958,,212,train_loss,0.008240667749838582,COSETTE_128d_256x4_f958,anobrogk
cosette,COSETTE_128d_256x4_f958,,212,lr,0.000887,COSETTE_128d_256x4_f958,anobrogk
cosette,COSETTE_128d_256x4_f958,,213,train_loss,0.008268252646700407,COSETTE_128d_256x4_f958,anobrogk
cosette,COSETTE_128d_256x4_f958,,213,lr,0.0008860000000000001,COSETTE_128d_256x4_f958,anobrogk
cosette,COSETTE_128d_256x4_f958,,214,train_loss,0.008242997576364838,COSETTE_128d_256x4_f958,anobrogk
cosette,COSETTE_128d_256x4_f958,,214,lr,0.000885,COSETTE_128d_256x4_f958,anobrogk
cosette,COSETTE_128d_256x4_f958,,215,train_loss,0.00826274252485955,COSETTE_128d_256x4_f958,anobrogk
cosette,COSETTE_128d_256x4_f958,,215,lr,0.000884,COSETTE_128d_256x4_f958,anobrogk
cosette,COSETTE_128d_256x4_f958,,216,train_loss,0.008277747491053467,COSETTE_128d_256x4_f958,anobrogk
cosette,COSETTE_128d_256x4_f958,,216,lr,0.000883,COSETTE_128d_256x4_f958,anobrogk
cosette,COSETTE_128d_256x4_f958,,217,train_loss,0.008281687242460664,COSETTE_128d_256x4_f958,anobrogk
cosette,COSETTE_128d_256x4_f958,,217,lr,0.000882,COSETTE_128d_256x4_f958,anobrogk
cosette,COSETTE_128d_256x4_f958,,218,train_loss,0.008250399728187885,COSETTE_128d_256x4_f958,anobrogk
cosette,COSETTE_128d_256x4_f958,,218,lr,0.0008810000000000001,COSETTE_128d_256x4_f958,anobrogk
cosette,COSETTE_128d_256x4_f958,,219,train_loss,0.008300383767948068,COSETTE_128d_256x4_f958,anobrogk
cosette,COSETTE_128d_256x4_f958,,219,lr,0.00088,COSETTE_128d_256x4_f958,anobrogk
cosette,COSETTE_128d_256x4_f958,,220,train_loss,0.00829117736597171,COSETTE_128d_256x4_f958,anobrogk
cosette,COSETTE_128d_256x4_f958,,220,lr,0.000879,COSETTE_128d_256x4_f958,anobrogk
cosette,COSETTE_128d_256x4_f958,,221,train_loss,0.00833070886203613,COSETTE_128d_256x4_f958,anobrogk
cosette,COSETTE_128d_256x4_f958,,221,lr,0.000878,COSETTE_128d_256x4_f958,anobrogk
cosette,COSETTE_128d_256x4_f958,,222,train_loss,0.00832766538550114,COSETTE_128d_256x4_f958,anobrogk
cosette,COSETTE_128d_256x4_f958,,222,lr,0.0008770000000000001,COSETTE_128d_256x4_f958,anobrogk
cosette,COSETTE_128d_256x4_f958,,223,train_loss,0.008301285812738299,COSETTE_128d_256x4_f958,anobrogk
cosette,COSETTE_128d_256x4_f958,,223,lr,0.000876,COSETTE_128d_256x4_f958,anobrogk
cosette,COSETTE_128d_256x4_f958,,224,train_loss,0.008293310249888006,COSETTE_128d_256x4_f958,anobrogk
cosette,COSETTE_128d_256x4_f958,,224,lr,0.000875,COSETTE_128d_256x4_f958,anobrogk
cosette,COSETTE_128d_256x4_f958,,225,train_loss,0.008297716706306083,COSETTE_128d_256x4_f958,anobrogk
cosette,COSETTE_128d_256x4_f958,,225,lr,0.000874,COSETTE_128d_256x4_f958,anobrogk
cosette,COSETTE_128d_256x4_f958,,226,train_loss,0.0083021285419149,COSETTE_128d_256x4_f958,anobrogk
cosette,COSETTE_128d_256x4_f958,,226,lr,0.0008730000000000001,COSETTE_128d_256x4_f958,anobrogk
cosette,COSETTE_128d_256x4_f958,,227,train_loss,0.008318601111913555,COSETTE_128d_256x4_f958,anobrogk
cosette,COSETTE_128d_256x4_f958,,227,lr,0.000872,COSETTE_128d_256x4_f958,anobrogk
cosette,COSETTE_128d_256x4_f958,,228,train_loss,0.008335589388406825,COSETTE_128d_256x4_f958,anobrogk
cosette,COSETTE_128d_256x4_f958,,228,lr,0.000871,COSETTE_128d_256x4_f958,anobrogk
cosette,COSETTE_128d_256x4_f958,,229,train_loss,0.008343291265526038,COSETTE_128d_256x4_f958,anobrogk
cosette,COSETTE_128d_256x4_f958,,229,lr,0.00087,COSETTE_128d_256x4_f958,anobrogk
cosette,COSETTE_128d_256x4_f958,,230,train_loss,0.008326605818737514,COSETTE_128d_256x4_f958,anobrogk
cosette,COSETTE_128d_256x4_f958,,230,lr,0.000869,COSETTE_128d_256x4_f958,anobrogk
cosette,COSETTE_128d_256x4_f958,,231,train_loss,0.008332141107697592,COSETTE_128d_256x4_f958,anobrogk
cosette,COSETTE_128d_256x4_f958,,231,lr,0.0008680000000000001,COSETTE_128d_256x4_f958,anobrogk
cosette,COSETTE_128d_256x4_f958,,232,train_loss,0.00831530065457711,COSETTE_128d_256x4_f958,anobrogk
cosette,COSETTE_128d_256x4_f958,,232,lr,0.000867,COSETTE_128d_256x4_f958,anobrogk
cosette,COSETTE_128d_256x4_f958,,233,train_loss,0.008339983518181859,COSETTE_128d_256x4_f958,anobrogk
cosette,COSETTE_128d_256x4_f958,,233,lr,0.000866,COSETTE_128d_256x4_f958,anobrogk
cosette,COSETTE_128d_256x4_f958,,234,train_loss,0.008356706763821088,COSETTE_128d_256x4_f958,anobrogk
cosette,COSETTE_128d_256x4_f958,,234,lr,0.000865,COSETTE_128d_256x4_f958,anobrogk
cosette,COSETTE_128d_256x4_f958,,235,train_loss,0.008358727872971147,COSETTE_128d_256x4_f958,anobrogk
cosette,COSETTE_128d_256x4_f958,,235,lr,0.000864,COSETTE_128d_256x4_f958,anobrogk
cosette,COSETTE_128d_256x4_f958,,236,train_loss,0.008342669709403627,COSETTE_128d_256x4_f958,anobrogk
cosette,COSETTE_128d_256x4_f958,,236,lr,0.000863,COSETTE_128d_256x4_f958,anobrogk
cosette,COSETTE_128d_256x4_f958,,237,train_loss,0.008360785796125045,COSETTE_128d_256x4_f958,anobrogk
cosette,COSETTE_128d_256x4_f958,,237,lr,0.000862,COSETTE_128d_256x4_f958,anobrogk
cosette,COSETTE_128d_256x4_f958,,238,train_loss,0.008355435636965024,COSETTE_128d_256x4_f958,anobrogk
cosette,COSETTE_128d_256x4_f958,,238,lr,0.000861,COSETTE_128d_256x4_f958,anobrogk
cosette,COSETTE_128d_256x4_f958,,239,train_loss,0.008358145657198866,COSETTE_128d_256x4_f958,anobrogk
cosette,COSETTE_128d_256x4_f958,,239,lr,0.0008600000000000001,COSETTE_128d_256x4_f958,anobrogk
cosette,COSETTE_128d_256x4_f958,,240,train_loss,0.008378169766959102,COSETTE_128d_256x4_f958,anobrogk
cosette,COSETTE_128d_256x4_f958,,240,lr,0.0008590000000000001,COSETTE_128d_256x4_f958,anobrogk
cosette,COSETTE_128d_256x4_f958,,241,train_loss,0.008379198064834904,COSETTE_128d_256x4_f958,anobrogk
cosette,COSETTE_128d_256x4_f958,,241,lr,0.000858,COSETTE_128d_256x4_f958,anobrogk
cosette,COSETTE_128d_256x4_f958,,242,train_loss,0.008369926288295752,COSETTE_128d_256x4_f958,anobrogk
cosette,COSETTE_128d_256x4_f958,,242,lr,0.000857,COSETTE_128d_256x4_f958,anobrogk
cosette,COSETTE_128d_256x4_f958,,243,train_loss,0.008362579073799753,COSETTE_128d_256x4_f958,anobrogk
cosette,COSETTE_128d_256x4_f958,,243,lr,0.000856,COSETTE_128d_256x4_f958,anobrogk
cosette,COSETTE_128d_256x4_f958,,244,train_loss,0.008372503686053998,COSETTE_128d_256x4_f958,anobrogk
cosette,COSETTE_128d_256x4_f958,,244,lr,0.0008550000000000001,COSETTE_128d_256x4_f958,anobrogk
cosette,COSETTE_128d_256x4_f958,,245,train_loss,0.008421423834288259,COSETTE_128d_256x4_f958,anobrogk
cosette,COSETTE_128d_256x4_f958,,245,lr,0.000854,COSETTE_128d_256x4_f958,anobrogk
cosette,COSETTE_128d_256x4_f958,,246,train_loss,0.008409932159401218,COSETTE_128d_256x4_f958,anobrogk
cosette,COSETTE_128d_256x4_f958,,246,lr,0.000853,COSETTE_128d_256x4_f958,anobrogk
cosette,COSETTE_128d_256x4_f958,,247,train_loss,0.00837157441881196,COSETTE_128d_256x4_f958,anobrogk
cosette,COSETTE_128d_256x4_f958,,247,lr,0.000852,COSETTE_128d_256x4_f958,anobrogk
cosette,COSETTE_128d_256x4_f958,,248,train_loss,0.008402477939152856,COSETTE_128d_256x4_f958,anobrogk
cosette,COSETTE_128d_256x4_f958,,248,lr,0.000851,COSETTE_128d_256x4_f958,anobrogk
cosette,COSETTE_128d_256x4_f958,,249,train_loss,0.008401860804136456,COSETTE_128d_256x4_f958,anobrogk
cosette,COSETTE_128d_256x4_f958,,249,lr,0.0008500000000000001,COSETTE_128d_256x4_f958,anobrogk
cosette,COSETTE_128d_256x4_f958,,250,train_loss,0.008389320620603264,COSETTE_128d_256x4_f958,anobrogk
cosette,COSETTE_128d_256x4_f958,,250,lr,0.000849,COSETTE_128d_256x4_f958,anobrogk
cosette,COSETTE_128d_256x4_f958,,251,train_loss,0.008398081871798666,COSETTE_128d_256x4_f958,anobrogk
cosette,COSETTE_128d_256x4_f958,,251,lr,0.000848,COSETTE_128d_256x4_f958,anobrogk
cosette,COSETTE_128d_256x4_f958,,252,train_loss,0.008408662863075733,COSETTE_128d_256x4_f958,anobrogk
cosette,COSETTE_128d_256x4_f958,,252,lr,0.000847,COSETTE_128d_256x4_f958,anobrogk
cosette,COSETTE_128d_256x4_f958,,253,train_loss,0.008382756776850799,COSETTE_128d_256x4_f958,anobrogk
cosette,COSETTE_128d_256x4_f958,,253,lr,0.000846,COSETTE_128d_256x4_f958,anobrogk
cosette,COSETTE_128d_256x4_f958,,254,train_loss,0.008376109906226052,COSETTE_128d_256x4_f958,anobrogk
cosette,COSETTE_128d_256x4_f958,,254,lr,0.000845,COSETTE_128d_256x4_f958,anobrogk
cosette,COSETTE_128d_256x4_f958,,255,train_loss,0.008383095917431103,COSETTE_128d_256x4_f958,anobrogk
cosette,COSETTE_128d_256x4_f958,,255,lr,0.000844,COSETTE_128d_256x4_f958,anobrogk
cosette,COSETTE_128d_256x4_f958,,256,train_loss,0.008401573368016335,COSETTE_128d_256x4_f958,anobrogk
cosette,COSETTE_128d_256x4_f958,,256,lr,0.000843,COSETTE_128d_256x4_f958,anobrogk
cosette,COSETTE_128d_256x4_f958,,257,train_loss,0.008389714248906607,COSETTE_128d_256x4_f958,anobrogk
cosette,COSETTE_128d_256x4_f958,,257,lr,0.0008420000000000001,COSETTE_128d_256x4_f958,anobrogk
cosette,COSETTE_128d_256x4_f958,,258,train_loss,0.008372825934369674,COSETTE_128d_256x4_f958,anobrogk
cosette,COSETTE_128d_256x4_f958,,258,lr,0.0008410000000000001,COSETTE_128d_256x4_f958,anobrogk
cosette,COSETTE_128d_256x4_f958,,259,train_loss,0.008397271589044181,COSETTE_128d_256x4_f958,anobrogk
cosette,COSETTE_128d_256x4_f958,,259,lr,0.00084,COSETTE_128d_256x4_f958,anobrogk
cosette,COSETTE_128d_256x4_f958,,260,train_loss,0.008401427878302403,COSETTE_128d_256x4_f958,anobrogk
cosette,COSETTE_128d_256x4_f958,,260,lr,0.000839,COSETTE_128d_256x4_f958,anobrogk
cosette,COSETTE_128d_256x4_f958,,261,train_loss,0.008384584866721051,COSETTE_128d_256x4_f958,anobrogk
cosette,COSETTE_128d_256x4_f958,,261,lr,0.000838,COSETTE_128d_256x4_f958,anobrogk
cosette,COSETTE_128d_256x4_f958,,262,train_loss,0.008406341814532365,COSETTE_128d_256x4_f958,anobrogk
cosette,COSETTE_128d_256x4_f958,,262,lr,0.0008370000000000001,COSETTE_128d_256x4_f958,anobrogk
cosette,COSETTE_128d_256x4_f958,,263,train_loss,0.008408108768963262,COSETTE_128d_256x4_f958,anobrogk
cosette,COSETTE_128d_256x4_f958,,263,lr,0.000836,COSETTE_128d_256x4_f958,anobrogk
cosette,COSETTE_128d_256x4_f958,,264,train_loss,0.008420576812463934,COSETTE_128d_256x4_f958,anobrogk
cosette,COSETTE_128d_256x4_f958,,264,lr,0.000835,COSETTE_128d_256x4_f958,anobrogk
cosette,COSETTE_128d_256x4_f958,,265,train_loss,0.008404609757935864,COSETTE_128d_256x4_f958,anobrogk
cosette,COSETTE_128d_256x4_f958,,265,lr,0.000834,COSETTE_128d_256x4_f958,anobrogk
cosette,COSETTE_128d_256x4_f958,,266,train_loss,0.008411370678109,COSETTE_128d_256x4_f958,anobrogk
cosette,COSETTE_128d_256x4_f958,,266,lr,0.000833,COSETTE_128d_256x4_f958,anobrogk
cosette,COSETTE_128d_256x4_f958,,267,train_loss,0.008430697687569705,COSETTE_128d_256x4_f958,anobrogk
cosette,COSETTE_128d_256x4_f958,,267,lr,0.0008320000000000001,COSETTE_128d_256x4_f958,anobrogk
cosette,COSETTE_128d_256x4_f958,,268,train_loss,0.008449709963524479,COSETTE_128d_256x4_f958,anobrogk
cosette,COSETTE_128d_256x4_f958,,268,lr,0.000831,COSETTE_128d_256x4_f958,anobrogk
cosette,COSETTE_128d_256x4_f958,,269,train_loss,0.00845020764303961,COSETTE_128d_256x4_f958,anobrogk
cosette,COSETTE_128d_256x4_f958,,269,lr,0.00083,COSETTE_128d_256x4_f958,anobrogk
cosette,COSETTE_128d_256x4_f958,,270,train_loss,0.008458494658357107,COSETTE_128d_256x4_f958,anobrogk
cosette,COSETTE_128d_256x4_f958,,270,lr,0.0008290000000000001,COSETTE_128d_256x4_f958,anobrogk
cosette,COSETTE_128d_256x4_f958,,271,train_loss,0.008465756726419103,COSETTE_128d_256x4_f958,anobrogk
cosette,COSETTE_128d_256x4_f958,,271,lr,0.0008280000000000001,COSETTE_128d_256x4_f958,anobrogk
cosette,COSETTE_128d_256x4_f958,,272,train_loss,0.008415969067263877,COSETTE_128d_256x4_f958,anobrogk
cosette,COSETTE_128d_256x4_f958,,272,lr,0.000827,COSETTE_128d_256x4_f958,anobrogk
cosette,COSETTE_128d_256x4_f958,,273,train_loss,0.008409726123015084,COSETTE_128d_256x4_f958,anobrogk
cosette,COSETTE_128d_256x4_f958,,273,lr,0.000826,COSETTE_128d_256x4_f958,anobrogk
cosette,COSETTE_128d_256x4_f958,,274,train_loss,0.008461977205314171,COSETTE_128d_256x4_f958,anobrogk
cosette,COSETTE_128d_256x4_f958,,274,lr,0.000825,COSETTE_128d_256x4_f958,anobrogk
cosette,COSETTE_128d_256x4_f958,,275,train_loss,0.008441235538272336,COSETTE_128d_256x4_f958,anobrogk
cosette,COSETTE_128d_256x4_f958,,275,lr,0.0008240000000000001,COSETTE_128d_256x4_f958,anobrogk
cosette,COSETTE_128d_256x4_f958,,276,train_loss,0.008458899880020783,COSETTE_128d_256x4_f958,anobrogk
cosette,COSETTE_128d_256x4_f958,,276,lr,0.0008230000000000001,COSETTE_128d_256x4_f958,anobrogk
cosette,COSETTE_128d_256x4_f958,,277,train_loss,0.008459883517232435,COSETTE_128d_256x4_f958,anobrogk
cosette,COSETTE_128d_256x4_f958,,277,lr,0.000822,COSETTE_128d_256x4_f958,anobrogk
cosette,COSETTE_128d_256x4_f958,,278,train_loss,0.008457247039367413,COSETTE_128d_256x4_f958,anobrogk
cosette,COSETTE_128d_256x4_f958,,278,lr,0.000821,COSETTE_128d_256x4_f958,anobrogk
cosette,COSETTE_128d_256x4_f958,,279,train_loss,0.008495941222912959,COSETTE_128d_256x4_f958,anobrogk
cosette,COSETTE_128d_256x4_f958,,279,lr,0.00082,COSETTE_128d_256x4_f958,anobrogk
cosette,COSETTE_128d_256x4_f958,,280,train_loss,0.008455967348625604,COSETTE_128d_256x4_f958,anobrogk
cosette,COSETTE_128d_256x4_f958,,280,lr,0.0008190000000000001,COSETTE_128d_256x4_f958,anobrogk
cosette,COSETTE_128d_256x4_f958,,281,train_loss,0.008506374380112376,COSETTE_128d_256x4_f958,anobrogk
cosette,COSETTE_128d_256x4_f958,,281,lr,0.000818,COSETTE_128d_256x4_f958,anobrogk
cosette,COSETTE_128d_256x4_f958,,282,train_loss,0.00849906404384936,COSETTE_128d_256x4_f958,anobrogk
cosette,COSETTE_128d_256x4_f958,,282,lr,0.000817,COSETTE_128d_256x4_f958,anobrogk
cosette,COSETTE_128d_256x4_f958,,283,train_loss,0.00849256685924256,COSETTE_128d_256x4_f958,anobrogk
cosette,COSETTE_128d_256x4_f958,,283,lr,0.000816,COSETTE_128d_256x4_f958,anobrogk
cosette,COSETTE_128d_256x4_f958,,284,train_loss,0.008475534446623136,COSETTE_128d_256x4_f958,anobrogk
cosette,COSETTE_128d_256x4_f958,,284,lr,0.000815,COSETTE_128d_256x4_f958,anobrogk
cosette,COSETTE_128d_256x4_f958,,285,train_loss,0.008493793539531615,COSETTE_128d_256x4_f958,anobrogk
cosette,COSETTE_128d_256x4_f958,,285,lr,0.000814,COSETTE_128d_256x4_f958,anobrogk
cosette,COSETTE_128d_256x4_f958,,286,train_loss,0.008508374786068655,COSETTE_128d_256x4_f958,anobrogk
cosette,COSETTE_128d_256x4_f958,,286,lr,0.000813,COSETTE_128d_256x4_f958,anobrogk
cosette,COSETTE_128d_256x4_f958,,287,train_loss,0.00850106798240851,COSETTE_128d_256x4_f958,anobrogk
cosette,COSETTE_128d_256x4_f958,,287,lr,0.000812,COSETTE_128d_256x4_f958,anobrogk
cosette,COSETTE_128d_256x4_f958,,288,train_loss,0.008496380989150754,COSETTE_128d_256x4_f958,anobrogk
cosette,COSETTE_128d_256x4_f958,,288,lr,0.0008110000000000001,COSETTE_128d_256x4_f958,anobrogk
cosette,COSETTE_128d_256x4_f958,,289,train_loss,0.008509554397100692,COSETTE_128d_256x4_f958,anobrogk
cosette,COSETTE_128d_256x4_f958,,289,lr,0.0008100000000000001,COSETTE_128d_256x4_f958,anobrogk
cosette,COSETTE_128d_256x4_f958,,290,train_loss,0.008493993409920011,COSETTE_128d_256x4_f958,anobrogk
cosette,COSETTE_128d_256x4_f958,,290,lr,0.000809,COSETTE_128d_256x4_f958,anobrogk
cosette,COSETTE_128d_256x4_f958,,291,train_loss,0.008481313731392909,COSETTE_128d_256x4_f958,anobrogk
cosette,COSETTE_128d_256x4_f958,,291,lr,0.000808,COSETTE_128d_256x4_f958,anobrogk
cosette,COSETTE_128d_256x4_f958,,292,train_loss,0.008498710612284728,COSETTE_128d_256x4_f958,anobrogk
cosette,COSETTE_128d_256x4_f958,,292,lr,0.000807,COSETTE_128d_256x4_f958,anobrogk
cosette,COSETTE_128d_256x4_f958,,293,train_loss,0.008484885985053134,COSETTE_128d_256x4_f958,anobrogk
cosette,COSETTE_128d_256x4_f958,,293,lr,0.0008060000000000001,COSETTE_128d_256x4_f958,anobrogk
cosette,COSETTE_128d_256x4_f958,,294,train_loss,0.008524798873769146,COSETTE_128d_256x4_f958,anobrogk
cosette,COSETTE_128d_256x4_f958,,294,lr,0.000805,COSETTE_128d_256x4_f958,anobrogk
cosette,COSETTE_128d_256x4_f958,,295,train_loss,0.008502870048770959,COSETTE_128d_256x4_f958,anobrogk
cosette,COSETTE_128d_256x4_f958,,295,lr,0.000804,COSETTE_128d_256x4_f958,anobrogk
cosette,COSETTE_128d_256x4_f958,,296,train_loss,0.008486053917085987,COSETTE_128d_256x4_f958,anobrogk
cosette,COSETTE_128d_256x4_f958,,296,lr,0.000803,COSETTE_128d_256x4_f958,anobrogk
cosette,COSETTE_128d_256x4_f958,,297,train_loss,0.00851004685264552,COSETTE_128d_256x4_f958,anobrogk
cosette,COSETTE_128d_256x4_f958,,297,lr,0.000802,COSETTE_128d_256x4_f958,anobrogk
cosette,COSETTE_128d_256x4_f958,,298,train_loss,0.008523529042200799,COSETTE_128d_256x4_f958,anobrogk
cosette,COSETTE_128d_256x4_f958,,298,lr,0.0008010000000000001,COSETTE_128d_256x4_f958,anobrogk
cosette,COSETTE_128d_256x4_f958,,299,train_loss,0.008520860877958522,COSETTE_128d_256x4_f958,anobrogk
cosette,COSETTE_128d_256x4_f958,,299,lr,0.0008,COSETTE_128d_256x4_f958,anobrogk
cosette,COSETTE_128d_256x4_f958,,299,collision_rate,0.009585984629369474,COSETTE_128d_256x4_f958,anobrogk
cosette,COSETTE_128d_256x4_f958,,299,mean_collisions,1.0096787651230705,COSETTE_128d_256x4_f958,anobrogk
cosette,COSETTE_128d_256x4_f958,,299,max_collisions,5.0,COSETTE_128d_256x4_f958,anobrogk
cosette,COSETTE_128d_256x4_f958,,300,train_loss,0.008537285029888151,COSETTE_128d_256x4_f958,anobrogk
cosette,COSETTE_128d_256x4_f958,,300,lr,0.000799,COSETTE_128d_256x4_f958,anobrogk
cosette,COSETTE_128d_256x4_f958,,301,train_loss,0.008525554015804298,COSETTE_128d_256x4_f958,anobrogk
cosette,COSETTE_128d_256x4_f958,,301,lr,0.000798,COSETTE_128d_256x4_f958,anobrogk
cosette,COSETTE_128d_256x4_f958,,302,train_loss,0.008525329213803532,COSETTE_128d_256x4_f958,anobrogk
cosette,COSETTE_128d_256x4_f958,,302,lr,0.000797,COSETTE_128d_256x4_f958,anobrogk
cosette,COSETTE_128d_256x4_f958,,303,train_loss,0.008530573737432899,COSETTE_128d_256x4_f958,anobrogk
cosette,COSETTE_128d_256x4_f958,,303,lr,0.000796,COSETTE_128d_256x4_f958,anobrogk
cosette,COSETTE_128d_256x4_f958,,304,train_loss,0.00853402456589814,COSETTE_128d_256x4_f958,anobrogk
cosette,COSETTE_128d_256x4_f958,,304,lr,0.000795,COSETTE_128d_256x4_f958,anobrogk
cosette,COSETTE_128d_256x4_f958,,305,train_loss,0.00854588350302529,COSETTE_128d_256x4_f958,anobrogk
cosette,COSETTE_128d_256x4_f958,,305,lr,0.000794,COSETTE_128d_256x4_f958,anobrogk
cosette,COSETTE_128d_256x4_f958,,306,train_loss,0.008527770691990167,COSETTE_128d_256x4_f958,anobrogk
cosette,COSETTE_128d_256x4_f958,,306,lr,0.0007930000000000001,COSETTE_128d_256x4_f958,anobrogk
cosette,COSETTE_128d_256x4_f958,,307,train_loss,0.008537224397577092,COSETTE_128d_256x4_f958,anobrogk
cosette,COSETTE_128d_256x4_f958,,307,lr,0.0007920000000000001,COSETTE_128d_256x4_f958,anobrogk
cosette,COSETTE_128d_256x4_f958,,308,train_loss,0.008551998888195932,COSETTE_128d_256x4_f958,anobrogk
cosette,COSETTE_128d_256x4_f958,,308,lr,0.000791,COSETTE_128d_256x4_f958,anobrogk
cosette,COSETTE_128d_256x4_f958,,309,train_loss,0.008561547503046607,COSETTE_128d_256x4_f958,anobrogk
cosette,COSETTE_128d_256x4_f958,,309,lr,0.00079,COSETTE_128d_256x4_f958,anobrogk
cosette,COSETTE_128d_256x4_f958,,310,train_loss,0.008530047797094818,COSETTE_128d_256x4_f958,anobrogk
cosette,COSETTE_128d_256x4_f958,,310,lr,0.000789,COSETTE_128d_256x4_f958,anobrogk
cosette,COSETTE_128d_256x4_f958,,311,train_loss,0.008523737572818648,COSETTE_128d_256x4_f958,anobrogk
cosette,COSETTE_128d_256x4_f958,,311,lr,0.0007880000000000001,COSETTE_128d_256x4_f958,anobrogk
cosette,COSETTE_128d_256x4_f958,,312,train_loss,0.008539430454544637,COSETTE_128d_256x4_f958,anobrogk
cosette,COSETTE_128d_256x4_f958,,312,lr,0.000787,COSETTE_128d_256x4_f958,anobrogk
cosette,COSETTE_128d_256x4_f958,,313,train_loss,0.00853974488831457,COSETTE_128d_256x4_f958,anobrogk
cosette,COSETTE_128d_256x4_f958,,313,lr,0.000786,COSETTE_128d_256x4_f958,anobrogk
cosette,COSETTE_128d_256x4_f958,,314,train_loss,0.008514188626117403,COSETTE_128d_256x4_f958,anobrogk
cosette,COSETTE_128d_256x4_f958,,314,lr,0.000785,COSETTE_128d_256x4_f958,anobrogk
cosette,COSETTE_128d_256x4_f958,,315,train_loss,0.008510683053012554,COSETTE_128d_256x4_f958,anobrogk
cosette,COSETTE_128d_256x4_f958,,315,lr,0.000784,COSETTE_128d_256x4_f958,anobrogk
cosette,COSETTE_128d_256x4_f958,,316,train_loss,0.008517506810697333,COSETTE_128d_256x4_f958,anobrogk
cosette,COSETTE_128d_256x4_f958,,316,lr,0.0007830000000000001,COSETTE_128d_256x4_f958,anobrogk
cosette,COSETTE_128d_256x4_f958,,317,train_loss,0.008563305679494624,COSETTE_128d_256x4_f958,anobrogk
cosette,COSETTE_128d_256x4_f958,,317,lr,0.000782,COSETTE_128d_256x4_f958,anobrogk
cosette,COSETTE_128d_256x4_f958,,318,train_loss,0.008542453238590698,COSETTE_128d_256x4_f958,anobrogk
cosette,COSETTE_128d_256x4_f958,,318,lr,0.000781,COSETTE_128d_256x4_f958,anobrogk
cosette,COSETTE_128d_256x4_f958,,319,train_loss,0.008562619776475704,COSETTE_128d_256x4_f958,anobrogk
cosette,COSETTE_128d_256x4_f958,,319,lr,0.0007800000000000001,COSETTE_128d_256x4_f958,anobrogk
cosette,COSETTE_128d_256x4_f958,,320,train_loss,0.00856656647533521,COSETTE_128d_256x4_f958,anobrogk
cosette,COSETTE_128d_256x4_f958,,320,lr,0.0007790000000000001,COSETTE_128d_256x4_f958,anobrogk
cosette,COSETTE_128d_256x4_f958,,321,train_loss,0.008579856694686682,COSETTE_128d_256x4_f958,anobrogk
cosette,COSETTE_128d_256x4_f958,,321,lr,0.000778,COSETTE_128d_256x4_f958,anobrogk
cosette,COSETTE_128d_256x4_f958,,322,train_loss,0.008551433832309713,COSETTE_128d_256x4_f958,anobrogk
cosette,COSETTE_128d_256x4_f958,,322,lr,0.000777,COSETTE_128d_256x4_f958,anobrogk
cosette,COSETTE_128d_256x4_f958,,323,train_loss,0.008570634513750845,COSETTE_128d_256x4_f958,anobrogk
cosette,COSETTE_128d_256x4_f958,,323,lr,0.000776,COSETTE_128d_256x4_f958,anobrogk
cosette,COSETTE_128d_256x4_f958,,324,train_loss,0.008553560170205844,COSETTE_128d_256x4_f958,anobrogk
cosette,COSETTE_128d_256x4_f958,,324,lr,0.0007750000000000001,COSETTE_128d_256x4_f958,anobrogk
cosette,COSETTE_128d_256x4_f958,,325,train_loss,0.008567074217416088,COSETTE_128d_256x4_f958,anobrogk
cosette,COSETTE_128d_256x4_f958,,325,lr,0.0007740000000000001,COSETTE_128d_256x4_f958,anobrogk
cosette,COSETTE_128d_256x4_f958,,326,train_loss,0.008597501949674784,COSETTE_128d_256x4_f958,anobrogk
cosette,COSETTE_128d_256x4_f958,,326,lr,0.000773,COSETTE_128d_256x4_f958,anobrogk
cosette,COSETTE_128d_256x4_f958,,327,train_loss,0.008589036248881242,COSETTE_128d_256x4_f958,anobrogk
cosette,COSETTE_128d_256x4_f958,,327,lr,0.000772,COSETTE_128d_256x4_f958,anobrogk
cosette,COSETTE_128d_256x4_f958,,328,train_loss,0.008580697379235563,COSETTE_128d_256x4_f958,anobrogk
cosette,COSETTE_128d_256x4_f958,,328,lr,0.000771,COSETTE_128d_256x4_f958,anobrogk
cosette,COSETTE_128d_256x4_f958,,329,train_loss,0.00858799905526912,COSETTE_128d_256x4_f958,anobrogk
cosette,COSETTE_128d_256x4_f958,,329,lr,0.0007700000000000001,COSETTE_128d_256x4_f958,anobrogk
cosette,COSETTE_128d_256x4_f958,,330,train_loss,0.008604809309987499,COSETTE_128d_256x4_f958,anobrogk
cosette,COSETTE_128d_256x4_f958,,330,lr,0.000769,COSETTE_128d_256x4_f958,anobrogk
cosette,COSETTE_128d_256x4_f958,,331,train_loss,0.008596555201400973,COSETTE_128d_256x4_f958,anobrogk
cosette,COSETTE_128d_256x4_f958,,331,lr,0.000768,COSETTE_128d_256x4_f958,anobrogk
cosette,COSETTE_128d_256x4_f958,,332,train_loss,0.00858795845174584,COSETTE_128d_256x4_f958,anobrogk
cosette,COSETTE_128d_256x4_f958,,332,lr,0.000767,COSETTE_128d_256x4_f958,anobrogk
cosette,COSETTE_128d_256x4_f958,,333,train_loss,0.008591744984532227,COSETTE_128d_256x4_f958,anobrogk
cosette,COSETTE_128d_256x4_f958,,333,lr,0.000766,COSETTE_128d_256x4_f958,anobrogk
cosette,COSETTE_128d_256x4_f958,,334,train_loss,0.008602521564254815,COSETTE_128d_256x4_f958,anobrogk
cosette,COSETTE_128d_256x4_f958,,334,lr,0.0007650000000000001,COSETTE_128d_256x4_f958,anobrogk
cosette,COSETTE_128d_256x4_f958,,335,train_loss,0.008569972685955725,COSETTE_128d_256x4_f958,anobrogk
cosette,COSETTE_128d_256x4_f958,,335,lr,0.000764,COSETTE_128d_256x4_f958,anobrogk
cosette,COSETTE_128d_256x4_f958,,336,train_loss,0.008541349193145486,COSETTE_128d_256x4_f958,anobrogk
cosette,COSETTE_128d_256x4_f958,,336,lr,0.000763,COSETTE_128d_256x4_f958,anobrogk
cosette,COSETTE_128d_256x4_f958,,337,train_loss,0.008589533735708945,COSETTE_128d_256x4_f958,anobrogk
cosette,COSETTE_128d_256x4_f958,,337,lr,0.0007620000000000001,COSETTE_128d_256x4_f958,anobrogk
cosette,COSETTE_128d_256x4_f958,,338,train_loss,0.008603331440224732,COSETTE_128d_256x4_f958,anobrogk
cosette,COSETTE_128d_256x4_f958,,338,lr,0.0007610000000000001,COSETTE_128d_256x4_f958,anobrogk
cosette,COSETTE_128d_256x4_f958,,339,train_loss,0.008597969141756664,COSETTE_128d_256x4_f958,anobrogk
cosette,COSETTE_128d_256x4_f958,,339,lr,0.00076,COSETTE_128d_256x4_f958,anobrogk
cosette,COSETTE_128d_256x4_f958,,340,train_loss,0.008606143627615494,COSETTE_128d_256x4_f958,anobrogk
cosette,COSETTE_128d_256x4_f958,,340,lr,0.000759,COSETTE_128d_256x4_f958,anobrogk
cosette,COSETTE_128d_256x4_f958,,341,train_loss,0.008588251711308269,COSETTE_128d_256x4_f958,anobrogk
cosette,COSETTE_128d_256x4_f958,,341,lr,0.000758,COSETTE_128d_256x4_f958,anobrogk
cosette,COSETTE_128d_256x4_f958,,342,train_loss,0.008568840047836986,COSETTE_128d_256x4_f958,anobrogk
cosette,COSETTE_128d_256x4_f958,,342,lr,0.0007570000000000001,COSETTE_128d_256x4_f958,anobrogk
cosette,COSETTE_128d_256x4_f958,,343,train_loss,0.008604124520273733,COSETTE_128d_256x4_f958,anobrogk
cosette,COSETTE_128d_256x4_f958,,343,lr,0.000756,COSETTE_128d_256x4_f958,anobrogk
cosette,COSETTE_128d_256x4_f958,,344,train_loss,0.008603729864304091,COSETTE_128d_256x4_f958,anobrogk
cosette,COSETTE_128d_256x4_f958,,344,lr,0.000755,COSETTE_128d_256x4_f958,anobrogk
cosette,COSETTE_128d_256x4_f958,,345,train_loss,0.008587157021908242,COSETTE_128d_256x4_f958,anobrogk
cosette,COSETTE_128d_256x4_f958,,345,lr,0.0007540000000000001,COSETTE_128d_256x4_f958,anobrogk
cosette,COSETTE_128d_256x4_f958,,346,train_loss,0.008579499270210322,COSETTE_128d_256x4_f958,anobrogk
cosette,COSETTE_128d_256x4_f958,,346,lr,0.000753,COSETTE_128d_256x4_f958,anobrogk
cosette,COSETTE_128d_256x4_f958,,347,train_loss,0.008585372896886418,COSETTE_128d_256x4_f958,anobrogk
cosette,COSETTE_128d_256x4_f958,,347,lr,0.0007520000000000001,COSETTE_128d_256x4_f958,anobrogk
cosette,COSETTE_128d_256x4_f958,,348,train_loss,0.008587750028176553,COSETTE_128d_256x4_f958,anobrogk
cosette,COSETTE_128d_256x4_f958,,348,lr,0.000751,COSETTE_128d_256x4_f958,anobrogk
cosette,COSETTE_128d_256x4_f958,,349,train_loss,0.008625660830273713,COSETTE_128d_256x4_f958,anobrogk
cosette,COSETTE_128d_256x4_f958,,349,lr,0.00075,COSETTE_128d_256x4_f958,anobrogk
cosette,COSETTE_128d_256x4_f958,,350,train_loss,0.008602985641223259,COSETTE_128d_256x4_f958,anobrogk
cosette,COSETTE_128d_256x4_f958,,350,lr,0.0007490000000000001,COSETTE_128d_256x4_f958,anobrogk
cosette,COSETTE_128d_256x4_f958,,351,train_loss,0.008595413357105067,COSETTE_128d_256x4_f958,anobrogk
cosette,COSETTE_128d_256x4_f958,,351,lr,0.000748,COSETTE_128d_256x4_f958,anobrogk
cosette,COSETTE_128d_256x4_f958,,352,train_loss,0.008624519681793518,COSETTE_128d_256x4_f958,anobrogk
cosette,COSETTE_128d_256x4_f958,,352,lr,0.000747,COSETTE_128d_256x4_f958,anobrogk
cosette,COSETTE_128d_256x4_f958,,353,train_loss,0.008577607325866987,COSETTE_128d_256x4_f958,anobrogk
cosette,COSETTE_128d_256x4_f958,,353,lr,0.000746,COSETTE_128d_256x4_f958,anobrogk
cosette,COSETTE_128d_256x4_f958,,354,train_loss,0.008617088177252088,COSETTE_128d_256x4_f958,anobrogk
cosette,COSETTE_128d_256x4_f958,,354,lr,0.000745,COSETTE_128d_256x4_f958,anobrogk
cosette,COSETTE_128d_256x4_f958,,355,train_loss,0.008605942033745095,COSETTE_128d_256x4_f958,anobrogk
cosette,COSETTE_128d_256x4_f958,,355,lr,0.0007440000000000001,COSETTE_128d_256x4_f958,anobrogk
cosette,COSETTE_128d_256x4_f958,,356,train_loss,0.008589957605233825,COSETTE_128d_256x4_f958,anobrogk
cosette,COSETTE_128d_256x4_f958,,356,lr,0.000743,COSETTE_128d_256x4_f958,anobrogk
cosette,COSETTE_128d_256x4_f958,,357,train_loss,0.008598005302764219,COSETTE_128d_256x4_f958,anobrogk
cosette,COSETTE_128d_256x4_f958,,357,lr,0.000742,COSETTE_128d_256x4_f958,anobrogk
cosette,COSETTE_128d_256x4_f958,,358,train_loss,0.008624347772492076,COSETTE_128d_256x4_f958,anobrogk
cosette,COSETTE_128d_256x4_f958,,358,lr,0.000741,COSETTE_128d_256x4_f958,anobrogk
cosette,COSETTE_128d_256x4_f958,,359,train_loss,0.008625027563037544,COSETTE_128d_256x4_f958,anobrogk
cosette,COSETTE_128d_256x4_f958,,359,lr,0.00074,COSETTE_128d_256x4_f958,anobrogk
cosette,COSETTE_128d_256x4_f958,,360,train_loss,0.00863256528117191,COSETTE_128d_256x4_f958,anobrogk
cosette,COSETTE_128d_256x4_f958,,360,lr,0.0007390000000000001,COSETTE_128d_256x4_f958,anobrogk
cosette,COSETTE_128d_256x4_f958,,361,train_loss,0.008656613186173058,COSETTE_128d_256x4_f958,anobrogk
cosette,COSETTE_128d_256x4_f958,,361,lr,0.000738,COSETTE_128d_256x4_f958,anobrogk
cosette,COSETTE_128d_256x4_f958,,362,train_loss,0.00858465520044168,COSETTE_128d_256x4_f958,anobrogk
cosette,COSETTE_128d_256x4_f958,,362,lr,0.000737,COSETTE_128d_256x4_f958,anobrogk
cosette,COSETTE_128d_256x4_f958,,363,train_loss,0.008639588384707086,COSETTE_128d_256x4_f958,anobrogk
cosette,COSETTE_128d_256x4_f958,,363,lr,0.0007360000000000001,COSETTE_128d_256x4_f958,anobrogk
cosette,COSETTE_128d_256x4_f958,,364,train_loss,0.008628650450672225,COSETTE_128d_256x4_f958,anobrogk
cosette,COSETTE_128d_256x4_f958,,364,lr,0.000735,COSETTE_128d_256x4_f958,anobrogk
cosette,COSETTE_128d_256x4_f958,,365,train_loss,0.008651075039016106,COSETTE_128d_256x4_f958,anobrogk
cosette,COSETTE_128d_256x4_f958,,365,lr,0.0007340000000000001,COSETTE_128d_256x4_f958,anobrogk
cosette,COSETTE_128d_256x4_f958,,366,train_loss,0.008639755177086799,COSETTE_128d_256x4_f958,anobrogk
cosette,COSETTE_128d_256x4_f958,,366,lr,0.000733,COSETTE_128d_256x4_f958,anobrogk
cosette,COSETTE_128d_256x4_f958,,367,train_loss,0.008638385041006683,COSETTE_128d_256x4_f958,anobrogk
cosette,COSETTE_128d_256x4_f958,,367,lr,0.000732,COSETTE_128d_256x4_f958,anobrogk
cosette,COSETTE_128d_256x4_f958,,368,train_loss,0.008614278055898756,COSETTE_128d_256x4_f958,anobrogk
cosette,COSETTE_128d_256x4_f958,,368,lr,0.0007310000000000001,COSETTE_128d_256x4_f958,anobrogk
cosette,COSETTE_128d_256x4_f958,,369,train_loss,0.008649987372002382,COSETTE_128d_256x4_f958,anobrogk
cosette,COSETTE_128d_256x4_f958,,369,lr,0.00073,COSETTE_128d_256x4_f958,anobrogk
cosette,COSETTE_128d_256x4_f958,,370,train_loss,0.008653222411956596,COSETTE_128d_256x4_f958,anobrogk
cosette,COSETTE_128d_256x4_f958,,370,lr,0.000729,COSETTE_128d_256x4_f958,anobrogk
cosette,COSETTE_128d_256x4_f958,,371,train_loss,0.00863794919274662,COSETTE_128d_256x4_f958,anobrogk
cosette,COSETTE_128d_256x4_f958,,371,lr,0.000728,COSETTE_128d_256x4_f958,anobrogk
cosette,COSETTE_128d_256x4_f958,,372,train_loss,0.00864544162933511,COSETTE_128d_256x4_f958,anobrogk
cosette,COSETTE_128d_256x4_f958,,372,lr,0.000727,COSETTE_128d_256x4_f958,anobrogk
cosette,COSETTE_128d_256x4_f958,,373,train_loss,0.008676747812878813,COSETTE_128d_256x4_f958,anobrogk
cosette,COSETTE_128d_256x4_f958,,373,lr,0.0007260000000000001,COSETTE_128d_256x4_f958,anobrogk
cosette,COSETTE_128d_256x4_f958,,374,train_loss,0.008644658408459575,COSETTE_128d_256x4_f958,anobrogk
cosette,COSETTE_128d_256x4_f958,,374,lr,0.0007250000000000001,COSETTE_128d_256x4_f958,anobrogk
cosette,COSETTE_128d_256x4_f958,,375,train_loss,0.008644955532475448,COSETTE_128d_256x4_f958,anobrogk
cosette,COSETTE_128d_256x4_f958,,375,lr,0.000724,COSETTE_128d_256x4_f958,anobrogk
cosette,COSETTE_128d_256x4_f958,,376,train_loss,0.008663453975285604,COSETTE_128d_256x4_f958,anobrogk
cosette,COSETTE_128d_256x4_f958,,376,lr,0.000723,COSETTE_128d_256x4_f958,anobrogk
cosette,COSETTE_128d_256x4_f958,,377,train_loss,0.008657505328970394,COSETTE_128d_256x4_f958,anobrogk
cosette,COSETTE_128d_256x4_f958,,377,lr,0.000722,COSETTE_128d_256x4_f958,anobrogk
cosette,COSETTE_128d_256x4_f958,,378,train_loss,0.008652043657313138,COSETTE_128d_256x4_f958,anobrogk
cosette,COSETTE_128d_256x4_f958,,378,lr,0.0007210000000000001,COSETTE_128d_256x4_f958,anobrogk
cosette,COSETTE_128d_256x4_f958,,379,train_loss,0.008669582045712007,COSETTE_128d_256x4_f958,anobrogk
cosette,COSETTE_128d_256x4_f958,,379,lr,0.00072,COSETTE_128d_256x4_f958,anobrogk
cosette,COSETTE_128d_256x4_f958,,380,train_loss,0.008669358067985236,COSETTE_128d_256x4_f958,anobrogk
cosette,COSETTE_128d_256x4_f958,,380,lr,0.000719,COSETTE_128d_256x4_f958,anobrogk
cosette,COSETTE_128d_256x4_f958,,381,train_loss,0.008682572775274169,COSETTE_128d_256x4_f958,anobrogk
cosette,COSETTE_128d_256x4_f958,,381,lr,0.0007180000000000001,COSETTE_128d_256x4_f958,anobrogk
cosette,COSETTE_128d_256x4_f958,,382,train_loss,0.008616971547833124,COSETTE_128d_256x4_f958,anobrogk
cosette,COSETTE_128d_256x4_f958,,382,lr,0.000717,COSETTE_128d_256x4_f958,anobrogk
cosette,COSETTE_128d_256x4_f958,,383,train_loss,0.008656608893525325,COSETTE_128d_256x4_f958,anobrogk
cosette,COSETTE_128d_256x4_f958,,383,lr,0.0007160000000000001,COSETTE_128d_256x4_f958,anobrogk
cosette,COSETTE_128d_256x4_f958,,384,train_loss,0.00866385106125782,COSETTE_128d_256x4_f958,anobrogk
cosette,COSETTE_128d_256x4_f958,,384,lr,0.000715,COSETTE_128d_256x4_f958,anobrogk
cosette,COSETTE_128d_256x4_f958,,385,train_loss,0.0086771208557418,COSETTE_128d_256x4_f958,anobrogk
cosette,COSETTE_128d_256x4_f958,,385,lr,0.000714,COSETTE_128d_256x4_f958,anobrogk
cosette,COSETTE_128d_256x4_f958,,386,train_loss,0.008668307247089925,COSETTE_128d_256x4_f958,anobrogk
cosette,COSETTE_128d_256x4_f958,,386,lr,0.0007130000000000001,COSETTE_128d_256x4_f958,anobrogk
cosette,COSETTE_128d_256x4_f958,,387,train_loss,0.008652904841663506,COSETTE_128d_256x4_f958,anobrogk
cosette,COSETTE_128d_256x4_f958,,387,lr,0.000712,COSETTE_128d_256x4_f958,anobrogk
cosette,COSETTE_128d_256x4_f958,,388,train_loss,0.008678644842029308,COSETTE_128d_256x4_f958,anobrogk
cosette,COSETTE_128d_256x4_f958,,388,lr,0.000711,COSETTE_128d_256x4_f958,anobrogk
cosette,COSETTE_128d_256x4_f958,,389,train_loss,0.0086793740247858,COSETTE_128d_256x4_f958,anobrogk
cosette,COSETTE_128d_256x4_f958,,389,lr,0.00071,COSETTE_128d_256x4_f958,anobrogk
cosette,COSETTE_128d_256x4_f958,,390,train_loss,0.008656208778078526,COSETTE_128d_256x4_f958,anobrogk
cosette,COSETTE_128d_256x4_f958,,390,lr,0.000709,COSETTE_128d_256x4_f958,anobrogk
cosette,COSETTE_128d_256x4_f958,,391,train_loss,0.008688801300080342,COSETTE_128d_256x4_f958,anobrogk
cosette,COSETTE_128d_256x4_f958,,391,lr,0.0007080000000000001,COSETTE_128d_256x4_f958,anobrogk
cosette,COSETTE_128d_256x4_f958,,392,train_loss,0.008677431328714576,COSETTE_128d_256x4_f958,anobrogk
cosette,COSETTE_128d_256x4_f958,,392,lr,0.0007070000000000001,COSETTE_128d_256x4_f958,anobrogk
cosette,COSETTE_128d_256x4_f958,,393,train_loss,0.008672626260882138,COSETTE_128d_256x4_f958,anobrogk
cosette,COSETTE_128d_256x4_f958,,393,lr,0.000706,COSETTE_128d_256x4_f958,anobrogk
cosette,COSETTE_128d_256x4_f958,,394,train_loss,0.008673979022979053,COSETTE_128d_256x4_f958,anobrogk
cosette,COSETTE_128d_256x4_f958,,394,lr,0.0007050000000000001,COSETTE_128d_256x4_f958,anobrogk
cosette,COSETTE_128d_256x4_f958,,395,train_loss,0.00867969700103176,COSETTE_128d_256x4_f958,anobrogk
cosette,COSETTE_128d_256x4_f958,,395,lr,0.000704,COSETTE_128d_256x4_f958,anobrogk
cosette,COSETTE_128d_256x4_f958,,396,train_loss,0.008689659315792991,COSETTE_128d_256x4_f958,anobrogk
cosette,COSETTE_128d_256x4_f958,,396,lr,0.0007030000000000001,COSETTE_128d_256x4_f958,anobrogk
cosette,COSETTE_128d_256x4_f958,,397,train_loss,0.008700139467315429,COSETTE_128d_256x4_f958,anobrogk
cosette,COSETTE_128d_256x4_f958,,397,lr,0.000702,COSETTE_128d_256x4_f958,anobrogk
cosette,COSETTE_128d_256x4_f958,,398,train_loss,0.008680125677037513,COSETTE_128d_256x4_f958,anobrogk
cosette,COSETTE_128d_256x4_f958,,398,lr,0.000701,COSETTE_128d_256x4_f958,anobrogk
cosette,COSETTE_128d_256x4_f958,,399,train_loss,0.008681751338058505,COSETTE_128d_256x4_f958,anobrogk
cosette,COSETTE_128d_256x4_f958,,399,lr,0.0007000000000000001,COSETTE_128d_256x4_f958,anobrogk
cosette,COSETTE_128d_256x4_f958,,399,collision_rate,0.009172795636724239,COSETTE_128d_256x4_f958,anobrogk
cosette,COSETTE_128d_256x4_f958,,399,mean_collisions,1.0092577147623019,COSETTE_128d_256x4_f958,anobrogk
cosette,COSETTE_128d_256x4_f958,,399,max_collisions,6.0,COSETTE_128d_256x4_f958,anobrogk
cosette,COSETTE_128d_256x4_f958,,400,train_loss,0.008682618281622045,COSETTE_128d_256x4_f958,anobrogk
cosette,COSETTE_128d_256x4_f958,,400,lr,0.000699,COSETTE_128d_256x4_f958,anobrogk
cosette,COSETTE_128d_256x4_f958,,401,train_loss,0.008666875311869314,COSETTE_128d_256x4_f958,anobrogk
cosette,COSETTE_128d_256x4_f958,,401,lr,0.000698,COSETTE_128d_256x4_f958,anobrogk
cosette,COSETTE_128d_256x4_f958,,402,train_loss,0.008679122471346936,COSETTE_128d_256x4_f958,anobrogk
cosette,COSETTE_128d_256x4_f958,,402,lr,0.000697,COSETTE_128d_256x4_f958,anobrogk
cosette,COSETTE_128d_256x4_f958,,403,train_loss,0.008685280515373435,COSETTE_128d_256x4_f958,anobrogk
cosette,COSETTE_128d_256x4_f958,,403,lr,0.000696,COSETTE_128d_256x4_f958,anobrogk
cosette,COSETTE_128d_256x4_f958,,404,train_loss,0.008688364284990849,COSETTE_128d_256x4_f958,anobrogk
cosette,COSETTE_128d_256x4_f958,,404,lr,0.0006950000000000001,COSETTE_128d_256x4_f958,anobrogk
cosette,COSETTE_128d_256x4_f958,,405,train_loss,0.008711373679682438,COSETTE_128d_256x4_f958,anobrogk
cosette,COSETTE_128d_256x4_f958,,405,lr,0.000694,COSETTE_128d_256x4_f958,anobrogk
cosette,COSETTE_128d_256x4_f958,,406,train_loss,0.008675360292110633,COSETTE_128d_256x4_f958,anobrogk
cosette,COSETTE_128d_256x4_f958,,406,lr,0.000693,COSETTE_128d_256x4_f958,anobrogk
cosette,COSETTE_128d_256x4_f958,,407,train_loss,0.008706212760987635,COSETTE_128d_256x4_f958,anobrogk
cosette,COSETTE_128d_256x4_f958,,407,lr,0.000692,COSETTE_128d_256x4_f958,anobrogk
cosette,COSETTE_128d_256x4_f958,,408,train_loss,0.00867375569824857,COSETTE_128d_256x4_f958,anobrogk
cosette,COSETTE_128d_256x4_f958,,408,lr,0.000691,COSETTE_128d_256x4_f958,anobrogk
cosette,COSETTE_128d_256x4_f958,,409,train_loss,0.00869773512427834,COSETTE_128d_256x4_f958,anobrogk
cosette,COSETTE_128d_256x4_f958,,409,lr,0.0006900000000000001,COSETTE_128d_256x4_f958,anobrogk
cosette,COSETTE_128d_256x4_f958,,410,train_loss,0.008683794948818352,COSETTE_128d_256x4_f958,anobrogk
cosette,COSETTE_128d_256x4_f958,,410,lr,0.000689,COSETTE_128d_256x4_f958,anobrogk
cosette,COSETTE_128d_256x4_f958,,411,train_loss,0.008686150606164986,COSETTE_128d_256x4_f958,anobrogk
cosette,COSETTE_128d_256x4_f958,,411,lr,0.000688,COSETTE_128d_256x4_f958,anobrogk
cosette,COSETTE_128d_256x4_f958,,412,train_loss,0.008675768596773173,COSETTE_128d_256x4_f958,anobrogk
cosette,COSETTE_128d_256x4_f958,,412,lr,0.0006870000000000001,COSETTE_128d_256x4_f958,anobrogk
cosette,COSETTE_128d_256x4_f958,,413,train_loss,0.008730240401694142,COSETTE_128d_256x4_f958,anobrogk
cosette,COSETTE_128d_256x4_f958,,413,lr,0.000686,COSETTE_128d_256x4_f958,anobrogk
cosette,COSETTE_128d_256x4_f958,,414,train_loss,0.008695117540486238,COSETTE_128d_256x4_f958,anobrogk
cosette,COSETTE_128d_256x4_f958,,414,lr,0.0006850000000000001,COSETTE_128d_256x4_f958,anobrogk
cosette,COSETTE_128d_256x4_f958,,415,train_loss,0.00866808392235945,COSETTE_128d_256x4_f958,anobrogk
cosette,COSETTE_128d_256x4_f958,,415,lr,0.000684,COSETTE_128d_256x4_f958,anobrogk
cosette,COSETTE_128d_256x4_f958,,416,train_loss,0.008664255062567777,COSETTE_128d_256x4_f958,anobrogk
cosette,COSETTE_128d_256x4_f958,,416,lr,0.000683,COSETTE_128d_256x4_f958,anobrogk
cosette,COSETTE_128d_256x4_f958,,417,train_loss,0.008709243380989152,COSETTE_128d_256x4_f958,anobrogk
cosette,COSETTE_128d_256x4_f958,,417,lr,0.0006820000000000001,COSETTE_128d_256x4_f958,anobrogk
cosette,COSETTE_128d_256x4_f958,,418,train_loss,0.008746077980974622,COSETTE_128d_256x4_f958,anobrogk
cosette,COSETTE_128d_256x4_f958,,418,lr,0.000681,COSETTE_128d_256x4_f958,anobrogk
cosette,COSETTE_128d_256x4_f958,,419,train_loss,0.008720847414057145,COSETTE_128d_256x4_f958,anobrogk
cosette,COSETTE_128d_256x4_f958,,419,lr,0.00068,COSETTE_128d_256x4_f958,anobrogk
cosette,COSETTE_128d_256x4_f958,,420,train_loss,0.008697151848725205,COSETTE_128d_256x4_f958,anobrogk
cosette,COSETTE_128d_256x4_f958,,420,lr,0.000679,COSETTE_128d_256x4_f958,anobrogk
cosette,COSETTE_128d_256x4_f958,,421,train_loss,0.008726909917233317,COSETTE_128d_256x4_f958,anobrogk
cosette,COSETTE_128d_256x4_f958,,421,lr,0.000678,COSETTE_128d_256x4_f958,anobrogk
cosette,COSETTE_128d_256x4_f958,,422,train_loss,0.008758816086612213,COSETTE_128d_256x4_f958,anobrogk
cosette,COSETTE_128d_256x4_f958,,422,lr,0.0006770000000000001,COSETTE_128d_256x4_f958,anobrogk
cosette,COSETTE_128d_256x4_f958,,423,train_loss,0.008707238371944287,COSETTE_128d_256x4_f958,anobrogk
cosette,COSETTE_128d_256x4_f958,,423,lr,0.0006760000000000001,COSETTE_128d_256x4_f958,anobrogk
cosette,COSETTE_128d_256x4_f958,,424,train_loss,0.008712844163093758,COSETTE_128d_256x4_f958,anobrogk
cosette,COSETTE_128d_256x4_f958,,424,lr,0.000675,COSETTE_128d_256x4_f958,anobrogk
cosette,COSETTE_128d_256x4_f958,,425,train_loss,0.008747787932041052,COSETTE_128d_256x4_f958,anobrogk
cosette,COSETTE_128d_256x4_f958,,425,lr,0.000674,COSETTE_128d_256x4_f958,anobrogk
cosette,COSETTE_128d_256x4_f958,,426,train_loss,0.00873358873115189,COSETTE_128d_256x4_f958,anobrogk
cosette,COSETTE_128d_256x4_f958,,426,lr,0.000673,COSETTE_128d_256x4_f958,anobrogk
cosette,COSETTE_128d_256x4_f958,,427,train_loss,0.00874979249148191,COSETTE_128d_256x4_f958,anobrogk
cosette,COSETTE_128d_256x4_f958,,427,lr,0.0006720000000000001,COSETTE_128d_256x4_f958,anobrogk
cosette,COSETTE_128d_256x4_f958,,428,train_loss,0.008735743383395259,COSETTE_128d_256x4_f958,anobrogk
cosette,COSETTE_128d_256x4_f958,,428,lr,0.000671,COSETTE_128d_256x4_f958,anobrogk
cosette,COSETTE_128d_256x4_f958,,429,train_loss,0.008719625829280105,COSETTE_128d_256x4_f958,anobrogk
cosette,COSETTE_128d_256x4_f958,,429,lr,0.00067,COSETTE_128d_256x4_f958,anobrogk
cosette,COSETTE_128d_256x4_f958,,430,train_loss,0.00875123661953485,COSETTE_128d_256x4_f958,anobrogk
cosette,COSETTE_128d_256x4_f958,,430,lr,0.0006690000000000001,COSETTE_128d_256x4_f958,anobrogk
cosette,COSETTE_128d_256x4_f958,,431,train_loss,0.008730066222962974,COSETTE_128d_256x4_f958,anobrogk
cosette,COSETTE_128d_256x4_f958,,431,lr,0.000668,COSETTE_128d_256x4_f958,anobrogk
cosette,COSETTE_128d_256x4_f958,,432,train_loss,0.008730455483684594,COSETTE_128d_256x4_f958,anobrogk
cosette,COSETTE_128d_256x4_f958,,432,lr,0.0006670000000000001,COSETTE_128d_256x4_f958,anobrogk
cosette,COSETTE_128d_256x4_f958,,433,train_loss,0.008743256127097827,COSETTE_128d_256x4_f958,anobrogk
cosette,COSETTE_128d_256x4_f958,,433,lr,0.000666,COSETTE_128d_256x4_f958,anobrogk
cosette,COSETTE_128d_256x4_f958,,434,train_loss,0.008737964266589997,COSETTE_128d_256x4_f958,anobrogk
cosette,COSETTE_128d_256x4_f958,,434,lr,0.000665,COSETTE_128d_256x4_f958,anobrogk
cosette,COSETTE_128d_256x4_f958,,435,train_loss,0.008733636656797482,COSETTE_128d_256x4_f958,anobrogk
cosette,COSETTE_128d_256x4_f958,,435,lr,0.0006640000000000001,COSETTE_128d_256x4_f958,anobrogk
cosette,COSETTE_128d_256x4_f958,,436,train_loss,0.008717234010925922,COSETTE_128d_256x4_f958,anobrogk
cosette,COSETTE_128d_256x4_f958,,436,lr,0.000663,COSETTE_128d_256x4_f958,anobrogk
cosette,COSETTE_128d_256x4_f958,,437,train_loss,0.008741497865010956,COSETTE_128d_256x4_f958,anobrogk
cosette,COSETTE_128d_256x4_f958,,437,lr,0.000662,COSETTE_128d_256x4_f958,anobrogk
cosette,COSETTE_128d_256x4_f958,,438,train_loss,0.00870662262855933,COSETTE_128d_256x4_f958,anobrogk
cosette,COSETTE_128d_256x4_f958,,438,lr,0.000661,COSETTE_128d_256x4_f958,anobrogk
cosette,COSETTE_128d_256x4_f958,,439,train_loss,0.00869472032605574,COSETTE_128d_256x4_f958,anobrogk
cosette,COSETTE_128d_256x4_f958,,439,lr,0.00066,COSETTE_128d_256x4_f958,anobrogk
cosette,COSETTE_128d_256x4_f958,,440,train_loss,0.008713198386817831,COSETTE_128d_256x4_f958,anobrogk
cosette,COSETTE_128d_256x4_f958,,440,lr,0.0006590000000000001,COSETTE_128d_256x4_f958,anobrogk
cosette,COSETTE_128d_256x4_f958,,441,train_loss,0.008737089347907864,COSETTE_128d_256x4_f958,anobrogk
cosette,COSETTE_128d_256x4_f958,,441,lr,0.0006580000000000001,COSETTE_128d_256x4_f958,anobrogk
cosette,COSETTE_128d_256x4_f958,,442,train_loss,0.008770472905330963,COSETTE_128d_256x4_f958,anobrogk
cosette,COSETTE_128d_256x4_f958,,442,lr,0.000657,COSETTE_128d_256x4_f958,anobrogk
cosette,COSETTE_128d_256x4_f958,,443,train_loss,0.008745174608782108,COSETTE_128d_256x4_f958,anobrogk
cosette,COSETTE_128d_256x4_f958,,443,lr,0.0006560000000000001,COSETTE_128d_256x4_f958,anobrogk
cosette,COSETTE_128d_256x4_f958,,444,train_loss,0.008736473079984902,COSETTE_128d_256x4_f958,anobrogk
cosette,COSETTE_128d_256x4_f958,,444,lr,0.000655,COSETTE_128d_256x4_f958,anobrogk
cosette,COSETTE_128d_256x4_f958,,445,train_loss,0.008731310908821809,COSETTE_128d_256x4_f958,anobrogk
cosette,COSETTE_128d_256x4_f958,,445,lr,0.0006540000000000001,COSETTE_128d_256x4_f958,anobrogk
cosette,COSETTE_128d_256x4_f958,,446,train_loss,0.008739884578804858,COSETTE_128d_256x4_f958,anobrogk
cosette,COSETTE_128d_256x4_f958,,446,lr,0.000653,COSETTE_128d_256x4_f958,anobrogk
cosette,COSETTE_128d_256x4_f958,,447,train_loss,0.008757333314024852,COSETTE_128d_256x4_f958,anobrogk
cosette,COSETTE_128d_256x4_f958,,447,lr,0.000652,COSETTE_128d_256x4_f958,anobrogk
cosette,COSETTE_128d_256x4_f958,,448,train_loss,0.008784488368051489,COSETTE_128d_256x4_f958,anobrogk
cosette,COSETTE_128d_256x4_f958,,448,lr,0.0006510000000000001,COSETTE_128d_256x4_f958,anobrogk
cosette,COSETTE_128d_256x4_f958,,449,train_loss,0.008741607322175611,COSETTE_128d_256x4_f958,anobrogk
cosette,COSETTE_128d_256x4_f958,,449,lr,0.00065,COSETTE_128d_256x4_f958,anobrogk
cosette,COSETTE_128d_256x4_f958,,450,train_loss,0.008764889144777566,COSETTE_128d_256x4_f958,anobrogk
cosette,COSETTE_128d_256x4_f958,,450,lr,0.0006490000000000001,COSETTE_128d_256x4_f958,anobrogk
cosette,COSETTE_128d_256x4_f958,,451,train_loss,0.008743773107470456,COSETTE_128d_256x4_f958,anobrogk
cosette,COSETTE_128d_256x4_f958,,451,lr,0.000648,COSETTE_128d_256x4_f958,anobrogk
cosette,COSETTE_128d_256x4_f958,,452,train_loss,0.008787198088549336,COSETTE_128d_256x4_f958,anobrogk
cosette,COSETTE_128d_256x4_f958,,452,lr,0.000647,COSETTE_128d_256x4_f958,anobrogk
cosette,COSETTE_128d_256x4_f958,,453,train_loss,0.008744923644110386,COSETTE_128d_256x4_f958,anobrogk
cosette,COSETTE_128d_256x4_f958,,453,lr,0.0006460000000000001,COSETTE_128d_256x4_f958,anobrogk
cosette,COSETTE_128d_256x4_f958,,454,train_loss,0.008764777814262902,COSETTE_128d_256x4_f958,anobrogk
cosette,COSETTE_128d_256x4_f958,,454,lr,0.000645,COSETTE_128d_256x4_f958,anobrogk
cosette,COSETTE_128d_256x4_f958,,455,train_loss,0.008768696252299453,COSETTE_128d_256x4_f958,anobrogk
cosette,COSETTE_128d_256x4_f958,,455,lr,0.000644,COSETTE_128d_256x4_f958,anobrogk
cosette,COSETTE_128d_256x4_f958,,456,train_loss,0.008783894505394603,COSETTE_128d_256x4_f958,anobrogk
cosette,COSETTE_128d_256x4_f958,,456,lr,0.000643,COSETTE_128d_256x4_f958,anobrogk
cosette,COSETTE_128d_256x4_f958,,457,train_loss,0.008765077089955069,COSETTE_128d_256x4_f958,anobrogk
cosette,COSETTE_128d_256x4_f958,,457,lr,0.000642,COSETTE_128d_256x4_f958,anobrogk
cosette,COSETTE_128d_256x4_f958,,458,train_loss,0.008764014483012004,COSETTE_128d_256x4_f958,anobrogk
cosette,COSETTE_128d_256x4_f958,,458,lr,0.0006410000000000001,COSETTE_128d_256x4_f958,anobrogk
cosette,COSETTE_128d_256x4_f958,,459,train_loss,0.00879308922837178,COSETTE_128d_256x4_f958,anobrogk
cosette,COSETTE_128d_256x4_f958,,459,lr,0.00064,COSETTE_128d_256x4_f958,anobrogk
cosette,COSETTE_128d_256x4_f958,,460,train_loss,0.008790213068754512,COSETTE_128d_256x4_f958,anobrogk
cosette,COSETTE_128d_256x4_f958,,460,lr,0.000639,COSETTE_128d_256x4_f958,anobrogk
cosette,COSETTE_128d_256x4_f958,,461,train_loss,0.008780188141283628,COSETTE_128d_256x4_f958,anobrogk
cosette,COSETTE_128d_256x4_f958,,461,lr,0.0006380000000000001,COSETTE_128d_256x4_f958,anobrogk
cosette,COSETTE_128d_256x4_f958,,462,train_loss,0.008814486696374146,COSETTE_128d_256x4_f958,anobrogk
cosette,COSETTE_128d_256x4_f958,,462,lr,0.000637,COSETTE_128d_256x4_f958,anobrogk
cosette,COSETTE_128d_256x4_f958,,463,train_loss,0.008776896890124368,COSETTE_128d_256x4_f958,anobrogk
cosette,COSETTE_128d_256x4_f958,,463,lr,0.0006360000000000001,COSETTE_128d_256x4_f958,anobrogk
cosette,COSETTE_128d_256x4_f958,,464,train_loss,0.008774832190795877,COSETTE_128d_256x4_f958,anobrogk
cosette,COSETTE_128d_256x4_f958,,464,lr,0.000635,COSETTE_128d_256x4_f958,anobrogk
cosette,COSETTE_128d_256x4_f958,,465,train_loss,0.008772277444515418,COSETTE_128d_256x4_f958,anobrogk
cosette,COSETTE_128d_256x4_f958,,465,lr,0.000634,COSETTE_128d_256x4_f958,anobrogk
cosette,COSETTE_128d_256x4_f958,,466,train_loss,0.008806838996537116,COSETTE_128d_256x4_f958,anobrogk
cosette,COSETTE_128d_256x4_f958,,466,lr,0.0006330000000000001,COSETTE_128d_256x4_f958,anobrogk
cosette,COSETTE_128d_256x4_f958,,467,train_loss,0.00877110975869428,COSETTE_128d_256x4_f958,anobrogk
cosette,COSETTE_128d_256x4_f958,,467,lr,0.000632,COSETTE_128d_256x4_f958,anobrogk
cosette,COSETTE_128d_256x4_f958,,468,train_loss,0.008744724919141711,COSETTE_128d_256x4_f958,anobrogk
cosette,COSETTE_128d_256x4_f958,,468,lr,0.000631,COSETTE_128d_256x4_f958,anobrogk
cosette,COSETTE_128d_256x4_f958,,469,train_loss,0.008764115590388059,COSETTE_128d_256x4_f958,anobrogk
cosette,COSETTE_128d_256x4_f958,,469,lr,0.00063,COSETTE_128d_256x4_f958,anobrogk
cosette,COSETTE_128d_256x4_f958,,470,train_loss,0.008775235667567828,COSETTE_128d_256x4_f958,anobrogk
cosette,COSETTE_128d_256x4_f958,,470,lr,0.000629,COSETTE_128d_256x4_f958,anobrogk
cosette,COSETTE_128d_256x4_f958,,471,train_loss,0.008732684459751363,COSETTE_128d_256x4_f958,anobrogk
cosette,COSETTE_128d_256x4_f958,,471,lr,0.0006280000000000001,COSETTE_128d_256x4_f958,anobrogk
cosette,COSETTE_128d_256x4_f958,,472,train_loss,0.008783616564482791,COSETTE_128d_256x4_f958,anobrogk
cosette,COSETTE_128d_256x4_f958,,472,lr,0.0006270000000000001,COSETTE_128d_256x4_f958,anobrogk
cosette,COSETTE_128d_256x4_f958,,473,train_loss,0.008797887423685914,COSETTE_128d_256x4_f958,anobrogk
cosette,COSETTE_128d_256x4_f958,,473,lr,0.000626,COSETTE_128d_256x4_f958,anobrogk
cosette,COSETTE_128d_256x4_f958,,474,train_loss,0.008757365342957533,COSETTE_128d_256x4_f958,anobrogk
cosette,COSETTE_128d_256x4_f958,,474,lr,0.000625,COSETTE_128d_256x4_f958,anobrogk
cosette,COSETTE_128d_256x4_f958,,475,train_loss,0.008805484179107623,COSETTE_128d_256x4_f958,anobrogk
cosette,COSETTE_128d_256x4_f958,,475,lr,0.000624,COSETTE_128d_256x4_f958,anobrogk
cosette,COSETTE_128d_256x4_f958,,476,train_loss,0.008812361321915157,COSETTE_128d_256x4_f958,anobrogk
cosette,COSETTE_128d_256x4_f958,,476,lr,0.0006230000000000001,COSETTE_128d_256x4_f958,anobrogk
cosette,COSETTE_128d_256x4_f958,,477,train_loss,0.008800088117520016,COSETTE_128d_256x4_f958,anobrogk
cosette,COSETTE_128d_256x4_f958,,477,lr,0.000622,COSETTE_128d_256x4_f958,anobrogk
cosette,COSETTE_128d_256x4_f958,,478,train_loss,0.008793920578285201,COSETTE_128d_256x4_f958,anobrogk
cosette,COSETTE_128d_256x4_f958,,478,lr,0.000621,COSETTE_128d_256x4_f958,anobrogk
cosette,COSETTE_128d_256x4_f958,,479,train_loss,0.008774388859840644,COSETTE_128d_256x4_f958,anobrogk
cosette,COSETTE_128d_256x4_f958,,479,lr,0.0006200000000000001,COSETTE_128d_256x4_f958,anobrogk
cosette,COSETTE_128d_256x4_f958,,480,train_loss,0.008790621309187903,COSETTE_128d_256x4_f958,anobrogk
cosette,COSETTE_128d_256x4_f958,,480,lr,0.000619,COSETTE_128d_256x4_f958,anobrogk
cosette,COSETTE_128d_256x4_f958,,481,train_loss,0.008789868201075612,COSETTE_128d_256x4_f958,anobrogk
cosette,COSETTE_128d_256x4_f958,,481,lr,0.0006180000000000001,COSETTE_128d_256x4_f958,anobrogk
cosette,COSETTE_128d_256x4_f958,,482,train_loss,0.008774451376206574,COSETTE_128d_256x4_f958,anobrogk
cosette,COSETTE_128d_256x4_f958,,482,lr,0.000617,COSETTE_128d_256x4_f958,anobrogk
cosette,COSETTE_128d_256x4_f958,,483,train_loss,0.008819766546032207,COSETTE_128d_256x4_f958,anobrogk
cosette,COSETTE_128d_256x4_f958,,483,lr,0.000616,COSETTE_128d_256x4_f958,anobrogk
cosette,COSETTE_128d_256x4_f958,,484,train_loss,0.008751126530783618,COSETTE_128d_256x4_f958,anobrogk
cosette,COSETTE_128d_256x4_f958,,484,lr,0.0006150000000000001,COSETTE_128d_256x4_f958,anobrogk
cosette,COSETTE_128d_256x4_f958,,485,train_loss,0.00875790091766708,COSETTE_128d_256x4_f958,anobrogk
cosette,COSETTE_128d_256x4_f958,,485,lr,0.000614,COSETTE_128d_256x4_f958,anobrogk
cosette,COSETTE_128d_256x4_f958,,486,train_loss,0.008783770040020176,COSETTE_128d_256x4_f958,anobrogk
cosette,COSETTE_128d_256x4_f958,,486,lr,0.000613,COSETTE_128d_256x4_f958,anobrogk
cosette,COSETTE_128d_256x4_f958,,487,train_loss,0.008792802766393661,COSETTE_128d_256x4_f958,anobrogk
cosette,COSETTE_128d_256x4_f958,,487,lr,0.000612,COSETTE_128d_256x4_f958,anobrogk
cosette,COSETTE_128d_256x4_f958,,488,train_loss,0.008767807749153556,COSETTE_128d_256x4_f958,anobrogk
cosette,COSETTE_128d_256x4_f958,,488,lr,0.000611,COSETTE_128d_256x4_f958,anobrogk
cosette,COSETTE_128d_256x4_f958,,489,train_loss,0.008766203347978922,COSETTE_128d_256x4_f958,anobrogk
cosette,COSETTE_128d_256x4_f958,,489,lr,0.0006100000000000001,COSETTE_128d_256x4_f958,anobrogk
cosette,COSETTE_128d_256x4_f958,,490,train_loss,0.008790298429285652,COSETTE_128d_256x4_f958,anobrogk
cosette,COSETTE_128d_256x4_f958,,490,lr,0.0006090000000000001,COSETTE_128d_256x4_f958,anobrogk
cosette,COSETTE_128d_256x4_f958,,491,train_loss,0.008844607948571781,COSETTE_128d_256x4_f958,anobrogk
cosette,COSETTE_128d_256x4_f958,,491,lr,0.000608,COSETTE_128d_256x4_f958,anobrogk
cosette,COSETTE_128d_256x4_f958,,492,train_loss,0.00880364767521962,COSETTE_128d_256x4_f958,anobrogk
cosette,COSETTE_128d_256x4_f958,,492,lr,0.0006070000000000001,COSETTE_128d_256x4_f958,anobrogk
cosette,COSETTE_128d_256x4_f958,,493,train_loss,0.008766953865515776,COSETTE_128d_256x4_f958,anobrogk
cosette,COSETTE_128d_256x4_f958,,493,lr,0.000606,COSETTE_128d_256x4_f958,anobrogk
cosette,COSETTE_128d_256x4_f958,,494,train_loss,0.008808074957937341,COSETTE_128d_256x4_f958,anobrogk
cosette,COSETTE_128d_256x4_f958,,494,lr,0.0006050000000000001,COSETTE_128d_256x4_f958,anobrogk
cosette,COSETTE_128d_256x4_f958,,495,train_loss,0.008800280676490963,COSETTE_128d_256x4_f958,anobrogk
cosette,COSETTE_128d_256x4_f958,,495,lr,0.000604,COSETTE_128d_256x4_f958,anobrogk
cosette,COSETTE_128d_256x4_f958,,496,train_loss,0.008809711398749514,COSETTE_128d_256x4_f958,anobrogk
cosette,COSETTE_128d_256x4_f958,,496,lr,0.000603,COSETTE_128d_256x4_f958,anobrogk
cosette,COSETTE_128d_256x4_f958,,497,train_loss,0.008812120013024618,COSETTE_128d_256x4_f958,anobrogk
cosette,COSETTE_128d_256x4_f958,,497,lr,0.0006020000000000001,COSETTE_128d_256x4_f958,anobrogk
cosette,COSETTE_128d_256x4_f958,,498,train_loss,0.008810530652174318,COSETTE_128d_256x4_f958,anobrogk
cosette,COSETTE_128d_256x4_f958,,498,lr,0.000601,COSETTE_128d_256x4_f958,anobrogk
cosette,COSETTE_128d_256x4_f958,,499,train_loss,0.008809609028200308,COSETTE_128d_256x4_f958,anobrogk
cosette,COSETTE_128d_256x4_f958,,499,lr,0.0006000000000000001,COSETTE_128d_256x4_f958,anobrogk
cosette,COSETTE_128d_256x4_f958,,499,collision_rate,0.008098504255846625,COSETTE_128d_256x4_f958,anobrogk
cosette,COSETTE_128d_256x4_f958,,499,mean_collisions,1.0081646255102892,COSETTE_128d_256x4_f958,anobrogk
cosette,COSETTE_128d_256x4_f958,,499,max_collisions,6.0,COSETTE_128d_256x4_f958,anobrogk
cosette,COSETTE_128d_256x4_f958,,500,train_loss,0.008813607849009418,COSETTE_128d_256x4_f958,anobrogk
cosette,COSETTE_128d_256x4_f958,,500,lr,0.000599,COSETTE_128d_256x4_f958,anobrogk
cosette,COSETTE_128d_256x4_f958,,501,train_loss,0.008809037924069785,COSETTE_128d_256x4_f958,anobrogk
cosette,COSETTE_128d_256x4_f958,,501,lr,0.000598,COSETTE_128d_256x4_f958,anobrogk
cosette,COSETTE_128d_256x4_f958,,502,train_loss,0.008795068042631126,COSETTE_128d_256x4_f958,anobrogk
cosette,COSETTE_128d_256x4_f958,,502,lr,0.0005970000000000001,COSETTE_128d_256x4_f958,anobrogk
cosette,COSETTE_128d_256x4_f958,,503,train_loss,0.008788722524440835,COSETTE_128d_256x4_f958,anobrogk
cosette,COSETTE_128d_256x4_f958,,503,lr,0.000596,COSETTE_128d_256x4_f958,anobrogk
cosette,COSETTE_128d_256x4_f958,,504,train_loss,0.008790356845691284,COSETTE_128d_256x4_f958,anobrogk
cosette,COSETTE_128d_256x4_f958,,504,lr,0.000595,COSETTE_128d_256x4_f958,anobrogk
cosette,COSETTE_128d_256x4_f958,,505,train_loss,0.00879933428147743,COSETTE_128d_256x4_f958,anobrogk
cosette,COSETTE_128d_256x4_f958,,505,lr,0.000594,COSETTE_128d_256x4_f958,anobrogk
cosette,COSETTE_128d_256x4_f958,,506,train_loss,0.00881216609743477,COSETTE_128d_256x4_f958,anobrogk
cosette,COSETTE_128d_256x4_f958,,506,lr,0.000593,COSETTE_128d_256x4_f958,anobrogk
cosette,COSETTE_128d_256x4_f958,,507,train_loss,0.00878930834774998,COSETTE_128d_256x4_f958,anobrogk
cosette,COSETTE_128d_256x4_f958,,507,lr,0.0005920000000000001,COSETTE_128d_256x4_f958,anobrogk
cosette,COSETTE_128d_256x4_f958,,508,train_loss,0.008812946417294016,COSETTE_128d_256x4_f958,anobrogk
cosette,COSETTE_128d_256x4_f958,,508,lr,0.000591,COSETTE_128d_256x4_f958,anobrogk
cosette,COSETTE_128d_256x4_f958,,509,train_loss,0.008796199331937853,COSETTE_128d_256x4_f958,anobrogk
cosette,COSETTE_128d_256x4_f958,,509,lr,0.00059,COSETTE_128d_256x4_f958,anobrogk
cosette,COSETTE_128d_256x4_f958,,510,train_loss,0.008830634909200255,COSETTE_128d_256x4_f958,anobrogk
cosette,COSETTE_128d_256x4_f958,,510,lr,0.0005890000000000001,COSETTE_128d_256x4_f958,anobrogk
cosette,COSETTE_128d_256x4_f958,,511,train_loss,0.00881316315853733,COSETTE_128d_256x4_f958,anobrogk
cosette,COSETTE_128d_256x4_f958,,511,lr,0.000588,COSETTE_128d_256x4_f958,anobrogk
cosette,COSETTE_128d_256x4_f958,,512,train_loss,0.008827915168956094,COSETTE_128d_256x4_f958,anobrogk
cosette,COSETTE_128d_256x4_f958,,512,lr,0.0005870000000000001,COSETTE_128d_256x4_f958,anobrogk
cosette,COSETTE_128d_256x4_f958,,513,train_loss,0.008836250645162046,COSETTE_128d_256x4_f958,anobrogk
cosette,COSETTE_128d_256x4_f958,,513,lr,0.000586,COSETTE_128d_256x4_f958,anobrogk
cosette,COSETTE_128d_256x4_f958,,514,train_loss,0.008830740523321189,COSETTE_128d_256x4_f958,anobrogk
cosette,COSETTE_128d_256x4_f958,,514,lr,0.000585,COSETTE_128d_256x4_f958,anobrogk
cosette,COSETTE_128d_256x4_f958,,515,train_loss,0.008846072480082514,COSETTE_128d_256x4_f958,anobrogk
cosette,COSETTE_128d_256x4_f958,,515,lr,0.0005840000000000001,COSETTE_128d_256x4_f958,anobrogk
cosette,COSETTE_128d_256x4_f958,,516,train_loss,0.00885645013259745,COSETTE_128d_256x4_f958,anobrogk
cosette,COSETTE_128d_256x4_f958,,516,lr,0.000583,COSETTE_128d_256x4_f958,anobrogk
cosette,COSETTE_128d_256x4_f958,,517,train_loss,0.008842382365944743,COSETTE_128d_256x4_f958,anobrogk
cosette,COSETTE_128d_256x4_f958,,517,lr,0.000582,COSETTE_128d_256x4_f958,anobrogk
cosette,COSETTE_128d_256x4_f958,,518,train_loss,0.008813041165984909,COSETTE_128d_256x4_f958,anobrogk
cosette,COSETTE_128d_256x4_f958,,518,lr,0.000581,COSETTE_128d_256x4_f958,anobrogk
cosette,COSETTE_128d_256x4_f958,,519,train_loss,0.00884449068756624,COSETTE_128d_256x4_f958,anobrogk
cosette,COSETTE_128d_256x4_f958,,519,lr,0.00058,COSETTE_128d_256x4_f958,anobrogk
cosette,COSETTE_128d_256x4_f958,,520,train_loss,0.008844897589892492,COSETTE_128d_256x4_f958,anobrogk
cosette,COSETTE_128d_256x4_f958,,520,lr,0.0005790000000000001,COSETTE_128d_256x4_f958,anobrogk
cosette,COSETTE_128d_256x4_f958,,521,train_loss,0.008800904908827664,COSETTE_128d_256x4_f958,anobrogk
cosette,COSETTE_128d_256x4_f958,,521,lr,0.0005780000000000001,COSETTE_128d_256x4_f958,anobrogk
cosette,COSETTE_128d_256x4_f958,,522,train_loss,0.008849216539455553,COSETTE_128d_256x4_f958,anobrogk
cosette,COSETTE_128d_256x4_f958,,522,lr,0.000577,COSETTE_128d_256x4_f958,anobrogk
cosette,COSETTE_128d_256x4_f958,,523,train_loss,0.00884248022974908,COSETTE_128d_256x4_f958,anobrogk
cosette,COSETTE_128d_256x4_f958,,523,lr,0.000576,COSETTE_128d_256x4_f958,anobrogk
cosette,COSETTE_128d_256x4_f958,,524,train_loss,0.008836566920167413,COSETTE_128d_256x4_f958,anobrogk
cosette,COSETTE_128d_256x4_f958,,524,lr,0.000575,COSETTE_128d_256x4_f958,anobrogk
cosette,COSETTE_128d_256x4_f958,,525,train_loss,0.00878844399476188,COSETTE_128d_256x4_f958,anobrogk
cosette,COSETTE_128d_256x4_f958,,525,lr,0.0005740000000000001,COSETTE_128d_256x4_f958,anobrogk
cosette,COSETTE_128d_256x4_f958,,526,train_loss,0.008808899585200453,COSETTE_128d_256x4_f958,anobrogk
cosette,COSETTE_128d_256x4_f958,,526,lr,0.000573,COSETTE_128d_256x4_f958,anobrogk
cosette,COSETTE_128d_256x4_f958,,527,train_loss,0.008801008414091734,COSETTE_128d_256x4_f958,anobrogk
cosette,COSETTE_128d_256x4_f958,,527,lr,0.000572,COSETTE_128d_256x4_f958,anobrogk
cosette,COSETTE_128d_256x4_f958,,528,train_loss,0.008848051090949572,COSETTE_128d_256x4_f958,anobrogk
cosette,COSETTE_128d_256x4_f958,,528,lr,0.0005710000000000001,COSETTE_128d_256x4_f958,anobrogk
cosette,COSETTE_128d_256x4_f958,,529,train_loss,0.008806031411406642,COSETTE_128d_256x4_f958,anobrogk
cosette,COSETTE_128d_256x4_f958,,529,lr,0.00057,COSETTE_128d_256x4_f958,anobrogk
cosette,COSETTE_128d_256x4_f958,,530,train_loss,0.008816540904942601,COSETTE_128d_256x4_f958,anobrogk
cosette,COSETTE_128d_256x4_f958,,530,lr,0.0005690000000000001,COSETTE_128d_256x4_f958,anobrogk
cosette,COSETTE_128d_256x4_f958,,531,train_loss,0.008803155144740794,COSETTE_128d_256x4_f958,anobrogk
cosette,COSETTE_128d_256x4_f958,,531,lr,0.000568,COSETTE_128d_256x4_f958,anobrogk
cosette,COSETTE_128d_256x4_f958,,532,train_loss,0.008814899561305838,COSETTE_128d_256x4_f958,anobrogk
cosette,COSETTE_128d_256x4_f958,,532,lr,0.000567,COSETTE_128d_256x4_f958,anobrogk
cosette,COSETTE_128d_256x4_f958,,533,train_loss,0.008842603464064928,COSETTE_128d_256x4_f958,anobrogk
cosette,COSETTE_128d_256x4_f958,,533,lr,0.0005660000000000001,COSETTE_128d_256x4_f958,anobrogk
cosette,COSETTE_128d_256x4_f958,,534,train_loss,0.008807463218168965,COSETTE_128d_256x4_f958,anobrogk
cosette,COSETTE_128d_256x4_f958,,534,lr,0.000565,COSETTE_128d_256x4_f958,anobrogk
cosette,COSETTE_128d_256x4_f958,,535,train_loss,0.008811348781589118,COSETTE_128d_256x4_f958,anobrogk
cosette,COSETTE_128d_256x4_f958,,535,lr,0.000564,COSETTE_128d_256x4_f958,anobrogk
cosette,COSETTE_128d_256x4_f958,,536,train_loss,0.00883482585008117,COSETTE_128d_256x4_f958,anobrogk
cosette,COSETTE_128d_256x4_f958,,536,lr,0.000563,COSETTE_128d_256x4_f958,anobrogk
cosette,COSETTE_128d_256x4_f958,,537,train_loss,0.00879989468075078,COSETTE_128d_256x4_f958,anobrogk
cosette,COSETTE_128d_256x4_f958,,537,lr,0.000562,COSETTE_128d_256x4_f958,anobrogk
cosette,COSETTE_128d_256x4_f958,,538,train_loss,0.008810530448782033,COSETTE_128d_256x4_f958,anobrogk
cosette,COSETTE_128d_256x4_f958,,538,lr,0.0005610000000000001,COSETTE_128d_256x4_f958,anobrogk
cosette,COSETTE_128d_256x4_f958,,539,train_loss,0.00884541903419056,COSETTE_128d_256x4_f958,anobrogk
cosette,COSETTE_128d_256x4_f958,,539,lr,0.0005600000000000001,COSETTE_128d_256x4_f958,anobrogk
cosette,COSETTE_128d_256x4_f958,,540,train_loss,0.008836253663931771,COSETTE_128d_256x4_f958,anobrogk
cosette,COSETTE_128d_256x4_f958,,540,lr,0.000559,COSETTE_128d_256x4_f958,anobrogk
cosette,COSETTE_128d_256x4_f958,,541,train_loss,0.008811759997972813,COSETTE_128d_256x4_f958,anobrogk
cosette,COSETTE_128d_256x4_f958,,541,lr,0.0005580000000000001,COSETTE_128d_256x4_f958,anobrogk
cosette,COSETTE_128d_256x4_f958,,542,train_loss,0.008856213448205214,COSETTE_128d_256x4_f958,anobrogk
cosette,COSETTE_128d_256x4_f958,,542,lr,0.000557,COSETTE_128d_256x4_f958,anobrogk
cosette,COSETTE_128d_256x4_f958,,543,train_loss,0.008810847580175979,COSETTE_128d_256x4_f958,anobrogk
cosette,COSETTE_128d_256x4_f958,,543,lr,0.0005560000000000001,COSETTE_128d_256x4_f958,anobrogk
cosette,COSETTE_128d_256x4_f958,,544,train_loss,0.008838373289882448,COSETTE_128d_256x4_f958,anobrogk
cosette,COSETTE_128d_256x4_f958,,544,lr,0.000555,COSETTE_128d_256x4_f958,anobrogk
cosette,COSETTE_128d_256x4_f958,,545,train_loss,0.008831851601857564,COSETTE_128d_256x4_f958,anobrogk
cosette,COSETTE_128d_256x4_f958,,545,lr,0.000554,COSETTE_128d_256x4_f958,anobrogk
cosette,COSETTE_128d_256x4_f958,,546,train_loss,0.008842700760511834,COSETTE_128d_256x4_f958,anobrogk
cosette,COSETTE_128d_256x4_f958,,546,lr,0.0005530000000000001,COSETTE_128d_256x4_f958,anobrogk
cosette,COSETTE_128d_256x4_f958,,547,train_loss,0.008844959924275848,COSETTE_128d_256x4_f958,anobrogk
cosette,COSETTE_128d_256x4_f958,,547,lr,0.000552,COSETTE_128d_256x4_f958,anobrogk
cosette,COSETTE_128d_256x4_f958,,548,train_loss,0.008847793328693543,COSETTE_128d_256x4_f958,anobrogk
cosette,COSETTE_128d_256x4_f958,,548,lr,0.0005510000000000001,COSETTE_128d_256x4_f958,anobrogk
cosette,COSETTE_128d_256x4_f958,,549,train_loss,0.008839512639946631,COSETTE_128d_256x4_f958,anobrogk
cosette,COSETTE_128d_256x4_f958,,549,lr,0.00055,COSETTE_128d_256x4_f958,anobrogk
cosette,COSETTE_128d_256x4_f958,,550,train_loss,0.008841455764212145,COSETTE_128d_256x4_f958,anobrogk
cosette,COSETTE_128d_256x4_f958,,550,lr,0.000549,COSETTE_128d_256x4_f958,anobrogk
cosette,COSETTE_128d_256x4_f958,,551,train_loss,0.008829534010983062,COSETTE_128d_256x4_f958,anobrogk
cosette,COSETTE_128d_256x4_f958,,551,lr,0.0005480000000000001,COSETTE_128d_256x4_f958,anobrogk
cosette,COSETTE_128d_256x4_f958,,552,train_loss,0.008805706518991242,COSETTE_128d_256x4_f958,anobrogk
cosette,COSETTE_128d_256x4_f958,,552,lr,0.000547,COSETTE_128d_256x4_f958,anobrogk
cosette,COSETTE_128d_256x4_f958,,553,train_loss,0.008853179381239688,COSETTE_128d_256x4_f958,anobrogk
cosette,COSETTE_128d_256x4_f958,,553,lr,0.000546,COSETTE_128d_256x4_f958,anobrogk
cosette,COSETTE_128d_256x4_f958,,554,train_loss,0.008831440717324442,COSETTE_128d_256x4_f958,anobrogk
cosette,COSETTE_128d_256x4_f958,,554,lr,0.000545,COSETTE_128d_256x4_f958,anobrogk
cosette,COSETTE_128d_256x4_f958,,555,train_loss,0.008846619648152384,COSETTE_128d_256x4_f958,anobrogk
cosette,COSETTE_128d_256x4_f958,,555,lr,0.000544,COSETTE_128d_256x4_f958,anobrogk
cosette,COSETTE_128d_256x4_f958,,556,train_loss,0.008852695864250606,COSETTE_128d_256x4_f958,anobrogk
cosette,COSETTE_128d_256x4_f958,,556,lr,0.0005430000000000001,COSETTE_128d_256x4_f958,anobrogk
cosette,COSETTE_128d_256x4_f958,,557,train_loss,0.008870199247766497,COSETTE_128d_256x4_f958,anobrogk
cosette,COSETTE_128d_256x4_f958,,557,lr,0.0005420000000000001,COSETTE_128d_256x4_f958,anobrogk
cosette,COSETTE_128d_256x4_f958,,558,train_loss,0.00884654425384327,COSETTE_128d_256x4_f958,anobrogk
cosette,COSETTE_128d_256x4_f958,,558,lr,0.000541,COSETTE_128d_256x4_f958,anobrogk
cosette,COSETTE_128d_256x4_f958,,559,train_loss,0.008857205884809463,COSETTE_128d_256x4_f958,anobrogk
cosette,COSETTE_128d_256x4_f958,,559,lr,0.0005400000000000001,COSETTE_128d_256x4_f958,anobrogk
cosette,COSETTE_128d_256x4_f958,,560,train_loss,0.008858695058901422,COSETTE_128d_256x4_f958,anobrogk
cosette,COSETTE_128d_256x4_f958,,560,lr,0.000539,COSETTE_128d_256x4_f958,anobrogk
cosette,COSETTE_128d_256x4_f958,,561,train_loss,0.008888546709270997,COSETTE_128d_256x4_f958,anobrogk
cosette,COSETTE_128d_256x4_f958,,561,lr,0.0005380000000000001,COSETTE_128d_256x4_f958,anobrogk
cosette,COSETTE_128d_256x4_f958,,562,train_loss,0.008840966049110754,COSETTE_128d_256x4_f958,anobrogk
cosette,COSETTE_128d_256x4_f958,,562,lr,0.000537,COSETTE_128d_256x4_f958,anobrogk
cosette,COSETTE_128d_256x4_f958,,563,train_loss,0.008855179391116245,COSETTE_128d_256x4_f958,anobrogk
cosette,COSETTE_128d_256x4_f958,,563,lr,0.000536,COSETTE_128d_256x4_f958,anobrogk
cosette,COSETTE_128d_256x4_f958,,564,train_loss,0.008865623167533988,COSETTE_128d_256x4_f958,anobrogk
cosette,COSETTE_128d_256x4_f958,,564,lr,0.0005350000000000001,COSETTE_128d_256x4_f958,anobrogk
cosette,COSETTE_128d_256x4_f958,,565,train_loss,0.008852864048261752,COSETTE_128d_256x4_f958,anobrogk
cosette,COSETTE_128d_256x4_f958,,565,lr,0.000534,COSETTE_128d_256x4_f958,anobrogk
cosette,COSETTE_128d_256x4_f958,,566,train_loss,0.008824822096817798,COSETTE_128d_256x4_f958,anobrogk
cosette,COSETTE_128d_256x4_f958,,566,lr,0.000533,COSETTE_128d_256x4_f958,anobrogk
cosette,COSETTE_128d_256x4_f958,,567,train_loss,0.008863250703561584,COSETTE_128d_256x4_f958,anobrogk
cosette,COSETTE_128d_256x4_f958,,567,lr,0.000532,COSETTE_128d_256x4_f958,anobrogk
cosette,COSETTE_128d_256x4_f958,,568,train_loss,0.008819656960409263,COSETTE_128d_256x4_f958,anobrogk
cosette,COSETTE_128d_256x4_f958,,568,lr,0.000531,COSETTE_128d_256x4_f958,anobrogk
cosette,COSETTE_128d_256x4_f958,,569,train_loss,0.008854175971328527,COSETTE_128d_256x4_f958,anobrogk
cosette,COSETTE_128d_256x4_f958,,569,lr,0.0005300000000000001,COSETTE_128d_256x4_f958,anobrogk
cosette,COSETTE_128d_256x4_f958,,570,train_loss,0.008851073928519913,COSETTE_128d_256x4_f958,anobrogk
cosette,COSETTE_128d_256x4_f958,,570,lr,0.0005290000000000001,COSETTE_128d_256x4_f958,anobrogk
cosette,COSETTE_128d_256x4_f958,,571,train_loss,0.008881148935734539,COSETTE_128d_256x4_f958,anobrogk
cosette,COSETTE_128d_256x4_f958,,571,lr,0.000528,COSETTE_128d_256x4_f958,anobrogk
cosette,COSETTE_128d_256x4_f958,,572,train_loss,0.00883122912511743,COSETTE_128d_256x4_f958,anobrogk
cosette,COSETTE_128d_256x4_f958,,572,lr,0.000527,COSETTE_128d_256x4_f958,anobrogk
cosette,COSETTE_128d_256x4_f958,,573,train_loss,0.008887877452304993,COSETTE_128d_256x4_f958,anobrogk
cosette,COSETTE_128d_256x4_f958,,573,lr,0.000526,COSETTE_128d_256x4_f958,anobrogk
cosette,COSETTE_128d_256x4_f958,,574,train_loss,0.008867822298458937,COSETTE_128d_256x4_f958,anobrogk
cosette,COSETTE_128d_256x4_f958,,574,lr,0.0005250000000000001,COSETTE_128d_256x4_f958,anobrogk
cosette,COSETTE_128d_256x4_f958,,575,train_loss,0.008869283586397938,COSETTE_128d_256x4_f958,anobrogk
cosette,COSETTE_128d_256x4_f958,,575,lr,0.000524,COSETTE_128d_256x4_f958,anobrogk
cosette,COSETTE_128d_256x4_f958,,576,train_loss,0.008851452002665778,COSETTE_128d_256x4_f958,anobrogk
cosette,COSETTE_128d_256x4_f958,,576,lr,0.000523,COSETTE_128d_256x4_f958,anobrogk
cosette,COSETTE_128d_256x4_f958,,577,train_loss,0.008846739778059654,COSETTE_128d_256x4_f958,anobrogk
cosette,COSETTE_128d_256x4_f958,,577,lr,0.0005220000000000001,COSETTE_128d_256x4_f958,anobrogk
cosette,COSETTE_128d_256x4_f958,,578,train_loss,0.00884617230287571,COSETTE_128d_256x4_f958,anobrogk
cosette,COSETTE_128d_256x4_f958,,578,lr,0.000521,COSETTE_128d_256x4_f958,anobrogk
cosette,COSETTE_128d_256x4_f958,,579,train_loss,0.008861181765109645,COSETTE_128d_256x4_f958,anobrogk
cosette,COSETTE_128d_256x4_f958,,579,lr,0.0005200000000000001,COSETTE_128d_256x4_f958,anobrogk
cosette,COSETTE_128d_256x4_f958,,580,train_loss,0.008856860128627426,COSETTE_128d_256x4_f958,anobrogk
cosette,COSETTE_128d_256x4_f958,,580,lr,0.000519,COSETTE_128d_256x4_f958,anobrogk
cosette,COSETTE_128d_256x4_f958,,581,train_loss,0.00887629679864508,COSETTE_128d_256x4_f958,anobrogk
cosette,COSETTE_128d_256x4_f958,,581,lr,0.000518,COSETTE_128d_256x4_f958,anobrogk
cosette,COSETTE_128d_256x4_f958,,582,train_loss,0.008869440990617905,COSETTE_128d_256x4_f958,anobrogk
cosette,COSETTE_128d_256x4_f958,,582,lr,0.0005170000000000001,COSETTE_128d_256x4_f958,anobrogk
cosette,COSETTE_128d_256x4_f958,,583,train_loss,0.008834433763277258,COSETTE_128d_256x4_f958,anobrogk
cosette,COSETTE_128d_256x4_f958,,583,lr,0.000516,COSETTE_128d_256x4_f958,anobrogk
cosette,COSETTE_128d_256x4_f958,,584,train_loss,0.008837389213771656,COSETTE_128d_256x4_f958,anobrogk
cosette,COSETTE_128d_256x4_f958,,584,lr,0.000515,COSETTE_128d_256x4_f958,anobrogk
cosette,COSETTE_128d_256x4_f958,,585,train_loss,0.008873804322518837,COSETTE_128d_256x4_f958,anobrogk
cosette,COSETTE_128d_256x4_f958,,585,lr,0.000514,COSETTE_128d_256x4_f958,anobrogk
cosette,COSETTE_128d_256x4_f958,,586,train_loss,0.008852574085795331,COSETTE_128d_256x4_f958,anobrogk
cosette,COSETTE_128d_256x4_f958,,586,lr,0.000513,COSETTE_128d_256x4_f958,anobrogk
cosette,COSETTE_128d_256x4_f958,,587,train_loss,0.008849269796120022,COSETTE_128d_256x4_f958,anobrogk
cosette,COSETTE_128d_256x4_f958,,587,lr,0.0005120000000000001,COSETTE_128d_256x4_f958,anobrogk
cosette,COSETTE_128d_256x4_f958,,588,train_loss,0.008904238756018125,COSETTE_128d_256x4_f958,anobrogk
cosette,COSETTE_128d_256x4_f958,,588,lr,0.0005110000000000001,COSETTE_128d_256x4_f958,anobrogk
cosette,COSETTE_128d_256x4_f958,,589,train_loss,0.008844632623267588,COSETTE_128d_256x4_f958,anobrogk
cosette,COSETTE_128d_256x4_f958,,589,lr,0.00051,COSETTE_128d_256x4_f958,anobrogk
cosette,COSETTE_128d_256x4_f958,,590,train_loss,0.008857400509817849,COSETTE_128d_256x4_f958,anobrogk
cosette,COSETTE_128d_256x4_f958,,590,lr,0.000509,COSETTE_128d_256x4_f958,anobrogk
cosette,COSETTE_128d_256x4_f958,,591,train_loss,0.008893060326661876,COSETTE_128d_256x4_f958,anobrogk
cosette,COSETTE_128d_256x4_f958,,591,lr,0.0005080000000000001,COSETTE_128d_256x4_f958,anobrogk
cosette,COSETTE_128d_256x4_f958,,592,train_loss,0.008863716643175175,COSETTE_128d_256x4_f958,anobrogk
cosette,COSETTE_128d_256x4_f958,,592,lr,0.0005070000000000001,COSETTE_128d_256x4_f958,anobrogk
cosette,COSETTE_128d_256x4_f958,,593,train_loss,0.008834805414508814,COSETTE_128d_256x4_f958,anobrogk
cosette,COSETTE_128d_256x4_f958,,593,lr,0.000506,COSETTE_128d_256x4_f958,anobrogk
cosette,COSETTE_128d_256x4_f958,,594,train_loss,0.008850981053179023,COSETTE_128d_256x4_f958,anobrogk
cosette,COSETTE_128d_256x4_f958,,594,lr,0.000505,COSETTE_128d_256x4_f958,anobrogk
cosette,COSETTE_128d_256x4_f958,,595,train_loss,0.00886930821827431,COSETTE_128d_256x4_f958,anobrogk
cosette,COSETTE_128d_256x4_f958,,595,lr,0.000504,COSETTE_128d_256x4_f958,anobrogk
cosette,COSETTE_128d_256x4_f958,,596,train_loss,0.00884940613318106,COSETTE_128d_256x4_f958,anobrogk
cosette,COSETTE_128d_256x4_f958,,596,lr,0.0005030000000000001,COSETTE_128d_256x4_f958,anobrogk
cosette,COSETTE_128d_256x4_f958,,597,train_loss,0.008832532023989603,COSETTE_128d_256x4_f958,anobrogk
cosette,COSETTE_128d_256x4_f958,,597,lr,0.0005020000000000001,COSETTE_128d_256x4_f958,anobrogk
cosette,COSETTE_128d_256x4_f958,,598,train_loss,0.00887271937453884,COSETTE_128d_256x4_f958,anobrogk
cosette,COSETTE_128d_256x4_f958,,598,lr,0.000501,COSETTE_128d_256x4_f958,anobrogk
cosette,COSETTE_128d_256x4_f958,,599,train_loss,0.008875865243032745,COSETTE_128d_256x4_f958,anobrogk
cosette,COSETTE_128d_256x4_f958,,599,lr,0.0005,COSETTE_128d_256x4_f958,anobrogk
cosette,COSETTE_128d_256x4_f958,,599,collision_rate,0.008924882241137097,COSETTE_128d_256x4_f958,anobrogk
cosette,COSETTE_128d_256x4_f958,,599,mean_collisions,1.0090052530642875,COSETTE_128d_256x4_f958,anobrogk
cosette,COSETTE_128d_256x4_f958,,599,max_collisions,6.0,COSETTE_128d_256x4_f958,anobrogk
cosette,COSETTE_128d_256x4_f958,,600,train_loss,0.008862350756923355,COSETTE_128d_256x4_f958,anobrogk
cosette,COSETTE_128d_256x4_f958,,600,lr,0.0004990000000000001,COSETTE_128d_256x4_f958,anobrogk
cosette,COSETTE_128d_256x4_f958,,601,train_loss,0.008870568254898337,COSETTE_128d_256x4_f958,anobrogk
cosette,COSETTE_128d_256x4_f958,,601,lr,0.0004980000000000001,COSETTE_128d_256x4_f958,anobrogk
cosette,COSETTE_128d_256x4_f958,,602,train_loss,0.008887269673333774,COSETTE_128d_256x4_f958,anobrogk
cosette,COSETTE_128d_256x4_f958,,602,lr,0.000497,COSETTE_128d_256x4_f958,anobrogk
cosette,COSETTE_128d_256x4_f958,,603,train_loss,0.00888126969722838,COSETTE_128d_256x4_f958,anobrogk
cosette,COSETTE_128d_256x4_f958,,603,lr,0.000496,COSETTE_128d_256x4_f958,anobrogk
cosette,COSETTE_128d_256x4_f958,,604,train_loss,0.008916035572859058,COSETTE_128d_256x4_f958,anobrogk
cosette,COSETTE_128d_256x4_f958,,604,lr,0.000495,COSETTE_128d_256x4_f958,anobrogk
cosette,COSETTE_128d_256x4_f958,,605,train_loss,0.008881577954295727,COSETTE_128d_256x4_f958,anobrogk
cosette,COSETTE_128d_256x4_f958,,605,lr,0.0004940000000000001,COSETTE_128d_256x4_f958,anobrogk
cosette,COSETTE_128d_256x4_f958,,606,train_loss,0.00891968986854471,COSETTE_128d_256x4_f958,anobrogk
cosette,COSETTE_128d_256x4_f958,,606,lr,0.0004930000000000001,COSETTE_128d_256x4_f958,anobrogk
cosette,COSETTE_128d_256x4_f958,,607,train_loss,0.00890646523785317,COSETTE_128d_256x4_f958,anobrogk
cosette,COSETTE_128d_256x4_f958,,607,lr,0.000492,COSETTE_128d_256x4_f958,anobrogk
cosette,COSETTE_128d_256x4_f958,,608,train_loss,0.008881296073996472,COSETTE_128d_256x4_f958,anobrogk
cosette,COSETTE_128d_256x4_f958,,608,lr,0.000491,COSETTE_128d_256x4_f958,anobrogk
cosette,COSETTE_128d_256x4_f958,,609,train_loss,0.008918411248288623,COSETTE_128d_256x4_f958,anobrogk
cosette,COSETTE_128d_256x4_f958,,609,lr,0.0004900000000000001,COSETTE_128d_256x4_f958,anobrogk
cosette,COSETTE_128d_256x4_f958,,610,train_loss,0.00889909825148596,COSETTE_128d_256x4_f958,anobrogk
cosette,COSETTE_128d_256x4_f958,,610,lr,0.0004890000000000001,COSETTE_128d_256x4_f958,anobrogk
cosette,COSETTE_128d_256x4_f958,,611,train_loss,0.008908923105176153,COSETTE_128d_256x4_f958,anobrogk
cosette,COSETTE_128d_256x4_f958,,611,lr,0.00048800000000000004,COSETTE_128d_256x4_f958,anobrogk
cosette,COSETTE_128d_256x4_f958,,612,train_loss,0.008865865675368524,COSETTE_128d_256x4_f958,anobrogk
cosette,COSETTE_128d_256x4_f958,,612,lr,0.000487,COSETTE_128d_256x4_f958,anobrogk
cosette,COSETTE_128d_256x4_f958,,613,train_loss,0.008864822219414958,COSETTE_128d_256x4_f958,anobrogk
cosette,COSETTE_128d_256x4_f958,,613,lr,0.000486,COSETTE_128d_256x4_f958,anobrogk
cosette,COSETTE_128d_256x4_f958,,614,train_loss,0.008874865516420754,COSETTE_128d_256x4_f958,anobrogk
cosette,COSETTE_128d_256x4_f958,,614,lr,0.0004850000000000001,COSETTE_128d_256x4_f958,anobrogk
cosette,COSETTE_128d_256x4_f958,,615,train_loss,0.008915058540544286,COSETTE_128d_256x4_f958,anobrogk
cosette,COSETTE_128d_256x4_f958,,615,lr,0.00048400000000000006,COSETTE_128d_256x4_f958,anobrogk
cosette,COSETTE_128d_256x4_f958,,616,train_loss,0.008852383250306394,COSETTE_128d_256x4_f958,anobrogk
cosette,COSETTE_128d_256x4_f958,,616,lr,0.00048300000000000003,COSETTE_128d_256x4_f958,anobrogk
cosette,COSETTE_128d_256x4_f958,,617,train_loss,0.008863489057911537,COSETTE_128d_256x4_f958,anobrogk
cosette,COSETTE_128d_256x4_f958,,617,lr,0.000482,COSETTE_128d_256x4_f958,anobrogk
cosette,COSETTE_128d_256x4_f958,,618,train_loss,0.008933668388803115,COSETTE_128d_256x4_f958,anobrogk
cosette,COSETTE_128d_256x4_f958,,618,lr,0.0004810000000000001,COSETTE_128d_256x4_f958,anobrogk
cosette,COSETTE_128d_256x4_f958,,619,train_loss,0.008878345590555805,COSETTE_128d_256x4_f958,anobrogk
cosette,COSETTE_128d_256x4_f958,,619,lr,0.00048000000000000007,COSETTE_128d_256x4_f958,anobrogk
cosette,COSETTE_128d_256x4_f958,,620,train_loss,0.008894709506254088,COSETTE_128d_256x4_f958,anobrogk
cosette,COSETTE_128d_256x4_f958,,620,lr,0.00047900000000000004,COSETTE_128d_256x4_f958,anobrogk
cosette,COSETTE_128d_256x4_f958,,621,train_loss,0.008917284669119048,COSETTE_128d_256x4_f958,anobrogk
cosette,COSETTE_128d_256x4_f958,,621,lr,0.000478,COSETTE_128d_256x4_f958,anobrogk
cosette,COSETTE_128d_256x4_f958,,622,train_loss,0.008907143711701206,COSETTE_128d_256x4_f958,anobrogk
cosette,COSETTE_128d_256x4_f958,,622,lr,0.000477,COSETTE_128d_256x4_f958,anobrogk
cosette,COSETTE_128d_256x4_f958,,623,train_loss,0.008943468139603223,COSETTE_128d_256x4_f958,anobrogk
cosette,COSETTE_128d_256x4_f958,,623,lr,0.0004760000000000001,COSETTE_128d_256x4_f958,anobrogk
cosette,COSETTE_128d_256x4_f958,,624,train_loss,0.008918888278134255,COSETTE_128d_256x4_f958,anobrogk
cosette,COSETTE_128d_256x4_f958,,624,lr,0.00047500000000000005,COSETTE_128d_256x4_f958,anobrogk
cosette,COSETTE_128d_256x4_f958,,625,train_loss,0.0088515627444133,COSETTE_128d_256x4_f958,anobrogk
cosette,COSETTE_128d_256x4_f958,,625,lr,0.00047400000000000003,COSETTE_128d_256x4_f958,anobrogk
cosette,COSETTE_128d_256x4_f958,,626,train_loss,0.008901556150923518,COSETTE_128d_256x4_f958,anobrogk
cosette,COSETTE_128d_256x4_f958,,626,lr,0.000473,COSETTE_128d_256x4_f958,anobrogk
cosette,COSETTE_128d_256x4_f958,,627,train_loss,0.008900372750372034,COSETTE_128d_256x4_f958,anobrogk
cosette,COSETTE_128d_256x4_f958,,627,lr,0.0004720000000000001,COSETTE_128d_256x4_f958,anobrogk
cosette,COSETTE_128d_256x4_f958,,628,train_loss,0.008929085082792006,COSETTE_128d_256x4_f958,anobrogk
cosette,COSETTE_128d_256x4_f958,,628,lr,0.00047100000000000006,COSETTE_128d_256x4_f958,anobrogk
cosette,COSETTE_128d_256x4_f958,,629,train_loss,0.00888521738093475,COSETTE_128d_256x4_f958,anobrogk
cosette,COSETTE_128d_256x4_f958,,629,lr,0.00047000000000000004,COSETTE_128d_256x4_f958,anobrogk
cosette,COSETTE_128d_256x4_f958,,630,train_loss,0.008950783335871395,COSETTE_128d_256x4_f958,anobrogk
cosette,COSETTE_128d_256x4_f958,,630,lr,0.000469,COSETTE_128d_256x4_f958,anobrogk
cosette,COSETTE_128d_256x4_f958,,631,train_loss,0.008905778146595102,COSETTE_128d_256x4_f958,anobrogk
cosette,COSETTE_128d_256x4_f958,,631,lr,0.000468,COSETTE_128d_256x4_f958,anobrogk
cosette,COSETTE_128d_256x4_f958,,632,train_loss,0.008937324086825054,COSETTE_128d_256x4_f958,anobrogk
cosette,COSETTE_128d_256x4_f958,,632,lr,0.0004670000000000001,COSETTE_128d_256x4_f958,anobrogk
cosette,COSETTE_128d_256x4_f958,,633,train_loss,0.008898595519278237,COSETTE_128d_256x4_f958,anobrogk
cosette,COSETTE_128d_256x4_f958,,633,lr,0.00046600000000000005,COSETTE_128d_256x4_f958,anobrogk
cosette,COSETTE_128d_256x4_f958,,634,train_loss,0.008924647116626818,COSETTE_128d_256x4_f958,anobrogk
cosette,COSETTE_128d_256x4_f958,,634,lr,0.000465,COSETTE_128d_256x4_f958,anobrogk
cosette,COSETTE_128d_256x4_f958,,635,train_loss,0.008910004413504709,COSETTE_128d_256x4_f958,anobrogk
cosette,COSETTE_128d_256x4_f958,,635,lr,0.000464,COSETTE_128d_256x4_f958,anobrogk
cosette,COSETTE_128d_256x4_f958,,636,train_loss,0.008912632295369417,COSETTE_128d_256x4_f958,anobrogk
cosette,COSETTE_128d_256x4_f958,,636,lr,0.0004630000000000001,COSETTE_128d_256x4_f958,anobrogk
cosette,COSETTE_128d_256x4_f958,,637,train_loss,0.00891341180165951,COSETTE_128d_256x4_f958,anobrogk
cosette,COSETTE_128d_256x4_f958,,637,lr,0.00046200000000000006,COSETTE_128d_256x4_f958,anobrogk
cosette,COSETTE_128d_256x4_f958,,638,train_loss,0.008890120505258952,COSETTE_128d_256x4_f958,anobrogk
cosette,COSETTE_128d_256x4_f958,,638,lr,0.00046100000000000004,COSETTE_128d_256x4_f958,anobrogk
cosette,COSETTE_128d_256x4_f958,,639,train_loss,0.00893836159087803,COSETTE_128d_256x4_f958,anobrogk
cosette,COSETTE_128d_256x4_f958,,639,lr,0.00046,COSETTE_128d_256x4_f958,anobrogk
cosette,COSETTE_128d_256x4_f958,,640,train_loss,0.008877438931972128,COSETTE_128d_256x4_f958,anobrogk
cosette,COSETTE_128d_256x4_f958,,640,lr,0.0004590000000000001,COSETTE_128d_256x4_f958,anobrogk
cosette,COSETTE_128d_256x4_f958,,641,train_loss,0.008911137640390589,COSETTE_128d_256x4_f958,anobrogk
cosette,COSETTE_128d_256x4_f958,,641,lr,0.0004580000000000001,COSETTE_128d_256x4_f958,anobrogk
cosette,COSETTE_128d_256x4_f958,,642,train_loss,0.008913515178465297,COSETTE_128d_256x4_f958,anobrogk
cosette,COSETTE_128d_256x4_f958,,642,lr,0.00045700000000000005,COSETTE_128d_256x4_f958,anobrogk
cosette,COSETTE_128d_256x4_f958,,643,train_loss,0.008935666728721951,COSETTE_128d_256x4_f958,anobrogk
cosette,COSETTE_128d_256x4_f958,,643,lr,0.000456,COSETTE_128d_256x4_f958,anobrogk
cosette,COSETTE_128d_256x4_f958,,644,train_loss,0.00889995497191089,COSETTE_128d_256x4_f958,anobrogk
cosette,COSETTE_128d_256x4_f958,,644,lr,0.000455,COSETTE_128d_256x4_f958,anobrogk
cosette,COSETTE_128d_256x4_f958,,645,train_loss,0.008936428336490845,COSETTE_128d_256x4_f958,anobrogk
cosette,COSETTE_128d_256x4_f958,,645,lr,0.0004540000000000001,COSETTE_128d_256x4_f958,anobrogk
cosette,COSETTE_128d_256x4_f958,,646,train_loss,0.008922997583774312,COSETTE_128d_256x4_f958,anobrogk
cosette,COSETTE_128d_256x4_f958,,646,lr,0.00045300000000000006,COSETTE_128d_256x4_f958,anobrogk
cosette,COSETTE_128d_256x4_f958,,647,train_loss,0.008897956781860061,COSETTE_128d_256x4_f958,anobrogk
cosette,COSETTE_128d_256x4_f958,,647,lr,0.00045200000000000004,COSETTE_128d_256x4_f958,anobrogk
cosette,COSETTE_128d_256x4_f958,,648,train_loss,0.008933841582687422,COSETTE_128d_256x4_f958,anobrogk
cosette,COSETTE_128d_256x4_f958,,648,lr,0.000451,COSETTE_128d_256x4_f958,anobrogk
cosette,COSETTE_128d_256x4_f958,,649,train_loss,0.0089585402894808,COSETTE_128d_256x4_f958,anobrogk
cosette,COSETTE_128d_256x4_f958,,649,lr,0.0004500000000000001,COSETTE_128d_256x4_f958,anobrogk
cosette,COSETTE_128d_256x4_f958,,650,train_loss,0.008927941386555805,COSETTE_128d_256x4_f958,anobrogk
cosette,COSETTE_128d_256x4_f958,,650,lr,0.00044900000000000007,COSETTE_128d_256x4_f958,anobrogk
cosette,COSETTE_128d_256x4_f958,,651,train_loss,0.008939877109623504,COSETTE_128d_256x4_f958,anobrogk
cosette,COSETTE_128d_256x4_f958,,651,lr,0.00044800000000000005,COSETTE_128d_256x4_f958,anobrogk
cosette,COSETTE_128d_256x4_f958,,652,train_loss,0.008947688989855094,COSETTE_128d_256x4_f958,anobrogk
cosette,COSETTE_128d_256x4_f958,,652,lr,0.000447,COSETTE_128d_256x4_f958,anobrogk
cosette,COSETTE_128d_256x4_f958,,653,train_loss,0.008935763489925998,COSETTE_128d_256x4_f958,anobrogk
cosette,COSETTE_128d_256x4_f958,,653,lr,0.000446,COSETTE_128d_256x4_f958,anobrogk
cosette,COSETTE_128d_256x4_f958,,654,train_loss,0.008950872325349132,COSETTE_128d_256x4_f958,anobrogk
cosette,COSETTE_128d_256x4_f958,,654,lr,0.0004450000000000001,COSETTE_128d_256x4_f958,anobrogk
cosette,COSETTE_128d_256x4_f958,,655,train_loss,0.008946732243244679,COSETTE_128d_256x4_f958,anobrogk
cosette,COSETTE_128d_256x4_f958,,655,lr,0.00044400000000000006,COSETTE_128d_256x4_f958,anobrogk
cosette,COSETTE_128d_256x4_f958,,656,train_loss,0.00891801682782584,COSETTE_128d_256x4_f958,anobrogk
cosette,COSETTE_128d_256x4_f958,,656,lr,0.00044300000000000003,COSETTE_128d_256x4_f958,anobrogk
cosette,COSETTE_128d_256x4_f958,,657,train_loss,0.008891578410463084,COSETTE_128d_256x4_f958,anobrogk
cosette,COSETTE_128d_256x4_f958,,657,lr,0.000442,COSETTE_128d_256x4_f958,anobrogk
cosette,COSETTE_128d_256x4_f958,,658,train_loss,0.008930331085348261,COSETTE_128d_256x4_f958,anobrogk
cosette,COSETTE_128d_256x4_f958,,658,lr,0.0004410000000000001,COSETTE_128d_256x4_f958,anobrogk
cosette,COSETTE_128d_256x4_f958,,659,train_loss,0.008928044474330443,COSETTE_128d_256x4_f958,anobrogk
cosette,COSETTE_128d_256x4_f958,,659,lr,0.00044000000000000007,COSETTE_128d_256x4_f958,anobrogk
cosette,COSETTE_128d_256x4_f958,,660,train_loss,0.008916362852457612,COSETTE_128d_256x4_f958,anobrogk
cosette,COSETTE_128d_256x4_f958,,660,lr,0.00043900000000000005,COSETTE_128d_256x4_f958,anobrogk
cosette,COSETTE_128d_256x4_f958,,661,train_loss,0.00891146879514744,COSETTE_128d_256x4_f958,anobrogk
cosette,COSETTE_128d_256x4_f958,,661,lr,0.000438,COSETTE_128d_256x4_f958,anobrogk
cosette,COSETTE_128d_256x4_f958,,662,train_loss,0.008946192921835114,COSETTE_128d_256x4_f958,anobrogk
cosette,COSETTE_128d_256x4_f958,,662,lr,0.000437,COSETTE_128d_256x4_f958,anobrogk
cosette,COSETTE_128d_256x4_f958,,663,train_loss,0.008931165165000263,COSETTE_128d_256x4_f958,anobrogk
cosette,COSETTE_128d_256x4_f958,,663,lr,0.0004360000000000001,COSETTE_128d_256x4_f958,anobrogk
cosette,COSETTE_128d_256x4_f958,,664,train_loss,0.00892146689624622,COSETTE_128d_256x4_f958,anobrogk
cosette,COSETTE_128d_256x4_f958,,664,lr,0.00043500000000000006,COSETTE_128d_256x4_f958,anobrogk
cosette,COSETTE_128d_256x4_f958,,665,train_loss,0.00893190210877821,COSETTE_128d_256x4_f958,anobrogk
cosette,COSETTE_128d_256x4_f958,,665,lr,0.00043400000000000003,COSETTE_128d_256x4_f958,anobrogk
cosette,COSETTE_128d_256x4_f958,,666,train_loss,0.00891692571384811,COSETTE_128d_256x4_f958,anobrogk
cosette,COSETTE_128d_256x4_f958,,666,lr,0.000433,COSETTE_128d_256x4_f958,anobrogk
cosette,COSETTE_128d_256x4_f958,,667,train_loss,0.008925256983045192,COSETTE_128d_256x4_f958,anobrogk
cosette,COSETTE_128d_256x4_f958,,667,lr,0.0004320000000000001,COSETTE_128d_256x4_f958,anobrogk
cosette,COSETTE_128d_256x4_f958,,668,train_loss,0.008931658027329667,COSETTE_128d_256x4_f958,anobrogk
cosette,COSETTE_128d_256x4_f958,,668,lr,0.00043100000000000007,COSETTE_128d_256x4_f958,anobrogk
cosette,COSETTE_128d_256x4_f958,,669,train_loss,0.008920247484555196,COSETTE_128d_256x4_f958,anobrogk
cosette,COSETTE_128d_256x4_f958,,669,lr,0.00043000000000000004,COSETTE_128d_256x4_f958,anobrogk
cosette,COSETTE_128d_256x4_f958,,670,train_loss,0.008953074143193237,COSETTE_128d_256x4_f958,anobrogk
cosette,COSETTE_128d_256x4_f958,,670,lr,0.000429,COSETTE_128d_256x4_f958,anobrogk
cosette,COSETTE_128d_256x4_f958,,671,train_loss,0.008927409183876267,COSETTE_128d_256x4_f958,anobrogk
cosette,COSETTE_128d_256x4_f958,,671,lr,0.000428,COSETTE_128d_256x4_f958,anobrogk
cosette,COSETTE_128d_256x4_f958,,672,train_loss,0.008881958565492742,COSETTE_128d_256x4_f958,anobrogk
cosette,COSETTE_128d_256x4_f958,,672,lr,0.0004270000000000001,COSETTE_128d_256x4_f958,anobrogk
cosette,COSETTE_128d_256x4_f958,,673,train_loss,0.008925130087668185,COSETTE_128d_256x4_f958,anobrogk
cosette,COSETTE_128d_256x4_f958,,673,lr,0.00042600000000000005,COSETTE_128d_256x4_f958,anobrogk
cosette,COSETTE_128d_256x4_f958,,674,train_loss,0.008940565035860427,COSETTE_128d_256x4_f958,anobrogk
cosette,COSETTE_128d_256x4_f958,,674,lr,0.00042500000000000003,COSETTE_128d_256x4_f958,anobrogk
cosette,COSETTE_128d_256x4_f958,,675,train_loss,0.008897493764672472,COSETTE_128d_256x4_f958,anobrogk
cosette,COSETTE_128d_256x4_f958,,675,lr,0.000424,COSETTE_128d_256x4_f958,anobrogk
cosette,COSETTE_128d_256x4_f958,,676,train_loss,0.008948973176636912,COSETTE_128d_256x4_f958,anobrogk
cosette,COSETTE_128d_256x4_f958,,676,lr,0.0004230000000000001,COSETTE_128d_256x4_f958,anobrogk
cosette,COSETTE_128d_256x4_f958,,677,train_loss,0.008927213306399596,COSETTE_128d_256x4_f958,anobrogk
cosette,COSETTE_128d_256x4_f958,,677,lr,0.00042200000000000007,COSETTE_128d_256x4_f958,anobrogk
cosette,COSETTE_128d_256x4_f958,,678,train_loss,0.00891046148949656,COSETTE_128d_256x4_f958,anobrogk
cosette,COSETTE_128d_256x4_f958,,678,lr,0.00042100000000000004,COSETTE_128d_256x4_f958,anobrogk
cosette,COSETTE_128d_256x4_f958,,679,train_loss,0.008938310453775286,COSETTE_128d_256x4_f958,anobrogk
cosette,COSETTE_128d_256x4_f958,,679,lr,0.00042,COSETTE_128d_256x4_f958,anobrogk
cosette,COSETTE_128d_256x4_f958,,680,train_loss,0.008919951934153318,COSETTE_128d_256x4_f958,anobrogk
cosette,COSETTE_128d_256x4_f958,,680,lr,0.000419,COSETTE_128d_256x4_f958,anobrogk
cosette,COSETTE_128d_256x4_f958,,681,train_loss,0.008906085194013582,COSETTE_128d_256x4_f958,anobrogk
cosette,COSETTE_128d_256x4_f958,,681,lr,0.0004180000000000001,COSETTE_128d_256x4_f958,anobrogk
cosette,COSETTE_128d_256x4_f958,,682,train_loss,0.008942200684513164,COSETTE_128d_256x4_f958,anobrogk
cosette,COSETTE_128d_256x4_f958,,682,lr,0.00041700000000000005,COSETTE_128d_256x4_f958,anobrogk
cosette,COSETTE_128d_256x4_f958,,683,train_loss,0.008954499569860682,COSETTE_128d_256x4_f958,anobrogk
cosette,COSETTE_128d_256x4_f958,,683,lr,0.00041600000000000003,COSETTE_128d_256x4_f958,anobrogk
cosette,COSETTE_128d_256x4_f958,,684,train_loss,0.008923043025893043,COSETTE_128d_256x4_f958,anobrogk
cosette,COSETTE_128d_256x4_f958,,684,lr,0.000415,COSETTE_128d_256x4_f958,anobrogk
cosette,COSETTE_128d_256x4_f958,,685,train_loss,0.008938075578503912,COSETTE_128d_256x4_f958,anobrogk
cosette,COSETTE_128d_256x4_f958,,685,lr,0.0004140000000000001,COSETTE_128d_256x4_f958,anobrogk
cosette,COSETTE_128d_256x4_f958,,686,train_loss,0.008925612073862688,COSETTE_128d_256x4_f958,anobrogk
cosette,COSETTE_128d_256x4_f958,,686,lr,0.00041300000000000006,COSETTE_128d_256x4_f958,anobrogk
cosette,COSETTE_128d_256x4_f958,,687,train_loss,0.008948992423970124,COSETTE_128d_256x4_f958,anobrogk
cosette,COSETTE_128d_256x4_f958,,687,lr,0.00041200000000000004,COSETTE_128d_256x4_f958,anobrogk
cosette,COSETTE_128d_256x4_f958,,688,train_loss,0.008899168229137347,COSETTE_128d_256x4_f958,anobrogk
cosette,COSETTE_128d_256x4_f958,,688,lr,0.000411,COSETTE_128d_256x4_f958,anobrogk
cosette,COSETTE_128d_256x4_f958,,689,train_loss,0.008934048047267842,COSETTE_128d_256x4_f958,anobrogk
cosette,COSETTE_128d_256x4_f958,,689,lr,0.0004100000000000001,COSETTE_128d_256x4_f958,anobrogk
cosette,COSETTE_128d_256x4_f958,,690,train_loss,0.00891975816553352,COSETTE_128d_256x4_f958,anobrogk
cosette,COSETTE_128d_256x4_f958,,690,lr,0.0004090000000000001,COSETTE_128d_256x4_f958,anobrogk
cosette,COSETTE_128d_256x4_f958,,691,train_loss,0.008886175711864024,COSETTE_128d_256x4_f958,anobrogk
cosette,COSETTE_128d_256x4_f958,,691,lr,0.00040800000000000005,COSETTE_128d_256x4_f958,anobrogk
cosette,COSETTE_128d_256x4_f958,,692,train_loss,0.008909460028697707,COSETTE_128d_256x4_f958,anobrogk
cosette,COSETTE_128d_256x4_f958,,692,lr,0.000407,COSETTE_128d_256x4_f958,anobrogk
cosette,COSETTE_128d_256x4_f958,,693,train_loss,0.008936366226909489,COSETTE_128d_256x4_f958,anobrogk
cosette,COSETTE_128d_256x4_f958,,693,lr,0.000406,COSETTE_128d_256x4_f958,anobrogk
cosette,COSETTE_128d_256x4_f958,,694,train_loss,0.008917300533717391,COSETTE_128d_256x4_f958,anobrogk
cosette,COSETTE_128d_256x4_f958,,694,lr,0.0004050000000000001,COSETTE_128d_256x4_f958,anobrogk
cosette,COSETTE_128d_256x4_f958,,695,train_loss,0.008903414417786163,COSETTE_128d_256x4_f958,anobrogk
cosette,COSETTE_128d_256x4_f958,,695,lr,0.00040400000000000006,COSETTE_128d_256x4_f958,anobrogk
cosette,COSETTE_128d_256x4_f958,,696,train_loss,0.00894122807330441,COSETTE_128d_256x4_f958,anobrogk
cosette,COSETTE_128d_256x4_f958,,696,lr,0.00040300000000000004,COSETTE_128d_256x4_f958,anobrogk
cosette,COSETTE_128d_256x4_f958,,697,train_loss,0.008925367553514996,COSETTE_128d_256x4_f958,anobrogk
cosette,COSETTE_128d_256x4_f958,,697,lr,0.000402,COSETTE_128d_256x4_f958,anobrogk
cosette,COSETTE_128d_256x4_f958,,698,train_loss,0.008929015972234052,COSETTE_128d_256x4_f958,anobrogk
cosette,COSETTE_128d_256x4_f958,,698,lr,0.0004010000000000001,COSETTE_128d_256x4_f958,anobrogk
cosette,COSETTE_128d_256x4_f958,,699,train_loss,0.008921401200537705,COSETTE_128d_256x4_f958,anobrogk
cosette,COSETTE_128d_256x4_f958,,699,lr,0.0004000000000000001,COSETTE_128d_256x4_f958,anobrogk
cosette,COSETTE_128d_256x4_f958,,699,collision_rate,0.008842244442608048,COSETTE_128d_256x4_f958,anobrogk
cosette,COSETTE_128d_256x4_f958,,699,mean_collisions,1.0089211272302818,COSETTE_128d_256x4_f958,anobrogk
cosette,COSETTE_128d_256x4_f958,,699,max_collisions,8.0,COSETTE_128d_256x4_f958,anobrogk
cosette,COSETTE_128d_256x4_f958,,700,train_loss,0.008930495672527397,COSETTE_128d_256x4_f958,anobrogk
cosette,COSETTE_128d_256x4_f958,,700,lr,0.00039900000000000005,COSETTE_128d_256x4_f958,anobrogk
cosette,COSETTE_128d_256x4_f958,,701,train_loss,0.008962052649465101,COSETTE_128d_256x4_f958,anobrogk
cosette,COSETTE_128d_256x4_f958,,701,lr,0.000398,COSETTE_128d_256x4_f958,anobrogk
cosette,COSETTE_128d_256x4_f958,,702,train_loss,0.008921327882970882,COSETTE_128d_256x4_f958,anobrogk
cosette,COSETTE_128d_256x4_f958,,702,lr,0.000397,COSETTE_128d_256x4_f958,anobrogk
cosette,COSETTE_128d_256x4_f958,,703,train_loss,0.008923893633844522,COSETTE_128d_256x4_f958,anobrogk
cosette,COSETTE_128d_256x4_f958,,703,lr,0.0003960000000000001,COSETTE_128d_256x4_f958,anobrogk
cosette,COSETTE_128d_256x4_f958,,704,train_loss,0.008966441309058116,COSETTE_128d_256x4_f958,anobrogk
cosette,COSETTE_128d_256x4_f958,,704,lr,0.00039500000000000006,COSETTE_128d_256x4_f958,anobrogk
cosette,COSETTE_128d_256x4_f958,,705,train_loss,0.008948386422005189,COSETTE_128d_256x4_f958,anobrogk
cosette,COSETTE_128d_256x4_f958,,705,lr,0.00039400000000000004,COSETTE_128d_256x4_f958,anobrogk
cosette,COSETTE_128d_256x4_f958,,706,train_loss,0.008939250051204505,COSETTE_128d_256x4_f958,anobrogk
cosette,COSETTE_128d_256x4_f958,,706,lr,0.000393,COSETTE_128d_256x4_f958,anobrogk
cosette,COSETTE_128d_256x4_f958,,707,train_loss,0.00895150249888157,COSETTE_128d_256x4_f958,anobrogk
cosette,COSETTE_128d_256x4_f958,,707,lr,0.0003920000000000001,COSETTE_128d_256x4_f958,anobrogk
cosette,COSETTE_128d_256x4_f958,,708,train_loss,0.008966782590609857,COSETTE_128d_256x4_f958,anobrogk
cosette,COSETTE_128d_256x4_f958,,708,lr,0.00039100000000000007,COSETTE_128d_256x4_f958,anobrogk
cosette,COSETTE_128d_256x4_f958,,709,train_loss,0.008967208483352742,COSETTE_128d_256x4_f958,anobrogk
cosette,COSETTE_128d_256x4_f958,,709,lr,0.00039000000000000005,COSETTE_128d_256x4_f958,anobrogk
cosette,COSETTE_128d_256x4_f958,,710,train_loss,0.008929438889026642,COSETTE_128d_256x4_f958,anobrogk
cosette,COSETTE_128d_256x4_f958,,710,lr,0.000389,COSETTE_128d_256x4_f958,anobrogk
cosette,COSETTE_128d_256x4_f958,,711,train_loss,0.008953218444668011,COSETTE_128d_256x4_f958,anobrogk
cosette,COSETTE_128d_256x4_f958,,711,lr,0.000388,COSETTE_128d_256x4_f958,anobrogk
cosette,COSETTE_128d_256x4_f958,,712,train_loss,0.008921345867130946,COSETTE_128d_256x4_f958,anobrogk
cosette,COSETTE_128d_256x4_f958,,712,lr,0.0003870000000000001,COSETTE_128d_256x4_f958,anobrogk
cosette,COSETTE_128d_256x4_f958,,713,train_loss,0.00895704049617052,COSETTE_128d_256x4_f958,anobrogk
cosette,COSETTE_128d_256x4_f958,,713,lr,0.00038600000000000006,COSETTE_128d_256x4_f958,anobrogk
cosette,COSETTE_128d_256x4_f958,,714,train_loss,0.008948006153363608,COSETTE_128d_256x4_f958,anobrogk
cosette,COSETTE_128d_256x4_f958,,714,lr,0.00038500000000000003,COSETTE_128d_256x4_f958,anobrogk
cosette,COSETTE_128d_256x4_f958,,715,train_loss,0.008931968061403296,COSETTE_128d_256x4_f958,anobrogk
cosette,COSETTE_128d_256x4_f958,,715,lr,0.000384,COSETTE_128d_256x4_f958,anobrogk
cosette,COSETTE_128d_256x4_f958,,716,train_loss,0.00895868230011614,COSETTE_128d_256x4_f958,anobrogk
cosette,COSETTE_128d_256x4_f958,,716,lr,0.0003830000000000001,COSETTE_128d_256x4_f958,anobrogk
cosette,COSETTE_128d_256x4_f958,,717,train_loss,0.008957422937898113,COSETTE_128d_256x4_f958,anobrogk
cosette,COSETTE_128d_256x4_f958,,717,lr,0.00038200000000000007,COSETTE_128d_256x4_f958,anobrogk
cosette,COSETTE_128d_256x4_f958,,718,train_loss,0.008931375665311844,COSETTE_128d_256x4_f958,anobrogk
cosette,COSETTE_128d_256x4_f958,,718,lr,0.00038100000000000005,COSETTE_128d_256x4_f958,anobrogk
cosette,COSETTE_128d_256x4_f958,,719,train_loss,0.008974857863852343,COSETTE_128d_256x4_f958,anobrogk
cosette,COSETTE_128d_256x4_f958,,719,lr,0.00038,COSETTE_128d_256x4_f958,anobrogk
cosette,COSETTE_128d_256x4_f958,,720,train_loss,0.008930395325196199,COSETTE_128d_256x4_f958,anobrogk
cosette,COSETTE_128d_256x4_f958,,720,lr,0.000379,COSETTE_128d_256x4_f958,anobrogk
cosette,COSETTE_128d_256x4_f958,,721,train_loss,0.008957881737371968,COSETTE_128d_256x4_f958,anobrogk
cosette,COSETTE_128d_256x4_f958,,721,lr,0.0003780000000000001,COSETTE_128d_256x4_f958,anobrogk
cosette,COSETTE_128d_256x4_f958,,722,train_loss,0.008952514568193891,COSETTE_128d_256x4_f958,anobrogk
cosette,COSETTE_128d_256x4_f958,,722,lr,0.00037700000000000006,COSETTE_128d_256x4_f958,anobrogk
cosette,COSETTE_128d_256x4_f958,,723,train_loss,0.008916599697422702,COSETTE_128d_256x4_f958,anobrogk
cosette,COSETTE_128d_256x4_f958,,723,lr,0.00037600000000000003,COSETTE_128d_256x4_f958,anobrogk
cosette,COSETTE_128d_256x4_f958,,724,train_loss,0.008924488695445418,COSETTE_128d_256x4_f958,anobrogk
cosette,COSETTE_128d_256x4_f958,,724,lr,0.000375,COSETTE_128d_256x4_f958,anobrogk
cosette,COSETTE_128d_256x4_f958,,725,train_loss,0.008964280084032437,COSETTE_128d_256x4_f958,anobrogk
cosette,COSETTE_128d_256x4_f958,,725,lr,0.0003740000000000001,COSETTE_128d_256x4_f958,anobrogk
cosette,COSETTE_128d_256x4_f958,,726,train_loss,0.008976270915704894,COSETTE_128d_256x4_f958,anobrogk
cosette,COSETTE_128d_256x4_f958,,726,lr,0.00037300000000000007,COSETTE_128d_256x4_f958,anobrogk
cosette,COSETTE_128d_256x4_f958,,727,train_loss,0.008968935048357508,COSETTE_128d_256x4_f958,anobrogk
cosette,COSETTE_128d_256x4_f958,,727,lr,0.00037200000000000004,COSETTE_128d_256x4_f958,anobrogk
cosette,COSETTE_128d_256x4_f958,,728,train_loss,0.008986003664803918,COSETTE_128d_256x4_f958,anobrogk
cosette,COSETTE_128d_256x4_f958,,728,lr,0.000371,COSETTE_128d_256x4_f958,anobrogk
cosette,COSETTE_128d_256x4_f958,,729,train_loss,0.008945968558733489,COSETTE_128d_256x4_f958,anobrogk
cosette,COSETTE_128d_256x4_f958,,729,lr,0.0003700000000000001,COSETTE_128d_256x4_f958,anobrogk
cosette,COSETTE_128d_256x4_f958,,730,train_loss,0.008931880206640421,COSETTE_128d_256x4_f958,anobrogk
cosette,COSETTE_128d_256x4_f958,,730,lr,0.0003690000000000001,COSETTE_128d_256x4_f958,anobrogk
cosette,COSETTE_128d_256x4_f958,,731,train_loss,0.008920294125617923,COSETTE_128d_256x4_f958,anobrogk
cosette,COSETTE_128d_256x4_f958,,731,lr,0.00036800000000000005,COSETTE_128d_256x4_f958,anobrogk
cosette,COSETTE_128d_256x4_f958,,732,train_loss,0.008961676373735239,COSETTE_128d_256x4_f958,anobrogk
cosette,COSETTE_128d_256x4_f958,,732,lr,0.00036700000000000003,COSETTE_128d_256x4_f958,anobrogk
cosette,COSETTE_128d_256x4_f958,,733,train_loss,0.008986690413506547,COSETTE_128d_256x4_f958,anobrogk
cosette,COSETTE_128d_256x4_f958,,733,lr,0.000366,COSETTE_128d_256x4_f958,anobrogk
cosette,COSETTE_128d_256x4_f958,,734,train_loss,0.008961763511272682,COSETTE_128d_256x4_f958,anobrogk
cosette,COSETTE_128d_256x4_f958,,734,lr,0.0003650000000000001,COSETTE_128d_256x4_f958,anobrogk
cosette,COSETTE_128d_256x4_f958,,735,train_loss,0.00895593328208759,COSETTE_128d_256x4_f958,anobrogk
cosette,COSETTE_128d_256x4_f958,,735,lr,0.00036400000000000007,COSETTE_128d_256x4_f958,anobrogk
cosette,COSETTE_128d_256x4_f958,,736,train_loss,0.008966700816205864,COSETTE_128d_256x4_f958,anobrogk
cosette,COSETTE_128d_256x4_f958,,736,lr,0.00036300000000000004,COSETTE_128d_256x4_f958,anobrogk
cosette,COSETTE_128d_256x4_f958,,737,train_loss,0.008944724322478658,COSETTE_128d_256x4_f958,anobrogk
cosette,COSETTE_128d_256x4_f958,,737,lr,0.000362,COSETTE_128d_256x4_f958,anobrogk
cosette,COSETTE_128d_256x4_f958,,738,train_loss,0.008981548174787527,COSETTE_128d_256x4_f958,anobrogk
cosette,COSETTE_128d_256x4_f958,,738,lr,0.0003610000000000001,COSETTE_128d_256x4_f958,anobrogk
cosette,COSETTE_128d_256x4_f958,,739,train_loss,0.008958879012571667,COSETTE_128d_256x4_f958,anobrogk
cosette,COSETTE_128d_256x4_f958,,739,lr,0.0003600000000000001,COSETTE_128d_256x4_f958,anobrogk
cosette,COSETTE_128d_256x4_f958,,740,train_loss,0.008962905933630874,COSETTE_128d_256x4_f958,anobrogk
cosette,COSETTE_128d_256x4_f958,,740,lr,0.00035900000000000005,COSETTE_128d_256x4_f958,anobrogk
cosette,COSETTE_128d_256x4_f958,,741,train_loss,0.0089680638228511,COSETTE_128d_256x4_f958,anobrogk
cosette,COSETTE_128d_256x4_f958,,741,lr,0.00035800000000000003,COSETTE_128d_256x4_f958,anobrogk
cosette,COSETTE_128d_256x4_f958,,742,train_loss,0.008960506043814377,COSETTE_128d_256x4_f958,anobrogk
cosette,COSETTE_128d_256x4_f958,,742,lr,0.000357,COSETTE_128d_256x4_f958,anobrogk
cosette,COSETTE_128d_256x4_f958,,743,train_loss,0.008942213027213493,COSETTE_128d_256x4_f958,anobrogk
cosette,COSETTE_128d_256x4_f958,,743,lr,0.0003560000000000001,COSETTE_128d_256x4_f958,anobrogk
cosette,COSETTE_128d_256x4_f958,,744,train_loss,0.008970266347215781,COSETTE_128d_256x4_f958,anobrogk
cosette,COSETTE_128d_256x4_f958,,744,lr,0.00035500000000000006,COSETTE_128d_256x4_f958,anobrogk
cosette,COSETTE_128d_256x4_f958,,745,train_loss,0.008941774235117706,COSETTE_128d_256x4_f958,anobrogk
cosette,COSETTE_128d_256x4_f958,,745,lr,0.00035400000000000004,COSETTE_128d_256x4_f958,anobrogk
cosette,COSETTE_128d_256x4_f958,,746,train_loss,0.0089829309961234,COSETTE_128d_256x4_f958,anobrogk
cosette,COSETTE_128d_256x4_f958,,746,lr,0.000353,COSETTE_128d_256x4_f958,anobrogk
cosette,COSETTE_128d_256x4_f958,,747,train_loss,0.008959493428554344,COSETTE_128d_256x4_f958,anobrogk
cosette,COSETTE_128d_256x4_f958,,747,lr,0.0003520000000000001,COSETTE_128d_256x4_f958,anobrogk
cosette,COSETTE_128d_256x4_f958,,748,train_loss,0.008974923859296855,COSETTE_128d_256x4_f958,anobrogk
cosette,COSETTE_128d_256x4_f958,,748,lr,0.0003510000000000001,COSETTE_128d_256x4_f958,anobrogk
cosette,COSETTE_128d_256x4_f958,,749,train_loss,0.008948997519482145,COSETTE_128d_256x4_f958,anobrogk
cosette,COSETTE_128d_256x4_f958,,749,lr,0.00035000000000000005,COSETTE_128d_256x4_f958,anobrogk
cosette,COSETTE_128d_256x4_f958,,750,train_loss,0.008965169250879479,COSETTE_128d_256x4_f958,anobrogk
cosette,COSETTE_128d_256x4_f958,,750,lr,0.000349,COSETTE_128d_256x4_f958,anobrogk
cosette,COSETTE_128d_256x4_f958,,751,train_loss,0.008973110135344934,COSETTE_128d_256x4_f958,anobrogk
cosette,COSETTE_128d_256x4_f958,,751,lr,0.000348,COSETTE_128d_256x4_f958,anobrogk
cosette,COSETTE_128d_256x4_f958,,752,train_loss,0.008930985301989935,COSETTE_128d_256x4_f958,anobrogk
cosette,COSETTE_128d_256x4_f958,,752,lr,0.0003470000000000001,COSETTE_128d_256x4_f958,anobrogk
cosette,COSETTE_128d_256x4_f958,,753,train_loss,0.008970137781881053,COSETTE_128d_256x4_f958,anobrogk
cosette,COSETTE_128d_256x4_f958,,753,lr,0.00034600000000000006,COSETTE_128d_256x4_f958,anobrogk
cosette,COSETTE_128d_256x4_f958,,754,train_loss,0.008965222250627377,COSETTE_128d_256x4_f958,anobrogk
cosette,COSETTE_128d_256x4_f958,,754,lr,0.00034500000000000004,COSETTE_128d_256x4_f958,anobrogk
cosette,COSETTE_128d_256x4_f958,,755,train_loss,0.00893477822557606,COSETTE_128d_256x4_f958,anobrogk
cosette,COSETTE_128d_256x4_f958,,755,lr,0.000344,COSETTE_128d_256x4_f958,anobrogk
cosette,COSETTE_128d_256x4_f958,,756,train_loss,0.008966745359116587,COSETTE_128d_256x4_f958,anobrogk
cosette,COSETTE_128d_256x4_f958,,756,lr,0.0003430000000000001,COSETTE_128d_256x4_f958,anobrogk
cosette,COSETTE_128d_256x4_f958,,757,train_loss,0.008925701041930708,COSETTE_128d_256x4_f958,anobrogk
cosette,COSETTE_128d_256x4_f958,,757,lr,0.0003420000000000001,COSETTE_128d_256x4_f958,anobrogk
cosette,COSETTE_128d_256x4_f958,,758,train_loss,0.008951753324390143,COSETTE_128d_256x4_f958,anobrogk
cosette,COSETTE_128d_256x4_f958,,758,lr,0.00034100000000000005,COSETTE_128d_256x4_f958,anobrogk
cosette,COSETTE_128d_256x4_f958,,759,train_loss,0.008954669273961552,COSETTE_128d_256x4_f958,anobrogk
cosette,COSETTE_128d_256x4_f958,,759,lr,0.00034,COSETTE_128d_256x4_f958,anobrogk
cosette,COSETTE_128d_256x4_f958,,760,train_loss,0.008959467694077681,COSETTE_128d_256x4_f958,anobrogk
cosette,COSETTE_128d_256x4_f958,,760,lr,0.000339,COSETTE_128d_256x4_f958,anobrogk
cosette,COSETTE_128d_256x4_f958,,761,train_loss,0.008954859595617346,COSETTE_128d_256x4_f958,anobrogk
cosette,COSETTE_128d_256x4_f958,,761,lr,0.0003380000000000001,COSETTE_128d_256x4_f958,anobrogk
cosette,COSETTE_128d_256x4_f958,,762,train_loss,0.00896467773736209,COSETTE_128d_256x4_f958,anobrogk
cosette,COSETTE_128d_256x4_f958,,762,lr,0.00033700000000000006,COSETTE_128d_256x4_f958,anobrogk
cosette,COSETTE_128d_256x4_f958,,763,train_loss,0.008922839473033774,COSETTE_128d_256x4_f958,anobrogk
cosette,COSETTE_128d_256x4_f958,,763,lr,0.00033600000000000004,COSETTE_128d_256x4_f958,anobrogk
cosette,COSETTE_128d_256x4_f958,,764,train_loss,0.008919951613007607,COSETTE_128d_256x4_f958,anobrogk
cosette,COSETTE_128d_256x4_f958,,764,lr,0.000335,COSETTE_128d_256x4_f958,anobrogk
cosette,COSETTE_128d_256x4_f958,,765,train_loss,0.008956330293125805,COSETTE_128d_256x4_f958,anobrogk
cosette,COSETTE_128d_256x4_f958,,765,lr,0.0003340000000000001,COSETTE_128d_256x4_f958,anobrogk
cosette,COSETTE_128d_256x4_f958,,766,train_loss,0.00896280621788625,COSETTE_128d_256x4_f958,anobrogk
cosette,COSETTE_128d_256x4_f958,,766,lr,0.00033300000000000007,COSETTE_128d_256x4_f958,anobrogk
cosette,COSETTE_128d_256x4_f958,,767,train_loss,0.008971302138491606,COSETTE_128d_256x4_f958,anobrogk
cosette,COSETTE_128d_256x4_f958,,767,lr,0.00033200000000000005,COSETTE_128d_256x4_f958,anobrogk
cosette,COSETTE_128d_256x4_f958,,768,train_loss,0.008946722137859497,COSETTE_128d_256x4_f958,anobrogk
cosette,COSETTE_128d_256x4_f958,,768,lr,0.000331,COSETTE_128d_256x4_f958,anobrogk
cosette,COSETTE_128d_256x4_f958,,769,train_loss,0.008948101233905076,COSETTE_128d_256x4_f958,anobrogk
cosette,COSETTE_128d_256x4_f958,,769,lr,0.00033,COSETTE_128d_256x4_f958,anobrogk
cosette,COSETTE_128d_256x4_f958,,770,train_loss,0.009003049469199673,COSETTE_128d_256x4_f958,anobrogk
cosette,COSETTE_128d_256x4_f958,,770,lr,0.0003290000000000001,COSETTE_128d_256x4_f958,anobrogk
cosette,COSETTE_128d_256x4_f958,,771,train_loss,0.008980173189407109,COSETTE_128d_256x4_f958,anobrogk
cosette,COSETTE_128d_256x4_f958,,771,lr,0.00032800000000000006,COSETTE_128d_256x4_f958,anobrogk
cosette,COSETTE_128d_256x4_f958,,772,train_loss,0.008975682223494022,COSETTE_128d_256x4_f958,anobrogk
cosette,COSETTE_128d_256x4_f958,,772,lr,0.00032700000000000003,COSETTE_128d_256x4_f958,anobrogk
cosette,COSETTE_128d_256x4_f958,,773,train_loss,0.008985143122744973,COSETTE_128d_256x4_f958,anobrogk
cosette,COSETTE_128d_256x4_f958,,773,lr,0.000326,COSETTE_128d_256x4_f958,anobrogk
cosette,COSETTE_128d_256x4_f958,,774,train_loss,0.008968493515818278,COSETTE_128d_256x4_f958,anobrogk
cosette,COSETTE_128d_256x4_f958,,774,lr,0.0003250000000000001,COSETTE_128d_256x4_f958,anobrogk
cosette,COSETTE_128d_256x4_f958,,775,train_loss,0.008990046118610893,COSETTE_128d_256x4_f958,anobrogk
cosette,COSETTE_128d_256x4_f958,,775,lr,0.00032400000000000007,COSETTE_128d_256x4_f958,anobrogk
cosette,COSETTE_128d_256x4_f958,,776,train_loss,0.008957535360308216,COSETTE_128d_256x4_f958,anobrogk
cosette,COSETTE_128d_256x4_f958,,776,lr,0.00032300000000000004,COSETTE_128d_256x4_f958,anobrogk
cosette,COSETTE_128d_256x4_f958,,777,train_loss,0.008986459852292619,COSETTE_128d_256x4_f958,anobrogk
cosette,COSETTE_128d_256x4_f958,,777,lr,0.000322,COSETTE_128d_256x4_f958,anobrogk
cosette,COSETTE_128d_256x4_f958,,778,train_loss,0.008928065712767086,COSETTE_128d_256x4_f958,anobrogk
cosette,COSETTE_128d_256x4_f958,,778,lr,0.0003210000000000001,COSETTE_128d_256x4_f958,anobrogk
cosette,COSETTE_128d_256x4_f958,,779,train_loss,0.008970033784193551,COSETTE_128d_256x4_f958,anobrogk
cosette,COSETTE_128d_256x4_f958,,779,lr,0.0003200000000000001,COSETTE_128d_256x4_f958,anobrogk
cosette,COSETTE_128d_256x4_f958,,780,train_loss,0.008977480639500181,COSETTE_128d_256x4_f958,anobrogk
cosette,COSETTE_128d_256x4_f958,,780,lr,0.00031900000000000006,COSETTE_128d_256x4_f958,anobrogk
cosette,COSETTE_128d_256x4_f958,,781,train_loss,0.008975685616933751,COSETTE_128d_256x4_f958,anobrogk
cosette,COSETTE_128d_256x4_f958,,781,lr,0.00031800000000000003,COSETTE_128d_256x4_f958,anobrogk
cosette,COSETTE_128d_256x4_f958,,782,train_loss,0.008980625694424944,COSETTE_128d_256x4_f958,anobrogk
cosette,COSETTE_128d_256x4_f958,,782,lr,0.000317,COSETTE_128d_256x4_f958,anobrogk
cosette,COSETTE_128d_256x4_f958,,783,train_loss,0.008969024444619817,COSETTE_128d_256x4_f958,anobrogk
cosette,COSETTE_128d_256x4_f958,,783,lr,0.0003160000000000001,COSETTE_128d_256x4_f958,anobrogk
cosette,COSETTE_128d_256x4_f958,,784,train_loss,0.008966534494839865,COSETTE_128d_256x4_f958,anobrogk
cosette,COSETTE_128d_256x4_f958,,784,lr,0.00031500000000000007,COSETTE_128d_256x4_f958,anobrogk
cosette,COSETTE_128d_256x4_f958,,785,train_loss,0.008958216478255975,COSETTE_128d_256x4_f958,anobrogk
cosette,COSETTE_128d_256x4_f958,,785,lr,0.00031400000000000004,COSETTE_128d_256x4_f958,anobrogk
cosette,COSETTE_128d_256x4_f958,,786,train_loss,0.008980275185286312,COSETTE_128d_256x4_f958,anobrogk
cosette,COSETTE_128d_256x4_f958,,786,lr,0.000313,COSETTE_128d_256x4_f958,anobrogk
cosette,COSETTE_128d_256x4_f958,,787,train_loss,0.00899264628560036,COSETTE_128d_256x4_f958,anobrogk
cosette,COSETTE_128d_256x4_f958,,787,lr,0.0003120000000000001,COSETTE_128d_256x4_f958,anobrogk
cosette,COSETTE_128d_256x4_f958,,788,train_loss,0.008974531001743228,COSETTE_128d_256x4_f958,anobrogk
cosette,COSETTE_128d_256x4_f958,,788,lr,0.0003110000000000001,COSETTE_128d_256x4_f958,anobrogk
cosette,COSETTE_128d_256x4_f958,,789,train_loss,0.008927542298775295,COSETTE_128d_256x4_f958,anobrogk
cosette,COSETTE_128d_256x4_f958,,789,lr,0.00031000000000000005,COSETTE_128d_256x4_f958,anobrogk
cosette,COSETTE_128d_256x4_f958,,790,train_loss,0.008962211830691357,COSETTE_128d_256x4_f958,anobrogk
cosette,COSETTE_128d_256x4_f958,,790,lr,0.00030900000000000003,COSETTE_128d_256x4_f958,anobrogk
cosette,COSETTE_128d_256x4_f958,,791,train_loss,0.008970276463305813,COSETTE_128d_256x4_f958,anobrogk
cosette,COSETTE_128d_256x4_f958,,791,lr,0.000308,COSETTE_128d_256x4_f958,anobrogk
cosette,COSETTE_128d_256x4_f958,,792,train_loss,0.008961290624206777,COSETTE_128d_256x4_f958,anobrogk
cosette,COSETTE_128d_256x4_f958,,792,lr,0.0003070000000000001,COSETTE_128d_256x4_f958,anobrogk
cosette,COSETTE_128d_256x4_f958,,793,train_loss,0.009007468423538507,COSETTE_128d_256x4_f958,anobrogk
cosette,COSETTE_128d_256x4_f958,,793,lr,0.00030600000000000007,COSETTE_128d_256x4_f958,anobrogk
cosette,COSETTE_128d_256x4_f958,,794,train_loss,0.008989447385243987,COSETTE_128d_256x4_f958,anobrogk
cosette,COSETTE_128d_256x4_f958,,794,lr,0.00030500000000000004,COSETTE_128d_256x4_f958,anobrogk
cosette,COSETTE_128d_256x4_f958,,795,train_loss,0.008972716185895877,COSETTE_128d_256x4_f958,anobrogk
cosette,COSETTE_128d_256x4_f958,,795,lr,0.000304,COSETTE_128d_256x4_f958,anobrogk
cosette,COSETTE_128d_256x4_f958,,796,train_loss,0.008984707124616907,COSETTE_128d_256x4_f958,anobrogk
cosette,COSETTE_128d_256x4_f958,,796,lr,0.0003030000000000001,COSETTE_128d_256x4_f958,anobrogk
cosette,COSETTE_128d_256x4_f958,,797,train_loss,0.008960923897209525,COSETTE_128d_256x4_f958,anobrogk
cosette,COSETTE_128d_256x4_f958,,797,lr,0.0003020000000000001,COSETTE_128d_256x4_f958,anobrogk
cosette,COSETTE_128d_256x4_f958,,798,train_loss,0.008965038384000461,COSETTE_128d_256x4_f958,anobrogk
cosette,COSETTE_128d_256x4_f958,,798,lr,0.00030100000000000005,COSETTE_128d_256x4_f958,anobrogk
cosette,COSETTE_128d_256x4_f958,,799,train_loss,0.008980435073033142,COSETTE_128d_256x4_f958,anobrogk
cosette,COSETTE_128d_256x4_f958,,799,lr,0.00030000000000000003,COSETTE_128d_256x4_f958,anobrogk
cosette,COSETTE_128d_256x4_f958,,799,collision_rate,0.01380051235435088,COSETTE_128d_256x4_f958,anobrogk
cosette,COSETTE_128d_256x4_f958,,799,mean_collisions,1.0139936316406906,COSETTE_128d_256x4_f958,anobrogk
cosette,COSETTE_128d_256x4_f958,,799,max_collisions,12.0,COSETTE_128d_256x4_f958,anobrogk
cosette,COSETTE_128d_256x4_f958,,800,train_loss,0.008987603227383099,COSETTE_128d_256x4_f958,anobrogk
cosette,COSETTE_128d_256x4_f958,,800,lr,0.000299,COSETTE_128d_256x4_f958,anobrogk
cosette,COSETTE_128d_256x4_f958,,801,train_loss,0.008967059107775658,COSETTE_128d_256x4_f958,anobrogk
cosette,COSETTE_128d_256x4_f958,,801,lr,0.0002980000000000001,COSETTE_128d_256x4_f958,anobrogk
cosette,COSETTE_128d_256x4_f958,,802,train_loss,0.009001481218327737,COSETTE_128d_256x4_f958,anobrogk
cosette,COSETTE_128d_256x4_f958,,802,lr,0.00029700000000000006,COSETTE_128d_256x4_f958,anobrogk
cosette,COSETTE_128d_256x4_f958,,803,train_loss,0.008979629243499244,COSETTE_128d_256x4_f958,anobrogk
cosette,COSETTE_128d_256x4_f958,,803,lr,0.00029600000000000004,COSETTE_128d_256x4_f958,anobrogk
cosette,COSETTE_128d_256x4_f958,,804,train_loss,0.008972993420287111,COSETTE_128d_256x4_f958,anobrogk
cosette,COSETTE_128d_256x4_f958,,804,lr,0.000295,COSETTE_128d_256x4_f958,anobrogk
cosette,COSETTE_128d_256x4_f958,,805,train_loss,0.00898249074816704,COSETTE_128d_256x4_f958,anobrogk
cosette,COSETTE_128d_256x4_f958,,805,lr,0.0002940000000000001,COSETTE_128d_256x4_f958,anobrogk
cosette,COSETTE_128d_256x4_f958,,806,train_loss,0.008978973153507576,COSETTE_128d_256x4_f958,anobrogk
cosette,COSETTE_128d_256x4_f958,,806,lr,0.0002930000000000001,COSETTE_128d_256x4_f958,anobrogk
cosette,COSETTE_128d_256x4_f958,,807,train_loss,0.008981922266726521,COSETTE_128d_256x4_f958,anobrogk
cosette,COSETTE_128d_256x4_f958,,807,lr,0.00029200000000000005,COSETTE_128d_256x4_f958,anobrogk
cosette,COSETTE_128d_256x4_f958,,808,train_loss,0.008969071406828259,COSETTE_128d_256x4_f958,anobrogk
cosette,COSETTE_128d_256x4_f958,,808,lr,0.000291,COSETTE_128d_256x4_f958,anobrogk
cosette,COSETTE_128d_256x4_f958,,809,train_loss,0.00899758611687983,COSETTE_128d_256x4_f958,anobrogk
cosette,COSETTE_128d_256x4_f958,,809,lr,0.00029,COSETTE_128d_256x4_f958,anobrogk
cosette,COSETTE_128d_256x4_f958,,810,train_loss,0.00897066696579086,COSETTE_128d_256x4_f958,anobrogk
cosette,COSETTE_128d_256x4_f958,,810,lr,0.0002890000000000001,COSETTE_128d_256x4_f958,anobrogk
cosette,COSETTE_128d_256x4_f958,,811,train_loss,0.008952662605663827,COSETTE_128d_256x4_f958,anobrogk
cosette,COSETTE_128d_256x4_f958,,811,lr,0.00028800000000000006,COSETTE_128d_256x4_f958,anobrogk
cosette,COSETTE_128d_256x4_f958,,812,train_loss,0.008977008266267421,COSETTE_128d_256x4_f958,anobrogk
cosette,COSETTE_128d_256x4_f958,,812,lr,0.00028700000000000004,COSETTE_128d_256x4_f958,anobrogk
cosette,COSETTE_128d_256x4_f958,,813,train_loss,0.008955486943067494,COSETTE_128d_256x4_f958,anobrogk
cosette,COSETTE_128d_256x4_f958,,813,lr,0.000286,COSETTE_128d_256x4_f958,anobrogk
cosette,COSETTE_128d_256x4_f958,,814,train_loss,0.008960601499025847,COSETTE_128d_256x4_f958,anobrogk
cosette,COSETTE_128d_256x4_f958,,814,lr,0.0002850000000000001,COSETTE_128d_256x4_f958,anobrogk
cosette,COSETTE_128d_256x4_f958,,815,train_loss,0.008956781385102492,COSETTE_128d_256x4_f958,anobrogk
cosette,COSETTE_128d_256x4_f958,,815,lr,0.00028400000000000007,COSETTE_128d_256x4_f958,anobrogk
cosette,COSETTE_128d_256x4_f958,,816,train_loss,0.008988137592443787,COSETTE_128d_256x4_f958,anobrogk
cosette,COSETTE_128d_256x4_f958,,816,lr,0.00028300000000000005,COSETTE_128d_256x4_f958,anobrogk
cosette,COSETTE_128d_256x4_f958,,817,train_loss,0.008961198112831036,COSETTE_128d_256x4_f958,anobrogk
cosette,COSETTE_128d_256x4_f958,,817,lr,0.000282,COSETTE_128d_256x4_f958,anobrogk
cosette,COSETTE_128d_256x4_f958,,818,train_loss,0.008972373480598128,COSETTE_128d_256x4_f958,anobrogk
cosette,COSETTE_128d_256x4_f958,,818,lr,0.000281,COSETTE_128d_256x4_f958,anobrogk
cosette,COSETTE_128d_256x4_f958,,819,train_loss,0.00897644135844091,COSETTE_128d_256x4_f958,anobrogk
cosette,COSETTE_128d_256x4_f958,,819,lr,0.0002800000000000001,COSETTE_128d_256x4_f958,anobrogk
cosette,COSETTE_128d_256x4_f958,,820,train_loss,0.009012905934333116,COSETTE_128d_256x4_f958,anobrogk
cosette,COSETTE_128d_256x4_f958,,820,lr,0.00027900000000000006,COSETTE_128d_256x4_f958,anobrogk
cosette,COSETTE_128d_256x4_f958,,821,train_loss,0.008986595097458227,COSETTE_128d_256x4_f958,anobrogk
cosette,COSETTE_128d_256x4_f958,,821,lr,0.00027800000000000004,COSETTE_128d_256x4_f958,anobrogk
cosette,COSETTE_128d_256x4_f958,,822,train_loss,0.009020130021561837,COSETTE_128d_256x4_f958,anobrogk
cosette,COSETTE_128d_256x4_f958,,822,lr,0.000277,COSETTE_128d_256x4_f958,anobrogk
cosette,COSETTE_128d_256x4_f958,,823,train_loss,0.00896031324933658,COSETTE_128d_256x4_f958,anobrogk
cosette,COSETTE_128d_256x4_f958,,823,lr,0.0002760000000000001,COSETTE_128d_256x4_f958,anobrogk
cosette,COSETTE_128d_256x4_f958,,824,train_loss,0.009005263768907252,COSETTE_128d_256x4_f958,anobrogk
cosette,COSETTE_128d_256x4_f958,,824,lr,0.00027500000000000007,COSETTE_128d_256x4_f958,anobrogk
cosette,COSETTE_128d_256x4_f958,,825,train_loss,0.008993282100592534,COSETTE_128d_256x4_f958,anobrogk
cosette,COSETTE_128d_256x4_f958,,825,lr,0.00027400000000000005,COSETTE_128d_256x4_f958,anobrogk
cosette,COSETTE_128d_256x4_f958,,826,train_loss,0.008974344812162301,COSETTE_128d_256x4_f958,anobrogk
cosette,COSETTE_128d_256x4_f958,,826,lr,0.000273,COSETTE_128d_256x4_f958,anobrogk
cosette,COSETTE_128d_256x4_f958,,827,train_loss,0.008992436031500496,COSETTE_128d_256x4_f958,anobrogk
cosette,COSETTE_128d_256x4_f958,,827,lr,0.0002720000000000001,COSETTE_128d_256x4_f958,anobrogk
cosette,COSETTE_128d_256x4_f958,,828,train_loss,0.008962968364357948,COSETTE_128d_256x4_f958,anobrogk
cosette,COSETTE_128d_256x4_f958,,828,lr,0.0002710000000000001,COSETTE_128d_256x4_f958,anobrogk
cosette,COSETTE_128d_256x4_f958,,829,train_loss,0.009002541480907076,COSETTE_128d_256x4_f958,anobrogk
cosette,COSETTE_128d_256x4_f958,,829,lr,0.00027000000000000006,COSETTE_128d_256x4_f958,anobrogk
cosette,COSETTE_128d_256x4_f958,,830,train_loss,0.009007903190607998,COSETTE_128d_256x4_f958,anobrogk
cosette,COSETTE_128d_256x4_f958,,830,lr,0.00026900000000000003,COSETTE_128d_256x4_f958,anobrogk
cosette,COSETTE_128d_256x4_f958,,831,train_loss,0.008983991793945604,COSETTE_128d_256x4_f958,anobrogk
cosette,COSETTE_128d_256x4_f958,,831,lr,0.000268,COSETTE_128d_256x4_f958,anobrogk
cosette,COSETTE_128d_256x4_f958,,832,train_loss,0.008980607967181455,COSETTE_128d_256x4_f958,anobrogk
cosette,COSETTE_128d_256x4_f958,,832,lr,0.0002670000000000001,COSETTE_128d_256x4_f958,anobrogk
cosette,COSETTE_128d_256x4_f958,,833,train_loss,0.008986365970695154,COSETTE_128d_256x4_f958,anobrogk
cosette,COSETTE_128d_256x4_f958,,833,lr,0.00026600000000000007,COSETTE_128d_256x4_f958,anobrogk
cosette,COSETTE_128d_256x4_f958,,834,train_loss,0.009002620782489064,COSETTE_128d_256x4_f958,anobrogk
cosette,COSETTE_128d_256x4_f958,,834,lr,0.00026500000000000004,COSETTE_128d_256x4_f958,anobrogk
cosette,COSETTE_128d_256x4_f958,,835,train_loss,0.009015119120735543,COSETTE_128d_256x4_f958,anobrogk
cosette,COSETTE_128d_256x4_f958,,835,lr,0.000264,COSETTE_128d_256x4_f958,anobrogk
cosette,COSETTE_128d_256x4_f958,,836,train_loss,0.008995269617900769,COSETTE_128d_256x4_f958,anobrogk
cosette,COSETTE_128d_256x4_f958,,836,lr,0.0002630000000000001,COSETTE_128d_256x4_f958,anobrogk
cosette,COSETTE_128d_256x4_f958,,837,train_loss,0.009006636345694801,COSETTE_128d_256x4_f958,anobrogk
cosette,COSETTE_128d_256x4_f958,,837,lr,0.0002620000000000001,COSETTE_128d_256x4_f958,anobrogk
cosette,COSETTE_128d_256x4_f958,,838,train_loss,0.008996602597421612,COSETTE_128d_256x4_f958,anobrogk
cosette,COSETTE_128d_256x4_f958,,838,lr,0.00026100000000000006,COSETTE_128d_256x4_f958,anobrogk
cosette,COSETTE_128d_256x4_f958,,839,train_loss,0.009007387837373657,COSETTE_128d_256x4_f958,anobrogk
cosette,COSETTE_128d_256x4_f958,,839,lr,0.00026000000000000003,COSETTE_128d_256x4_f958,anobrogk
cosette,COSETTE_128d_256x4_f958,,840,train_loss,0.00901566298100455,COSETTE_128d_256x4_f958,anobrogk
cosette,COSETTE_128d_256x4_f958,,840,lr,0.000259,COSETTE_128d_256x4_f958,anobrogk
cosette,COSETTE_128d_256x4_f958,,841,train_loss,0.008990332195214156,COSETTE_128d_256x4_f958,anobrogk
cosette,COSETTE_128d_256x4_f958,,841,lr,0.0002580000000000001,COSETTE_128d_256x4_f958,anobrogk
cosette,COSETTE_128d_256x4_f958,,842,train_loss,0.009004509386916952,COSETTE_128d_256x4_f958,anobrogk
cosette,COSETTE_128d_256x4_f958,,842,lr,0.00025700000000000007,COSETTE_128d_256x4_f958,anobrogk
cosette,COSETTE_128d_256x4_f958,,843,train_loss,0.008978903218675623,COSETTE_128d_256x4_f958,anobrogk
cosette,COSETTE_128d_256x4_f958,,843,lr,0.00025600000000000004,COSETTE_128d_256x4_f958,anobrogk
cosette,COSETTE_128d_256x4_f958,,844,train_loss,0.009008632865787927,COSETTE_128d_256x4_f958,anobrogk
cosette,COSETTE_128d_256x4_f958,,844,lr,0.000255,COSETTE_128d_256x4_f958,anobrogk
cosette,COSETTE_128d_256x4_f958,,845,train_loss,0.009009235956031703,COSETTE_128d_256x4_f958,anobrogk
cosette,COSETTE_128d_256x4_f958,,845,lr,0.0002540000000000001,COSETTE_128d_256x4_f958,anobrogk
cosette,COSETTE_128d_256x4_f958,,846,train_loss,0.008987897643070114,COSETTE_128d_256x4_f958,anobrogk
cosette,COSETTE_128d_256x4_f958,,846,lr,0.0002530000000000001,COSETTE_128d_256x4_f958,anobrogk
cosette,COSETTE_128d_256x4_f958,,847,train_loss,0.008977990319160212,COSETTE_128d_256x4_f958,anobrogk
cosette,COSETTE_128d_256x4_f958,,847,lr,0.00025200000000000005,COSETTE_128d_256x4_f958,anobrogk
cosette,COSETTE_128d_256x4_f958,,848,train_loss,0.008977360948492056,COSETTE_128d_256x4_f958,anobrogk
cosette,COSETTE_128d_256x4_f958,,848,lr,0.00025100000000000003,COSETTE_128d_256x4_f958,anobrogk
cosette,COSETTE_128d_256x4_f958,,849,train_loss,0.009021932184268007,COSETTE_128d_256x4_f958,anobrogk
cosette,COSETTE_128d_256x4_f958,,849,lr,0.00025,COSETTE_128d_256x4_f958,anobrogk
cosette,COSETTE_128d_256x4_f958,,850,train_loss,0.0090074057787143,COSETTE_128d_256x4_f958,anobrogk
cosette,COSETTE_128d_256x4_f958,,850,lr,0.0002490000000000001,COSETTE_128d_256x4_f958,anobrogk
cosette,COSETTE_128d_256x4_f958,,851,train_loss,0.008967843302793202,COSETTE_128d_256x4_f958,anobrogk
cosette,COSETTE_128d_256x4_f958,,851,lr,0.00024800000000000007,COSETTE_128d_256x4_f958,anobrogk
cosette,COSETTE_128d_256x4_f958,,852,train_loss,0.008986784841051731,COSETTE_128d_256x4_f958,anobrogk
cosette,COSETTE_128d_256x4_f958,,852,lr,0.00024700000000000004,COSETTE_128d_256x4_f958,anobrogk
cosette,COSETTE_128d_256x4_f958,,853,train_loss,0.009007923701114352,COSETTE_128d_256x4_f958,anobrogk
cosette,COSETTE_128d_256x4_f958,,853,lr,0.000246,COSETTE_128d_256x4_f958,anobrogk
cosette,COSETTE_128d_256x4_f958,,854,train_loss,0.008994368665005968,COSETTE_128d_256x4_f958,anobrogk
cosette,COSETTE_128d_256x4_f958,,854,lr,0.0002450000000000001,COSETTE_128d_256x4_f958,anobrogk
cosette,COSETTE_128d_256x4_f958,,855,train_loss,0.00897471693440758,COSETTE_128d_256x4_f958,anobrogk
cosette,COSETTE_128d_256x4_f958,,855,lr,0.00024400000000000008,COSETTE_128d_256x4_f958,anobrogk
cosette,COSETTE_128d_256x4_f958,,856,train_loss,0.009024174209555674,COSETTE_128d_256x4_f958,anobrogk
cosette,COSETTE_128d_256x4_f958,,856,lr,0.00024300000000000005,COSETTE_128d_256x4_f958,anobrogk
cosette,COSETTE_128d_256x4_f958,,857,train_loss,0.008989673632400476,COSETTE_128d_256x4_f958,anobrogk
cosette,COSETTE_128d_256x4_f958,,857,lr,0.00024200000000000003,COSETTE_128d_256x4_f958,anobrogk
cosette,COSETTE_128d_256x4_f958,,858,train_loss,0.00900997659298538,COSETTE_128d_256x4_f958,anobrogk
cosette,COSETTE_128d_256x4_f958,,858,lr,0.000241,COSETTE_128d_256x4_f958,anobrogk
cosette,COSETTE_128d_256x4_f958,,859,train_loss,0.008993062950756362,COSETTE_128d_256x4_f958,anobrogk
cosette,COSETTE_128d_256x4_f958,,859,lr,0.0002400000000000001,COSETTE_128d_256x4_f958,anobrogk
cosette,COSETTE_128d_256x4_f958,,860,train_loss,0.008976573959506795,COSETTE_128d_256x4_f958,anobrogk
cosette,COSETTE_128d_256x4_f958,,860,lr,0.00023900000000000006,COSETTE_128d_256x4_f958,anobrogk
cosette,COSETTE_128d_256x4_f958,,861,train_loss,0.009009190096423543,COSETTE_128d_256x4_f958,anobrogk
cosette,COSETTE_128d_256x4_f958,,861,lr,0.00023800000000000004,COSETTE_128d_256x4_f958,anobrogk
cosette,COSETTE_128d_256x4_f958,,862,train_loss,0.009006738630605157,COSETTE_128d_256x4_f958,anobrogk
cosette,COSETTE_128d_256x4_f958,,862,lr,0.00023700000000000001,COSETTE_128d_256x4_f958,anobrogk
cosette,COSETTE_128d_256x4_f958,,863,train_loss,0.008985700503248597,COSETTE_128d_256x4_f958,anobrogk
cosette,COSETTE_128d_256x4_f958,,863,lr,0.0002360000000000001,COSETTE_128d_256x4_f958,anobrogk
cosette,COSETTE_128d_256x4_f958,,864,train_loss,0.008978320114400194,COSETTE_128d_256x4_f958,anobrogk
cosette,COSETTE_128d_256x4_f958,,864,lr,0.00023500000000000007,COSETTE_128d_256x4_f958,anobrogk
cosette,COSETTE_128d_256x4_f958,,865,train_loss,0.008981442988860876,COSETTE_128d_256x4_f958,anobrogk
cosette,COSETTE_128d_256x4_f958,,865,lr,0.00023400000000000005,COSETTE_128d_256x4_f958,anobrogk
cosette,COSETTE_128d_256x4_f958,,866,train_loss,0.008987507996973638,COSETTE_128d_256x4_f958,anobrogk
cosette,COSETTE_128d_256x4_f958,,866,lr,0.00023300000000000003,COSETTE_128d_256x4_f958,anobrogk
cosette,COSETTE_128d_256x4_f958,,867,train_loss,0.008997499921369825,COSETTE_128d_256x4_f958,anobrogk
cosette,COSETTE_128d_256x4_f958,,867,lr,0.000232,COSETTE_128d_256x4_f958,anobrogk
cosette,COSETTE_128d_256x4_f958,,868,train_loss,0.009012777283359533,COSETTE_128d_256x4_f958,anobrogk
cosette,COSETTE_128d_256x4_f958,,868,lr,0.00023100000000000009,COSETTE_128d_256x4_f958,anobrogk
cosette,COSETTE_128d_256x4_f958,,869,train_loss,0.009012531446314405,COSETTE_128d_256x4_f958,anobrogk
cosette,COSETTE_128d_256x4_f958,,869,lr,0.00023000000000000006,COSETTE_128d_256x4_f958,anobrogk
cosette,COSETTE_128d_256x4_f958,,870,train_loss,0.009009542682304464,COSETTE_128d_256x4_f958,anobrogk
cosette,COSETTE_128d_256x4_f958,,870,lr,0.00022900000000000004,COSETTE_128d_256x4_f958,anobrogk
cosette,COSETTE_128d_256x4_f958,,871,train_loss,0.009022826864116491,COSETTE_128d_256x4_f958,anobrogk
cosette,COSETTE_128d_256x4_f958,,871,lr,0.000228,COSETTE_128d_256x4_f958,anobrogk
cosette,COSETTE_128d_256x4_f958,,872,train_loss,0.008993592402287597,COSETTE_128d_256x4_f958,anobrogk
cosette,COSETTE_128d_256x4_f958,,872,lr,0.0002270000000000001,COSETTE_128d_256x4_f958,anobrogk
cosette,COSETTE_128d_256x4_f958,,873,train_loss,0.008991792808747155,COSETTE_128d_256x4_f958,anobrogk
cosette,COSETTE_128d_256x4_f958,,873,lr,0.00022600000000000007,COSETTE_128d_256x4_f958,anobrogk
cosette,COSETTE_128d_256x4_f958,,874,train_loss,0.00900456945187059,COSETTE_128d_256x4_f958,anobrogk
cosette,COSETTE_128d_256x4_f958,,874,lr,0.00022500000000000005,COSETTE_128d_256x4_f958,anobrogk
cosette,COSETTE_128d_256x4_f958,,875,train_loss,0.009027506877807361,COSETTE_128d_256x4_f958,anobrogk
cosette,COSETTE_128d_256x4_f958,,875,lr,0.00022400000000000002,COSETTE_128d_256x4_f958,anobrogk
cosette,COSETTE_128d_256x4_f958,,876,train_loss,0.009008932922934663,COSETTE_128d_256x4_f958,anobrogk
cosette,COSETTE_128d_256x4_f958,,876,lr,0.0002230000000000001,COSETTE_128d_256x4_f958,anobrogk
cosette,COSETTE_128d_256x4_f958,,877,train_loss,0.00896233069742548,COSETTE_128d_256x4_f958,anobrogk
cosette,COSETTE_128d_256x4_f958,,877,lr,0.00022200000000000008,COSETTE_128d_256x4_f958,anobrogk
cosette,COSETTE_128d_256x4_f958,,878,train_loss,0.009010205955255302,COSETTE_128d_256x4_f958,anobrogk
cosette,COSETTE_128d_256x4_f958,,878,lr,0.00022100000000000006,COSETTE_128d_256x4_f958,anobrogk
cosette,COSETTE_128d_256x4_f958,,879,train_loss,0.009025072935840178,COSETTE_128d_256x4_f958,anobrogk
cosette,COSETTE_128d_256x4_f958,,879,lr,0.00022000000000000003,COSETTE_128d_256x4_f958,anobrogk
cosette,COSETTE_128d_256x4_f958,,880,train_loss,0.009018493441586518,COSETTE_128d_256x4_f958,anobrogk
cosette,COSETTE_128d_256x4_f958,,880,lr,0.000219,COSETTE_128d_256x4_f958,anobrogk
cosette,COSETTE_128d_256x4_f958,,881,train_loss,0.009002831143637494,COSETTE_128d_256x4_f958,anobrogk
cosette,COSETTE_128d_256x4_f958,,881,lr,0.0002180000000000001,COSETTE_128d_256x4_f958,anobrogk
cosette,COSETTE_128d_256x4_f958,,882,train_loss,0.008999060946463168,COSETTE_128d_256x4_f958,anobrogk
cosette,COSETTE_128d_256x4_f958,,882,lr,0.00021700000000000007,COSETTE_128d_256x4_f958,anobrogk
cosette,COSETTE_128d_256x4_f958,,883,train_loss,0.009005791025942768,COSETTE_128d_256x4_f958,anobrogk
cosette,COSETTE_128d_256x4_f958,,883,lr,0.00021600000000000005,COSETTE_128d_256x4_f958,anobrogk
cosette,COSETTE_128d_256x4_f958,,884,train_loss,0.009021399681852466,COSETTE_128d_256x4_f958,anobrogk
cosette,COSETTE_128d_256x4_f958,,884,lr,0.00021500000000000002,COSETTE_128d_256x4_f958,anobrogk
cosette,COSETTE_128d_256x4_f958,,885,train_loss,0.008988899232327255,COSETTE_128d_256x4_f958,anobrogk
cosette,COSETTE_128d_256x4_f958,,885,lr,0.0002140000000000001,COSETTE_128d_256x4_f958,anobrogk
cosette,COSETTE_128d_256x4_f958,,886,train_loss,0.009012732986660525,COSETTE_128d_256x4_f958,anobrogk
cosette,COSETTE_128d_256x4_f958,,886,lr,0.00021300000000000008,COSETTE_128d_256x4_f958,anobrogk
cosette,COSETTE_128d_256x4_f958,,887,train_loss,0.008986322134305006,COSETTE_128d_256x4_f958,anobrogk
cosette,COSETTE_128d_256x4_f958,,887,lr,0.00021200000000000006,COSETTE_128d_256x4_f958,anobrogk
cosette,COSETTE_128d_256x4_f958,,888,train_loss,0.00899438201396287,COSETTE_128d_256x4_f958,anobrogk
cosette,COSETTE_128d_256x4_f958,,888,lr,0.00021100000000000003,COSETTE_128d_256x4_f958,anobrogk
cosette,COSETTE_128d_256x4_f958,,889,train_loss,0.008981849709204558,COSETTE_128d_256x4_f958,anobrogk
cosette,COSETTE_128d_256x4_f958,,889,lr,0.00021,COSETTE_128d_256x4_f958,anobrogk
cosette,COSETTE_128d_256x4_f958,,890,train_loss,0.009057679106534896,COSETTE_128d_256x4_f958,anobrogk
cosette,COSETTE_128d_256x4_f958,,890,lr,0.0002090000000000001,COSETTE_128d_256x4_f958,anobrogk
cosette,COSETTE_128d_256x4_f958,,891,train_loss,0.009024781271301465,COSETTE_128d_256x4_f958,anobrogk
cosette,COSETTE_128d_256x4_f958,,891,lr,0.00020800000000000007,COSETTE_128d_256x4_f958,anobrogk
cosette,COSETTE_128d_256x4_f958,,892,train_loss,0.009018797266842987,COSETTE_128d_256x4_f958,anobrogk
cosette,COSETTE_128d_256x4_f958,,892,lr,0.00020700000000000004,COSETTE_128d_256x4_f958,anobrogk
cosette,COSETTE_128d_256x4_f958,,893,train_loss,0.009007161493873457,COSETTE_128d_256x4_f958,anobrogk
cosette,COSETTE_128d_256x4_f958,,893,lr,0.00020600000000000002,COSETTE_128d_256x4_f958,anobrogk
cosette,COSETTE_128d_256x4_f958,,894,train_loss,0.008997508024946714,COSETTE_128d_256x4_f958,anobrogk
cosette,COSETTE_128d_256x4_f958,,894,lr,0.0002050000000000001,COSETTE_128d_256x4_f958,anobrogk
cosette,COSETTE_128d_256x4_f958,,895,train_loss,0.008988050272923782,COSETTE_128d_256x4_f958,anobrogk
cosette,COSETTE_128d_256x4_f958,,895,lr,0.00020400000000000008,COSETTE_128d_256x4_f958,anobrogk
cosette,COSETTE_128d_256x4_f958,,896,train_loss,0.008994152705217232,COSETTE_128d_256x4_f958,anobrogk
cosette,COSETTE_128d_256x4_f958,,896,lr,0.00020300000000000006,COSETTE_128d_256x4_f958,anobrogk
cosette,COSETTE_128d_256x4_f958,,897,train_loss,0.008993399447236938,COSETTE_128d_256x4_f958,anobrogk
cosette,COSETTE_128d_256x4_f958,,897,lr,0.00020200000000000003,COSETTE_128d_256x4_f958,anobrogk
cosette,COSETTE_128d_256x4_f958,,898,train_loss,0.009004452190865042,COSETTE_128d_256x4_f958,anobrogk
cosette,COSETTE_128d_256x4_f958,,898,lr,0.000201,COSETTE_128d_256x4_f958,anobrogk
cosette,COSETTE_128d_256x4_f958,,899,train_loss,0.009011051157253912,COSETTE_128d_256x4_f958,anobrogk
cosette,COSETTE_128d_256x4_f958,,899,lr,0.0002000000000000001,COSETTE_128d_256x4_f958,anobrogk
cosette,COSETTE_128d_256x4_f958,,899,collision_rate,0.015370630526402777,COSETTE_128d_256x4_f958,anobrogk
cosette,COSETTE_128d_256x4_f958,,899,mean_collisions,1.0156105749055813,COSETTE_128d_256x4_f958,anobrogk
cosette,COSETTE_128d_256x4_f958,,899,max_collisions,21.0,COSETTE_128d_256x4_f958,anobrogk
cosette,COSETTE_128d_256x4_f958,,900,train_loss,0.009028475410465536,COSETTE_128d_256x4_f958,anobrogk
cosette,COSETTE_128d_256x4_f958,,900,lr,0.00019900000000000007,COSETTE_128d_256x4_f958,anobrogk
cosette,COSETTE_128d_256x4_f958,,901,train_loss,0.009015377867838438,COSETTE_128d_256x4_f958,anobrogk
cosette,COSETTE_128d_256x4_f958,,901,lr,0.00019800000000000004,COSETTE_128d_256x4_f958,anobrogk
cosette,COSETTE_128d_256x4_f958,,902,train_loss,0.009004358362791865,COSETTE_128d_256x4_f958,anobrogk
cosette,COSETTE_128d_256x4_f958,,902,lr,0.00019700000000000002,COSETTE_128d_256x4_f958,anobrogk
cosette,COSETTE_128d_256x4_f958,,903,train_loss,0.009027571738537013,COSETTE_128d_256x4_f958,anobrogk
cosette,COSETTE_128d_256x4_f958,,903,lr,0.0001960000000000001,COSETTE_128d_256x4_f958,anobrogk
cosette,COSETTE_128d_256x4_f958,,904,train_loss,0.00900507674434747,COSETTE_128d_256x4_f958,anobrogk
cosette,COSETTE_128d_256x4_f958,,904,lr,0.00019500000000000008,COSETTE_128d_256x4_f958,anobrogk
cosette,COSETTE_128d_256x4_f958,,905,train_loss,0.009006924841595793,COSETTE_128d_256x4_f958,anobrogk
cosette,COSETTE_128d_256x4_f958,,905,lr,0.00019400000000000005,COSETTE_128d_256x4_f958,anobrogk
cosette,COSETTE_128d_256x4_f958,,906,train_loss,0.008971913428655987,COSETTE_128d_256x4_f958,anobrogk
cosette,COSETTE_128d_256x4_f958,,906,lr,0.00019300000000000003,COSETTE_128d_256x4_f958,anobrogk
cosette,COSETTE_128d_256x4_f958,,907,train_loss,0.009011110879652121,COSETTE_128d_256x4_f958,anobrogk
cosette,COSETTE_128d_256x4_f958,,907,lr,0.000192,COSETTE_128d_256x4_f958,anobrogk
cosette,COSETTE_128d_256x4_f958,,908,train_loss,0.009001345427214414,COSETTE_128d_256x4_f958,anobrogk
cosette,COSETTE_128d_256x4_f958,,908,lr,0.0001910000000000001,COSETTE_128d_256x4_f958,anobrogk
cosette,COSETTE_128d_256x4_f958,,909,train_loss,0.008988758870239914,COSETTE_128d_256x4_f958,anobrogk
cosette,COSETTE_128d_256x4_f958,,909,lr,0.00019000000000000006,COSETTE_128d_256x4_f958,anobrogk
cosette,COSETTE_128d_256x4_f958,,910,train_loss,0.009004818040064009,COSETTE_128d_256x4_f958,anobrogk
cosette,COSETTE_128d_256x4_f958,,910,lr,0.00018900000000000004,COSETTE_128d_256x4_f958,anobrogk
cosette,COSETTE_128d_256x4_f958,,911,train_loss,0.009027236269722726,COSETTE_128d_256x4_f958,anobrogk
cosette,COSETTE_128d_256x4_f958,,911,lr,0.00018800000000000002,COSETTE_128d_256x4_f958,anobrogk
cosette,COSETTE_128d_256x4_f958,,912,train_loss,0.008996442763199074,COSETTE_128d_256x4_f958,anobrogk
cosette,COSETTE_128d_256x4_f958,,912,lr,0.0001870000000000001,COSETTE_128d_256x4_f958,anobrogk
cosette,COSETTE_128d_256x4_f958,,913,train_loss,0.009010921007600325,COSETTE_128d_256x4_f958,anobrogk
cosette,COSETTE_128d_256x4_f958,,913,lr,0.00018600000000000008,COSETTE_128d_256x4_f958,anobrogk
cosette,COSETTE_128d_256x4_f958,,914,train_loss,0.009010567758018256,COSETTE_128d_256x4_f958,anobrogk
cosette,COSETTE_128d_256x4_f958,,914,lr,0.00018500000000000005,COSETTE_128d_256x4_f958,anobrogk
cosette,COSETTE_128d_256x4_f958,,915,train_loss,0.008995415739201268,COSETTE_128d_256x4_f958,anobrogk
cosette,COSETTE_128d_256x4_f958,,915,lr,0.00018400000000000003,COSETTE_128d_256x4_f958,anobrogk
cosette,COSETTE_128d_256x4_f958,,916,train_loss,0.009022881319724963,COSETTE_128d_256x4_f958,anobrogk
cosette,COSETTE_128d_256x4_f958,,916,lr,0.0001830000000000001,COSETTE_128d_256x4_f958,anobrogk
cosette,COSETTE_128d_256x4_f958,,917,train_loss,0.009006432022085821,COSETTE_128d_256x4_f958,anobrogk
cosette,COSETTE_128d_256x4_f958,,917,lr,0.0001820000000000001,COSETTE_128d_256x4_f958,anobrogk
cosette,COSETTE_128d_256x4_f958,,918,train_loss,0.00901251910361408,COSETTE_128d_256x4_f958,anobrogk
cosette,COSETTE_128d_256x4_f958,,918,lr,0.00018100000000000006,COSETTE_128d_256x4_f958,anobrogk
cosette,COSETTE_128d_256x4_f958,,919,train_loss,0.009002887568939692,COSETTE_128d_256x4_f958,anobrogk
cosette,COSETTE_128d_256x4_f958,,919,lr,0.00018000000000000004,COSETTE_128d_256x4_f958,anobrogk
cosette,COSETTE_128d_256x4_f958,,920,train_loss,0.009027616345676885,COSETTE_128d_256x4_f958,anobrogk
cosette,COSETTE_128d_256x4_f958,,920,lr,0.00017900000000000001,COSETTE_128d_256x4_f958,anobrogk
cosette,COSETTE_128d_256x4_f958,,921,train_loss,0.008965786567878446,COSETTE_128d_256x4_f958,anobrogk
cosette,COSETTE_128d_256x4_f958,,921,lr,0.0001780000000000001,COSETTE_128d_256x4_f958,anobrogk
cosette,COSETTE_128d_256x4_f958,,922,train_loss,0.00899443557036334,COSETTE_128d_256x4_f958,anobrogk
cosette,COSETTE_128d_256x4_f958,,922,lr,0.00017700000000000007,COSETTE_128d_256x4_f958,anobrogk
cosette,COSETTE_128d_256x4_f958,,923,train_loss,0.00897660016499717,COSETTE_128d_256x4_f958,anobrogk
cosette,COSETTE_128d_256x4_f958,,923,lr,0.00017600000000000005,COSETTE_128d_256x4_f958,anobrogk
cosette,COSETTE_128d_256x4_f958,,924,train_loss,0.008981579079710207,COSETTE_128d_256x4_f958,anobrogk
cosette,COSETTE_128d_256x4_f958,,924,lr,0.00017500000000000003,COSETTE_128d_256x4_f958,anobrogk
cosette,COSETTE_128d_256x4_f958,,925,train_loss,0.009011417595220022,COSETTE_128d_256x4_f958,anobrogk
cosette,COSETTE_128d_256x4_f958,,925,lr,0.0001740000000000001,COSETTE_128d_256x4_f958,anobrogk
cosette,COSETTE_128d_256x4_f958,,926,train_loss,0.0089935503536086,COSETTE_128d_256x4_f958,anobrogk
cosette,COSETTE_128d_256x4_f958,,926,lr,0.00017300000000000009,COSETTE_128d_256x4_f958,anobrogk
cosette,COSETTE_128d_256x4_f958,,927,train_loss,0.009000043502484248,COSETTE_128d_256x4_f958,anobrogk
cosette,COSETTE_128d_256x4_f958,,927,lr,0.00017200000000000006,COSETTE_128d_256x4_f958,anobrogk
cosette,COSETTE_128d_256x4_f958,,928,train_loss,0.009030338548038195,COSETTE_128d_256x4_f958,anobrogk
cosette,COSETTE_128d_256x4_f958,,928,lr,0.00017100000000000004,COSETTE_128d_256x4_f958,anobrogk
cosette,COSETTE_128d_256x4_f958,,929,train_loss,0.00904103951935453,COSETTE_128d_256x4_f958,anobrogk
cosette,COSETTE_128d_256x4_f958,,929,lr,0.00017,COSETTE_128d_256x4_f958,anobrogk
cosette,COSETTE_128d_256x4_f958,,930,train_loss,0.00900489455838313,COSETTE_128d_256x4_f958,anobrogk
cosette,COSETTE_128d_256x4_f958,,930,lr,0.0001690000000000001,COSETTE_128d_256x4_f958,anobrogk
cosette,COSETTE_128d_256x4_f958,,931,train_loss,0.008994619351351398,COSETTE_128d_256x4_f958,anobrogk
cosette,COSETTE_128d_256x4_f958,,931,lr,0.00016800000000000007,COSETTE_128d_256x4_f958,anobrogk
cosette,COSETTE_128d_256x4_f958,,932,train_loss,0.009021699557016639,COSETTE_128d_256x4_f958,anobrogk
cosette,COSETTE_128d_256x4_f958,,932,lr,0.00016700000000000005,COSETTE_128d_256x4_f958,anobrogk
cosette,COSETTE_128d_256x4_f958,,933,train_loss,0.009026637803977248,COSETTE_128d_256x4_f958,anobrogk
cosette,COSETTE_128d_256x4_f958,,933,lr,0.00016600000000000002,COSETTE_128d_256x4_f958,anobrogk
cosette,COSETTE_128d_256x4_f958,,934,train_loss,0.009015631316037016,COSETTE_128d_256x4_f958,anobrogk
cosette,COSETTE_128d_256x4_f958,,934,lr,0.0001650000000000001,COSETTE_128d_256x4_f958,anobrogk
cosette,COSETTE_128d_256x4_f958,,935,train_loss,0.008985399225748134,COSETTE_128d_256x4_f958,anobrogk
cosette,COSETTE_128d_256x4_f958,,935,lr,0.00016400000000000008,COSETTE_128d_256x4_f958,anobrogk
cosette,COSETTE_128d_256x4_f958,,936,train_loss,0.009026896497555852,COSETTE_128d_256x4_f958,anobrogk
cosette,COSETTE_128d_256x4_f958,,936,lr,0.00016300000000000006,COSETTE_128d_256x4_f958,anobrogk
cosette,COSETTE_128d_256x4_f958,,937,train_loss,0.009037476471871485,COSETTE_128d_256x4_f958,anobrogk
cosette,COSETTE_128d_256x4_f958,,937,lr,0.00016200000000000003,COSETTE_128d_256x4_f958,anobrogk
cosette,COSETTE_128d_256x4_f958,,938,train_loss,0.00899834100199842,COSETTE_128d_256x4_f958,anobrogk
cosette,COSETTE_128d_256x4_f958,,938,lr,0.000161,COSETTE_128d_256x4_f958,anobrogk
cosette,COSETTE_128d_256x4_f958,,939,train_loss,0.009007476473591111,COSETTE_128d_256x4_f958,anobrogk
cosette,COSETTE_128d_256x4_f958,,939,lr,0.0001600000000000001,COSETTE_128d_256x4_f958,anobrogk
cosette,COSETTE_128d_256x4_f958,,940,train_loss,0.0090193975738239,COSETTE_128d_256x4_f958,anobrogk
cosette,COSETTE_128d_256x4_f958,,940,lr,0.00015900000000000007,COSETTE_128d_256x4_f958,anobrogk
cosette,COSETTE_128d_256x4_f958,,941,train_loss,0.009046466164719102,COSETTE_128d_256x4_f958,anobrogk
cosette,COSETTE_128d_256x4_f958,,941,lr,0.00015800000000000005,COSETTE_128d_256x4_f958,anobrogk
cosette,COSETTE_128d_256x4_f958,,942,train_loss,0.009012624460818444,COSETTE_128d_256x4_f958,anobrogk
cosette,COSETTE_128d_256x4_f958,,942,lr,0.00015700000000000002,COSETTE_128d_256x4_f958,anobrogk
cosette,COSETTE_128d_256x4_f958,,943,train_loss,0.00900331072123914,COSETTE_128d_256x4_f958,anobrogk
cosette,COSETTE_128d_256x4_f958,,943,lr,0.0001560000000000001,COSETTE_128d_256x4_f958,anobrogk
cosette,COSETTE_128d_256x4_f958,,944,train_loss,0.009021716952409557,COSETTE_128d_256x4_f958,anobrogk
cosette,COSETTE_128d_256x4_f958,,944,lr,0.00015500000000000008,COSETTE_128d_256x4_f958,anobrogk
cosette,COSETTE_128d_256x4_f958,,945,train_loss,0.009028666716968189,COSETTE_128d_256x4_f958,anobrogk
cosette,COSETTE_128d_256x4_f958,,945,lr,0.00015400000000000006,COSETTE_128d_256x4_f958,anobrogk
cosette,COSETTE_128d_256x4_f958,,946,train_loss,0.009024861504206024,COSETTE_128d_256x4_f958,anobrogk
cosette,COSETTE_128d_256x4_f958,,946,lr,0.00015300000000000003,COSETTE_128d_256x4_f958,anobrogk
cosette,COSETTE_128d_256x4_f958,,947,train_loss,0.009028608321972277,COSETTE_128d_256x4_f958,anobrogk
cosette,COSETTE_128d_256x4_f958,,947,lr,0.000152,COSETTE_128d_256x4_f958,anobrogk
cosette,COSETTE_128d_256x4_f958,,948,train_loss,0.00902765750585274,COSETTE_128d_256x4_f958,anobrogk
cosette,COSETTE_128d_256x4_f958,,948,lr,0.0001510000000000001,COSETTE_128d_256x4_f958,anobrogk
cosette,COSETTE_128d_256x4_f958,,949,train_loss,0.009015563800502783,COSETTE_128d_256x4_f958,anobrogk
cosette,COSETTE_128d_256x4_f958,,949,lr,0.00015000000000000007,COSETTE_128d_256x4_f958,anobrogk
cosette,COSETTE_128d_256x4_f958,,950,train_loss,0.009001241161905484,COSETTE_128d_256x4_f958,anobrogk
cosette,COSETTE_128d_256x4_f958,,950,lr,0.00014900000000000004,COSETTE_128d_256x4_f958,anobrogk
cosette,COSETTE_128d_256x4_f958,,951,train_loss,0.009010861595642978,COSETTE_128d_256x4_f958,anobrogk
cosette,COSETTE_128d_256x4_f958,,951,lr,0.00014800000000000002,COSETTE_128d_256x4_f958,anobrogk
cosette,COSETTE_128d_256x4_f958,,952,train_loss,0.00900665348417115,COSETTE_128d_256x4_f958,anobrogk
cosette,COSETTE_128d_256x4_f958,,952,lr,0.0001470000000000001,COSETTE_128d_256x4_f958,anobrogk
cosette,COSETTE_128d_256x4_f958,,953,train_loss,0.009015029735178098,COSETTE_128d_256x4_f958,anobrogk
cosette,COSETTE_128d_256x4_f958,,953,lr,0.00014600000000000008,COSETTE_128d_256x4_f958,anobrogk
cosette,COSETTE_128d_256x4_f958,,954,train_loss,0.009050560376510539,COSETTE_128d_256x4_f958,anobrogk
cosette,COSETTE_128d_256x4_f958,,954,lr,0.00014500000000000006,COSETTE_128d_256x4_f958,anobrogk
cosette,COSETTE_128d_256x4_f958,,955,train_loss,0.009031857203306825,COSETTE_128d_256x4_f958,anobrogk
cosette,COSETTE_128d_256x4_f958,,955,lr,0.00014400000000000003,COSETTE_128d_256x4_f958,anobrogk
cosette,COSETTE_128d_256x4_f958,,956,train_loss,0.009061105816956908,COSETTE_128d_256x4_f958,anobrogk
cosette,COSETTE_128d_256x4_f958,,956,lr,0.000143,COSETTE_128d_256x4_f958,anobrogk
cosette,COSETTE_128d_256x4_f958,,957,train_loss,0.009030217893592927,COSETTE_128d_256x4_f958,anobrogk
cosette,COSETTE_128d_256x4_f958,,957,lr,0.0001420000000000001,COSETTE_128d_256x4_f958,anobrogk
cosette,COSETTE_128d_256x4_f958,,958,train_loss,0.00904106905405549,COSETTE_128d_256x4_f958,anobrogk
cosette,COSETTE_128d_256x4_f958,,958,lr,0.00014100000000000007,COSETTE_128d_256x4_f958,anobrogk
cosette,COSETTE_128d_256x4_f958,,959,train_loss,0.00899777832259049,COSETTE_128d_256x4_f958,anobrogk
cosette,COSETTE_128d_256x4_f958,,959,lr,0.00014000000000000004,COSETTE_128d_256x4_f958,anobrogk
cosette,COSETTE_128d_256x4_f958,,960,train_loss,0.009035131605020882,COSETTE_128d_256x4_f958,anobrogk
cosette,COSETTE_128d_256x4_f958,,960,lr,0.00013900000000000002,COSETTE_128d_256x4_f958,anobrogk
cosette,COSETTE_128d_256x4_f958,,961,train_loss,0.009033682028195638,COSETTE_128d_256x4_f958,anobrogk
cosette,COSETTE_128d_256x4_f958,,961,lr,0.0001380000000000001,COSETTE_128d_256x4_f958,anobrogk
cosette,COSETTE_128d_256x4_f958,,962,train_loss,0.009028474736059536,COSETTE_128d_256x4_f958,anobrogk
cosette,COSETTE_128d_256x4_f958,,962,lr,0.00013700000000000008,COSETTE_128d_256x4_f958,anobrogk
cosette,COSETTE_128d_256x4_f958,,963,train_loss,0.009065151889005611,COSETTE_128d_256x4_f958,anobrogk
cosette,COSETTE_128d_256x4_f958,,963,lr,0.00013600000000000005,COSETTE_128d_256x4_f958,anobrogk
cosette,COSETTE_128d_256x4_f958,,964,train_loss,0.009027065976854714,COSETTE_128d_256x4_f958,anobrogk
cosette,COSETTE_128d_256x4_f958,,964,lr,0.00013500000000000003,COSETTE_128d_256x4_f958,anobrogk
cosette,COSETTE_128d_256x4_f958,,965,train_loss,0.009004431648244118,COSETTE_128d_256x4_f958,anobrogk
cosette,COSETTE_128d_256x4_f958,,965,lr,0.0001340000000000001,COSETTE_128d_256x4_f958,anobrogk
cosette,COSETTE_128d_256x4_f958,,966,train_loss,0.009050355239332408,COSETTE_128d_256x4_f958,anobrogk
cosette,COSETTE_128d_256x4_f958,,966,lr,0.0001330000000000001,COSETTE_128d_256x4_f958,anobrogk
cosette,COSETTE_128d_256x4_f958,,967,train_loss,0.009050120867189319,COSETTE_128d_256x4_f958,anobrogk
cosette,COSETTE_128d_256x4_f958,,967,lr,0.00013200000000000006,COSETTE_128d_256x4_f958,anobrogk
cosette,COSETTE_128d_256x4_f958,,968,train_loss,0.00902542725590796,COSETTE_128d_256x4_f958,anobrogk
cosette,COSETTE_128d_256x4_f958,,968,lr,0.00013100000000000004,COSETTE_128d_256x4_f958,anobrogk
cosette,COSETTE_128d_256x4_f958,,969,train_loss,0.009026325436244749,COSETTE_128d_256x4_f958,anobrogk
cosette,COSETTE_128d_256x4_f958,,969,lr,0.00013000000000000002,COSETTE_128d_256x4_f958,anobrogk
cosette,COSETTE_128d_256x4_f958,,970,train_loss,0.009050686040828971,COSETTE_128d_256x4_f958,anobrogk
cosette,COSETTE_128d_256x4_f958,,970,lr,0.0001290000000000001,COSETTE_128d_256x4_f958,anobrogk
cosette,COSETTE_128d_256x4_f958,,971,train_loss,0.009020687562638316,COSETTE_128d_256x4_f958,anobrogk
cosette,COSETTE_128d_256x4_f958,,971,lr,0.00012800000000000008,COSETTE_128d_256x4_f958,anobrogk
cosette,COSETTE_128d_256x4_f958,,972,train_loss,0.009017087690446568,COSETTE_128d_256x4_f958,anobrogk
cosette,COSETTE_128d_256x4_f958,,972,lr,0.00012700000000000005,COSETTE_128d_256x4_f958,anobrogk
cosette,COSETTE_128d_256x4_f958,,973,train_loss,0.009012683722907783,COSETTE_128d_256x4_f958,anobrogk
cosette,COSETTE_128d_256x4_f958,,973,lr,0.00012600000000000003,COSETTE_128d_256x4_f958,anobrogk
cosette,COSETTE_128d_256x4_f958,,974,train_loss,0.009018672780058848,COSETTE_128d_256x4_f958,anobrogk
cosette,COSETTE_128d_256x4_f958,,974,lr,0.0001250000000000001,COSETTE_128d_256x4_f958,anobrogk
cosette,COSETTE_128d_256x4_f958,,975,train_loss,0.0090318971324241,COSETTE_128d_256x4_f958,anobrogk
cosette,COSETTE_128d_256x4_f958,,975,lr,0.0001240000000000001,COSETTE_128d_256x4_f958,anobrogk
cosette,COSETTE_128d_256x4_f958,,976,train_loss,0.009005837035418926,COSETTE_128d_256x4_f958,anobrogk
cosette,COSETTE_128d_256x4_f958,,976,lr,0.00012300000000000006,COSETTE_128d_256x4_f958,anobrogk
cosette,COSETTE_128d_256x4_f958,,977,train_loss,0.009015589749076588,COSETTE_128d_256x4_f958,anobrogk
cosette,COSETTE_128d_256x4_f958,,977,lr,0.00012200000000000004,COSETTE_128d_256x4_f958,anobrogk
cosette,COSETTE_128d_256x4_f958,,978,train_loss,0.009029925543943353,COSETTE_128d_256x4_f958,anobrogk
cosette,COSETTE_128d_256x4_f958,,978,lr,0.00012100000000000001,COSETTE_128d_256x4_f958,anobrogk
cosette,COSETTE_128d_256x4_f958,,979,train_loss,0.009018336904459986,COSETTE_128d_256x4_f958,anobrogk
cosette,COSETTE_128d_256x4_f958,,979,lr,0.0001200000000000001,COSETTE_128d_256x4_f958,anobrogk
cosette,COSETTE_128d_256x4_f958,,980,train_loss,0.009008343138828355,COSETTE_128d_256x4_f958,anobrogk
cosette,COSETTE_128d_256x4_f958,,980,lr,0.00011900000000000007,COSETTE_128d_256x4_f958,anobrogk
cosette,COSETTE_128d_256x4_f958,,981,train_loss,0.009006876027447054,COSETTE_128d_256x4_f958,anobrogk
cosette,COSETTE_128d_256x4_f958,,981,lr,0.00011800000000000005,COSETTE_128d_256x4_f958,anobrogk
cosette,COSETTE_128d_256x4_f958,,982,train_loss,0.009037076880962686,COSETTE_128d_256x4_f958,anobrogk
cosette,COSETTE_128d_256x4_f958,,982,lr,0.00011700000000000002,COSETTE_128d_256x4_f958,anobrogk
cosette,COSETTE_128d_256x4_f958,,983,train_loss,0.009059935958049763,COSETTE_128d_256x4_f958,anobrogk
cosette,COSETTE_128d_256x4_f958,,983,lr,0.00011600000000000011,COSETTE_128d_256x4_f958,anobrogk
cosette,COSETTE_128d_256x4_f958,,984,train_loss,0.009025124233515786,COSETTE_128d_256x4_f958,anobrogk
cosette,COSETTE_128d_256x4_f958,,984,lr,0.00011500000000000008,COSETTE_128d_256x4_f958,anobrogk
cosette,COSETTE_128d_256x4_f958,,985,train_loss,0.009020081560673382,COSETTE_128d_256x4_f958,anobrogk
cosette,COSETTE_128d_256x4_f958,,985,lr,0.00011400000000000006,COSETTE_128d_256x4_f958,anobrogk
cosette,COSETTE_128d_256x4_f958,,986,train_loss,0.009023625392937796,COSETTE_128d_256x4_f958,anobrogk
cosette,COSETTE_128d_256x4_f958,,986,lr,0.00011300000000000004,COSETTE_128d_256x4_f958,anobrogk
cosette,COSETTE_128d_256x4_f958,,987,train_loss,0.009037397812580929,COSETTE_128d_256x4_f958,anobrogk
cosette,COSETTE_128d_256x4_f958,,987,lr,0.00011200000000000001,COSETTE_128d_256x4_f958,anobrogk
cosette,COSETTE_128d_256x4_f958,,988,train_loss,0.009049278940877007,COSETTE_128d_256x4_f958,anobrogk
cosette,COSETTE_128d_256x4_f958,,988,lr,0.0001110000000000001,COSETTE_128d_256x4_f958,anobrogk
cosette,COSETTE_128d_256x4_f958,,989,train_loss,0.009061386690999583,COSETTE_128d_256x4_f958,anobrogk
cosette,COSETTE_128d_256x4_f958,,989,lr,0.00011000000000000007,COSETTE_128d_256x4_f958,anobrogk
cosette,COSETTE_128d_256x4_f958,,990,train_loss,0.009015792809512424,COSETTE_128d_256x4_f958,anobrogk
cosette,COSETTE_128d_256x4_f958,,990,lr,0.00010900000000000005,COSETTE_128d_256x4_f958,anobrogk
cosette,COSETTE_128d_256x4_f958,,991,train_loss,0.009005880357975933,COSETTE_128d_256x4_f958,anobrogk
cosette,COSETTE_128d_256x4_f958,,991,lr,0.00010800000000000002,COSETTE_128d_256x4_f958,anobrogk
cosette,COSETTE_128d_256x4_f958,,992,train_loss,0.009002546244568522,COSETTE_128d_256x4_f958,anobrogk
cosette,COSETTE_128d_256x4_f958,,992,lr,0.00010700000000000011,COSETTE_128d_256x4_f958,anobrogk
cosette,COSETTE_128d_256x4_f958,,993,train_loss,0.009017945973780651,COSETTE_128d_256x4_f958,anobrogk
cosette,COSETTE_128d_256x4_f958,,993,lr,0.00010600000000000008,COSETTE_128d_256x4_f958,anobrogk
cosette,COSETTE_128d_256x4_f958,,994,train_loss,0.009039598806151024,COSETTE_128d_256x4_f958,anobrogk
cosette,COSETTE_128d_256x4_f958,,994,lr,0.00010500000000000006,COSETTE_128d_256x4_f958,anobrogk
