method,category,seed,step,metric,value,run_name,run_id
cosette,COSETTE_128d_256x4_8ed1,,0,train_loss,0.06361652402837069,COSETTE_128d_256x4_8ed1,4yqz7d4t
cosette,COSETTE_128d_256x4_8ed1,,0,lr,0.000109,COSETTE_128d_256x4_8ed1,4yqz7d4t
cosette,COSETTE_128d_256x4_8ed1,,1,train_loss,0.03026059355667169,COSETTE_128d_256x4_8ed1,4yqz7d4t
cosette,COSETTE_128d_256x4_8ed1,,1,lr,0.00011800000000000001,COSETTE_128d_256x4_8ed1,4yqz7d4t
cosette,COSETTE_128d_256x4_8ed1,,2,train_loss,0.013037137687206263,COSETTE_128d_256x4_8ed1,4yqz7d4t
cosette,COSETTE_128d_256x4_8ed1,,2,lr,0.000127,COSETTE_128d_256x4_8ed1,4yqz7d4t
cosette,COSETTE_128d_256x4_8ed1,,3,train_loss,0.007672282585726796,COSETTE_128d_256x4_8ed1,4yqz7d4t
cosette,COSETTE_128d_256x4_8ed1,,3,lr,0.000136,COSETTE_128d_256x4_8ed1,4yqz7d4t
cosette,COSETTE_128d_256x4_8ed1,,4,train_loss,0.0068575086092187735,COSETTE_128d_256x4_8ed1,4yqz7d4t
cosette,COSETTE_128d_256x4_8ed1,,4,lr,0.000145,COSETTE_128d_256x4_8ed1,4yqz7d4t
cosette,COSETTE_128d_256x4_8ed1,,5,train_loss,0.007323183357152796,COSETTE_128d_256x4_8ed1,4yqz7d4t
cosette,COSETTE_128d_256x4_8ed1,,5,lr,0.000154,COSETTE_128d_256x4_8ed1,4yqz7d4t
cosette,COSETTE_128d_256x4_8ed1,,6,train_loss,0.006854425388783647,COSETTE_128d_256x4_8ed1,4yqz7d4t
cosette,COSETTE_128d_256x4_8ed1,,6,lr,0.000163,COSETTE_128d_256x4_8ed1,4yqz7d4t
cosette,COSETTE_128d_256x4_8ed1,,7,train_loss,0.006631619441021475,COSETTE_128d_256x4_8ed1,4yqz7d4t
cosette,COSETTE_128d_256x4_8ed1,,7,lr,0.000172,COSETTE_128d_256x4_8ed1,4yqz7d4t
cosette,COSETTE_128d_256x4_8ed1,,8,train_loss,0.006598047151652385,COSETTE_128d_256x4_8ed1,4yqz7d4t
cosette,COSETTE_128d_256x4_8ed1,,8,lr,0.000181,COSETTE_128d_256x4_8ed1,4yqz7d4t
cosette,COSETTE_128d_256x4_8ed1,,9,train_loss,0.006519661854496964,COSETTE_128d_256x4_8ed1,4yqz7d4t
cosette,COSETTE_128d_256x4_8ed1,,9,lr,0.00019,COSETTE_128d_256x4_8ed1,4yqz7d4t
cosette,COSETTE_128d_256x4_8ed1,,10,train_loss,0.00644407092372505,COSETTE_128d_256x4_8ed1,4yqz7d4t
cosette,COSETTE_128d_256x4_8ed1,,10,lr,0.000199,COSETTE_128d_256x4_8ed1,4yqz7d4t
cosette,COSETTE_128d_256x4_8ed1,,11,train_loss,0.006410050272887984,COSETTE_128d_256x4_8ed1,4yqz7d4t
cosette,COSETTE_128d_256x4_8ed1,,11,lr,0.00020800000000000001,COSETTE_128d_256x4_8ed1,4yqz7d4t
cosette,COSETTE_128d_256x4_8ed1,,12,train_loss,0.006371786060789934,COSETTE_128d_256x4_8ed1,4yqz7d4t
cosette,COSETTE_128d_256x4_8ed1,,12,lr,0.00021700000000000002,COSETTE_128d_256x4_8ed1,4yqz7d4t
cosette,COSETTE_128d_256x4_8ed1,,13,train_loss,0.006332560244733267,COSETTE_128d_256x4_8ed1,4yqz7d4t
cosette,COSETTE_128d_256x4_8ed1,,13,lr,0.00022600000000000002,COSETTE_128d_256x4_8ed1,4yqz7d4t
cosette,COSETTE_128d_256x4_8ed1,,14,train_loss,0.006328296385330259,COSETTE_128d_256x4_8ed1,4yqz7d4t
cosette,COSETTE_128d_256x4_8ed1,,14,lr,0.00023500000000000002,COSETTE_128d_256x4_8ed1,4yqz7d4t
cosette,COSETTE_128d_256x4_8ed1,,15,train_loss,0.006308760490643678,COSETTE_128d_256x4_8ed1,4yqz7d4t
cosette,COSETTE_128d_256x4_8ed1,,15,lr,0.00024400000000000002,COSETTE_128d_256x4_8ed1,4yqz7d4t
cosette,COSETTE_128d_256x4_8ed1,,16,train_loss,0.00630979245300773,COSETTE_128d_256x4_8ed1,4yqz7d4t
cosette,COSETTE_128d_256x4_8ed1,,16,lr,0.000253,COSETTE_128d_256x4_8ed1,4yqz7d4t
cosette,COSETTE_128d_256x4_8ed1,,17,train_loss,0.0063098234781097575,COSETTE_128d_256x4_8ed1,4yqz7d4t
cosette,COSETTE_128d_256x4_8ed1,,17,lr,0.000262,COSETTE_128d_256x4_8ed1,4yqz7d4t
cosette,COSETTE_128d_256x4_8ed1,,18,train_loss,0.006323117002335603,COSETTE_128d_256x4_8ed1,4yqz7d4t
cosette,COSETTE_128d_256x4_8ed1,,18,lr,0.00027100000000000003,COSETTE_128d_256x4_8ed1,4yqz7d4t
cosette,COSETTE_128d_256x4_8ed1,,19,train_loss,0.006329184659361411,COSETTE_128d_256x4_8ed1,4yqz7d4t
cosette,COSETTE_128d_256x4_8ed1,,19,lr,0.00028000000000000003,COSETTE_128d_256x4_8ed1,4yqz7d4t
cosette,COSETTE_128d_256x4_8ed1,,20,train_loss,0.006338462461348915,COSETTE_128d_256x4_8ed1,4yqz7d4t
cosette,COSETTE_128d_256x4_8ed1,,20,lr,0.00028900000000000003,COSETTE_128d_256x4_8ed1,4yqz7d4t
cosette,COSETTE_128d_256x4_8ed1,,21,train_loss,0.006373508226984055,COSETTE_128d_256x4_8ed1,4yqz7d4t
cosette,COSETTE_128d_256x4_8ed1,,21,lr,0.00029800000000000003,COSETTE_128d_256x4_8ed1,4yqz7d4t
cosette,COSETTE_128d_256x4_8ed1,,22,train_loss,0.006361784658012848,COSETTE_128d_256x4_8ed1,4yqz7d4t
cosette,COSETTE_128d_256x4_8ed1,,22,lr,0.00030700000000000004,COSETTE_128d_256x4_8ed1,4yqz7d4t
cosette,COSETTE_128d_256x4_8ed1,,23,train_loss,0.006401825210468162,COSETTE_128d_256x4_8ed1,4yqz7d4t
cosette,COSETTE_128d_256x4_8ed1,,23,lr,0.000316,COSETTE_128d_256x4_8ed1,4yqz7d4t
cosette,COSETTE_128d_256x4_8ed1,,24,train_loss,0.0064051602230065586,COSETTE_128d_256x4_8ed1,4yqz7d4t
cosette,COSETTE_128d_256x4_8ed1,,24,lr,0.000325,COSETTE_128d_256x4_8ed1,4yqz7d4t
cosette,COSETTE_128d_256x4_8ed1,,25,train_loss,0.006435598434357765,COSETTE_128d_256x4_8ed1,4yqz7d4t
cosette,COSETTE_128d_256x4_8ed1,,25,lr,0.000334,COSETTE_128d_256x4_8ed1,4yqz7d4t
cosette,COSETTE_128d_256x4_8ed1,,26,train_loss,0.0064362803232862805,COSETTE_128d_256x4_8ed1,4yqz7d4t
cosette,COSETTE_128d_256x4_8ed1,,26,lr,0.000343,COSETTE_128d_256x4_8ed1,4yqz7d4t
cosette,COSETTE_128d_256x4_8ed1,,27,train_loss,0.00647553275908819,COSETTE_128d_256x4_8ed1,4yqz7d4t
cosette,COSETTE_128d_256x4_8ed1,,27,lr,0.000352,COSETTE_128d_256x4_8ed1,4yqz7d4t
cosette,COSETTE_128d_256x4_8ed1,,28,train_loss,0.00648873115440817,COSETTE_128d_256x4_8ed1,4yqz7d4t
cosette,COSETTE_128d_256x4_8ed1,,28,lr,0.000361,COSETTE_128d_256x4_8ed1,4yqz7d4t
cosette,COSETTE_128d_256x4_8ed1,,29,train_loss,0.006473662418802438,COSETTE_128d_256x4_8ed1,4yqz7d4t
cosette,COSETTE_128d_256x4_8ed1,,29,lr,0.00037,COSETTE_128d_256x4_8ed1,4yqz7d4t
cosette,COSETTE_128d_256x4_8ed1,,30,train_loss,0.006536736032463236,COSETTE_128d_256x4_8ed1,4yqz7d4t
cosette,COSETTE_128d_256x4_8ed1,,30,lr,0.000379,COSETTE_128d_256x4_8ed1,4yqz7d4t
cosette,COSETTE_128d_256x4_8ed1,,31,train_loss,0.006582084966140045,COSETTE_128d_256x4_8ed1,4yqz7d4t
cosette,COSETTE_128d_256x4_8ed1,,31,lr,0.000388,COSETTE_128d_256x4_8ed1,4yqz7d4t
cosette,COSETTE_128d_256x4_8ed1,,32,train_loss,0.006597433919288055,COSETTE_128d_256x4_8ed1,4yqz7d4t
cosette,COSETTE_128d_256x4_8ed1,,32,lr,0.000397,COSETTE_128d_256x4_8ed1,4yqz7d4t
cosette,COSETTE_128d_256x4_8ed1,,33,train_loss,0.0065831477995023846,COSETTE_128d_256x4_8ed1,4yqz7d4t
cosette,COSETTE_128d_256x4_8ed1,,33,lr,0.000406,COSETTE_128d_256x4_8ed1,4yqz7d4t
cosette,COSETTE_128d_256x4_8ed1,,34,train_loss,0.0066234686767025815,COSETTE_128d_256x4_8ed1,4yqz7d4t
cosette,COSETTE_128d_256x4_8ed1,,34,lr,0.000415,COSETTE_128d_256x4_8ed1,4yqz7d4t
cosette,COSETTE_128d_256x4_8ed1,,35,train_loss,0.006663153869294218,COSETTE_128d_256x4_8ed1,4yqz7d4t
cosette,COSETTE_128d_256x4_8ed1,,35,lr,0.000424,COSETTE_128d_256x4_8ed1,4yqz7d4t
cosette,COSETTE_128d_256x4_8ed1,,36,train_loss,0.006648971236867018,COSETTE_128d_256x4_8ed1,4yqz7d4t
cosette,COSETTE_128d_256x4_8ed1,,36,lr,0.000433,COSETTE_128d_256x4_8ed1,4yqz7d4t
cosette,COSETTE_128d_256x4_8ed1,,37,train_loss,0.006709041643432143,COSETTE_128d_256x4_8ed1,4yqz7d4t
cosette,COSETTE_128d_256x4_8ed1,,37,lr,0.000442,COSETTE_128d_256x4_8ed1,4yqz7d4t
cosette,COSETTE_128d_256x4_8ed1,,38,train_loss,0.006698064921463992,COSETTE_128d_256x4_8ed1,4yqz7d4t
cosette,COSETTE_128d_256x4_8ed1,,38,lr,0.000451,COSETTE_128d_256x4_8ed1,4yqz7d4t
cosette,COSETTE_128d_256x4_8ed1,,39,train_loss,0.006682242776046125,COSETTE_128d_256x4_8ed1,4yqz7d4t
cosette,COSETTE_128d_256x4_8ed1,,39,lr,0.00046,COSETTE_128d_256x4_8ed1,4yqz7d4t
cosette,COSETTE_128d_256x4_8ed1,,40,train_loss,0.006735000792863988,COSETTE_128d_256x4_8ed1,4yqz7d4t
cosette,COSETTE_128d_256x4_8ed1,,40,lr,0.000469,COSETTE_128d_256x4_8ed1,4yqz7d4t
cosette,COSETTE_128d_256x4_8ed1,,41,train_loss,0.0067661519383462295,COSETTE_128d_256x4_8ed1,4yqz7d4t
cosette,COSETTE_128d_256x4_8ed1,,41,lr,0.000478,COSETTE_128d_256x4_8ed1,4yqz7d4t
cosette,COSETTE_128d_256x4_8ed1,,42,train_loss,0.006781910462371953,COSETTE_128d_256x4_8ed1,4yqz7d4t
cosette,COSETTE_128d_256x4_8ed1,,42,lr,0.000487,COSETTE_128d_256x4_8ed1,4yqz7d4t
cosette,COSETTE_128d_256x4_8ed1,,43,train_loss,0.006791869051111263,COSETTE_128d_256x4_8ed1,4yqz7d4t
cosette,COSETTE_128d_256x4_8ed1,,43,lr,0.000496,COSETTE_128d_256x4_8ed1,4yqz7d4t
cosette,COSETTE_128d_256x4_8ed1,,44,train_loss,0.006797305810794556,COSETTE_128d_256x4_8ed1,4yqz7d4t
cosette,COSETTE_128d_256x4_8ed1,,44,lr,0.000505,COSETTE_128d_256x4_8ed1,4yqz7d4t
cosette,COSETTE_128d_256x4_8ed1,,45,train_loss,0.006812292385658773,COSETTE_128d_256x4_8ed1,4yqz7d4t
cosette,COSETTE_128d_256x4_8ed1,,45,lr,0.000514,COSETTE_128d_256x4_8ed1,4yqz7d4t
cosette,COSETTE_128d_256x4_8ed1,,46,train_loss,0.00684337429501277,COSETTE_128d_256x4_8ed1,4yqz7d4t
cosette,COSETTE_128d_256x4_8ed1,,46,lr,0.000523,COSETTE_128d_256x4_8ed1,4yqz7d4t
cosette,COSETTE_128d_256x4_8ed1,,47,train_loss,0.00685614779953369,COSETTE_128d_256x4_8ed1,4yqz7d4t
cosette,COSETTE_128d_256x4_8ed1,,47,lr,0.000532,COSETTE_128d_256x4_8ed1,4yqz7d4t
cosette,COSETTE_128d_256x4_8ed1,,48,train_loss,0.006920437295016625,COSETTE_128d_256x4_8ed1,4yqz7d4t
cosette,COSETTE_128d_256x4_8ed1,,48,lr,0.000541,COSETTE_128d_256x4_8ed1,4yqz7d4t
cosette,COSETTE_128d_256x4_8ed1,,49,train_loss,0.006912870362749419,COSETTE_128d_256x4_8ed1,4yqz7d4t
cosette,COSETTE_128d_256x4_8ed1,,49,lr,0.00055,COSETTE_128d_256x4_8ed1,4yqz7d4t
cosette,COSETTE_128d_256x4_8ed1,,50,train_loss,0.006918588753709264,COSETTE_128d_256x4_8ed1,4yqz7d4t
cosette,COSETTE_128d_256x4_8ed1,,50,lr,0.000559,COSETTE_128d_256x4_8ed1,4yqz7d4t
cosette,COSETTE_128d_256x4_8ed1,,51,train_loss,0.006947890570615052,COSETTE_128d_256x4_8ed1,4yqz7d4t
cosette,COSETTE_128d_256x4_8ed1,,51,lr,0.000568,COSETTE_128d_256x4_8ed1,4yqz7d4t
cosette,COSETTE_128d_256x4_8ed1,,52,train_loss,0.006963977673955316,COSETTE_128d_256x4_8ed1,4yqz7d4t
cosette,COSETTE_128d_256x4_8ed1,,52,lr,0.000577,COSETTE_128d_256x4_8ed1,4yqz7d4t
cosette,COSETTE_128d_256x4_8ed1,,53,train_loss,0.006987249304493555,COSETTE_128d_256x4_8ed1,4yqz7d4t
cosette,COSETTE_128d_256x4_8ed1,,53,lr,0.000586,COSETTE_128d_256x4_8ed1,4yqz7d4t
cosette,COSETTE_128d_256x4_8ed1,,54,train_loss,0.006971369979889703,COSETTE_128d_256x4_8ed1,4yqz7d4t
cosette,COSETTE_128d_256x4_8ed1,,54,lr,0.000595,COSETTE_128d_256x4_8ed1,4yqz7d4t
cosette,COSETTE_128d_256x4_8ed1,,55,train_loss,0.0070131359380676585,COSETTE_128d_256x4_8ed1,4yqz7d4t
cosette,COSETTE_128d_256x4_8ed1,,55,lr,0.000604,COSETTE_128d_256x4_8ed1,4yqz7d4t
cosette,COSETTE_128d_256x4_8ed1,,56,train_loss,0.007039499492552002,COSETTE_128d_256x4_8ed1,4yqz7d4t
cosette,COSETTE_128d_256x4_8ed1,,56,lr,0.000613,COSETTE_128d_256x4_8ed1,4yqz7d4t
cosette,COSETTE_128d_256x4_8ed1,,57,train_loss,0.007060099470181215,COSETTE_128d_256x4_8ed1,4yqz7d4t
cosette,COSETTE_128d_256x4_8ed1,,57,lr,0.000622,COSETTE_128d_256x4_8ed1,4yqz7d4t
cosette,COSETTE_128d_256x4_8ed1,,58,train_loss,0.007079840229033568,COSETTE_128d_256x4_8ed1,4yqz7d4t
cosette,COSETTE_128d_256x4_8ed1,,58,lr,0.000631,COSETTE_128d_256x4_8ed1,4yqz7d4t
cosette,COSETTE_128d_256x4_8ed1,,59,train_loss,0.007099358609495616,COSETTE_128d_256x4_8ed1,4yqz7d4t
cosette,COSETTE_128d_256x4_8ed1,,59,lr,0.00064,COSETTE_128d_256x4_8ed1,4yqz7d4t
cosette,COSETTE_128d_256x4_8ed1,,60,train_loss,0.007116995011489813,COSETTE_128d_256x4_8ed1,4yqz7d4t
cosette,COSETTE_128d_256x4_8ed1,,60,lr,0.0006490000000000001,COSETTE_128d_256x4_8ed1,4yqz7d4t
cosette,COSETTE_128d_256x4_8ed1,,61,train_loss,0.007139459908973401,COSETTE_128d_256x4_8ed1,4yqz7d4t
cosette,COSETTE_128d_256x4_8ed1,,61,lr,0.0006580000000000001,COSETTE_128d_256x4_8ed1,4yqz7d4t
cosette,COSETTE_128d_256x4_8ed1,,62,train_loss,0.007150214403304907,COSETTE_128d_256x4_8ed1,4yqz7d4t
cosette,COSETTE_128d_256x4_8ed1,,62,lr,0.0006670000000000001,COSETTE_128d_256x4_8ed1,4yqz7d4t
cosette,COSETTE_128d_256x4_8ed1,,63,train_loss,0.0071943619543110284,COSETTE_128d_256x4_8ed1,4yqz7d4t
cosette,COSETTE_128d_256x4_8ed1,,63,lr,0.0006760000000000001,COSETTE_128d_256x4_8ed1,4yqz7d4t
cosette,COSETTE_128d_256x4_8ed1,,64,train_loss,0.00718361900100927,COSETTE_128d_256x4_8ed1,4yqz7d4t
cosette,COSETTE_128d_256x4_8ed1,,64,lr,0.0006850000000000001,COSETTE_128d_256x4_8ed1,4yqz7d4t
cosette,COSETTE_128d_256x4_8ed1,,65,train_loss,0.00721295270063787,COSETTE_128d_256x4_8ed1,4yqz7d4t
cosette,COSETTE_128d_256x4_8ed1,,65,lr,0.0006940000000000001,COSETTE_128d_256x4_8ed1,4yqz7d4t
cosette,COSETTE_128d_256x4_8ed1,,66,train_loss,0.007206521281744725,COSETTE_128d_256x4_8ed1,4yqz7d4t
cosette,COSETTE_128d_256x4_8ed1,,66,lr,0.0007030000000000001,COSETTE_128d_256x4_8ed1,4yqz7d4t
cosette,COSETTE_128d_256x4_8ed1,,67,train_loss,0.00722716066302906,COSETTE_128d_256x4_8ed1,4yqz7d4t
cosette,COSETTE_128d_256x4_8ed1,,67,lr,0.0007120000000000001,COSETTE_128d_256x4_8ed1,4yqz7d4t
cosette,COSETTE_128d_256x4_8ed1,,68,train_loss,0.0072357000669183045,COSETTE_128d_256x4_8ed1,4yqz7d4t
cosette,COSETTE_128d_256x4_8ed1,,68,lr,0.0007210000000000001,COSETTE_128d_256x4_8ed1,4yqz7d4t
cosette,COSETTE_128d_256x4_8ed1,,69,train_loss,0.00721319814768734,COSETTE_128d_256x4_8ed1,4yqz7d4t
cosette,COSETTE_128d_256x4_8ed1,,69,lr,0.0007300000000000001,COSETTE_128d_256x4_8ed1,4yqz7d4t
cosette,COSETTE_128d_256x4_8ed1,,70,train_loss,0.007249007765337717,COSETTE_128d_256x4_8ed1,4yqz7d4t
cosette,COSETTE_128d_256x4_8ed1,,70,lr,0.0007390000000000001,COSETTE_128d_256x4_8ed1,4yqz7d4t
cosette,COSETTE_128d_256x4_8ed1,,71,train_loss,0.007250442246658552,COSETTE_128d_256x4_8ed1,4yqz7d4t
cosette,COSETTE_128d_256x4_8ed1,,71,lr,0.0007480000000000001,COSETTE_128d_256x4_8ed1,4yqz7d4t
cosette,COSETTE_128d_256x4_8ed1,,72,train_loss,0.0072633719286151095,COSETTE_128d_256x4_8ed1,4yqz7d4t
cosette,COSETTE_128d_256x4_8ed1,,72,lr,0.0007570000000000001,COSETTE_128d_256x4_8ed1,4yqz7d4t
cosette,COSETTE_128d_256x4_8ed1,,73,train_loss,0.007291086172189214,COSETTE_128d_256x4_8ed1,4yqz7d4t
cosette,COSETTE_128d_256x4_8ed1,,73,lr,0.0007660000000000001,COSETTE_128d_256x4_8ed1,4yqz7d4t
cosette,COSETTE_128d_256x4_8ed1,,74,train_loss,0.0072928977788513085,COSETTE_128d_256x4_8ed1,4yqz7d4t
cosette,COSETTE_128d_256x4_8ed1,,74,lr,0.0007750000000000001,COSETTE_128d_256x4_8ed1,4yqz7d4t
cosette,COSETTE_128d_256x4_8ed1,,75,train_loss,0.0073461433631374674,COSETTE_128d_256x4_8ed1,4yqz7d4t
cosette,COSETTE_128d_256x4_8ed1,,75,lr,0.0007840000000000001,COSETTE_128d_256x4_8ed1,4yqz7d4t
cosette,COSETTE_128d_256x4_8ed1,,76,train_loss,0.0073705691904526385,COSETTE_128d_256x4_8ed1,4yqz7d4t
cosette,COSETTE_128d_256x4_8ed1,,76,lr,0.0007930000000000001,COSETTE_128d_256x4_8ed1,4yqz7d4t
cosette,COSETTE_128d_256x4_8ed1,,77,train_loss,0.007366945156358555,COSETTE_128d_256x4_8ed1,4yqz7d4t
cosette,COSETTE_128d_256x4_8ed1,,77,lr,0.0008020000000000001,COSETTE_128d_256x4_8ed1,4yqz7d4t
cosette,COSETTE_128d_256x4_8ed1,,78,train_loss,0.007346359165318362,COSETTE_128d_256x4_8ed1,4yqz7d4t
cosette,COSETTE_128d_256x4_8ed1,,78,lr,0.0008110000000000001,COSETTE_128d_256x4_8ed1,4yqz7d4t
cosette,COSETTE_128d_256x4_8ed1,,79,train_loss,0.007394137849240637,COSETTE_128d_256x4_8ed1,4yqz7d4t
cosette,COSETTE_128d_256x4_8ed1,,79,lr,0.0008200000000000001,COSETTE_128d_256x4_8ed1,4yqz7d4t
cosette,COSETTE_128d_256x4_8ed1,,80,train_loss,0.007387533130646823,COSETTE_128d_256x4_8ed1,4yqz7d4t
cosette,COSETTE_128d_256x4_8ed1,,80,lr,0.0008290000000000001,COSETTE_128d_256x4_8ed1,4yqz7d4t
cosette,COSETTE_128d_256x4_8ed1,,81,train_loss,0.007419846405898281,COSETTE_128d_256x4_8ed1,4yqz7d4t
cosette,COSETTE_128d_256x4_8ed1,,81,lr,0.0008380000000000001,COSETTE_128d_256x4_8ed1,4yqz7d4t
cosette,COSETTE_128d_256x4_8ed1,,82,train_loss,0.007429843892430447,COSETTE_128d_256x4_8ed1,4yqz7d4t
cosette,COSETTE_128d_256x4_8ed1,,82,lr,0.0008470000000000001,COSETTE_128d_256x4_8ed1,4yqz7d4t
cosette,COSETTE_128d_256x4_8ed1,,83,train_loss,0.007447282204123066,COSETTE_128d_256x4_8ed1,4yqz7d4t
cosette,COSETTE_128d_256x4_8ed1,,83,lr,0.0008560000000000001,COSETTE_128d_256x4_8ed1,4yqz7d4t
cosette,COSETTE_128d_256x4_8ed1,,84,train_loss,0.007464143832837292,COSETTE_128d_256x4_8ed1,4yqz7d4t
cosette,COSETTE_128d_256x4_8ed1,,84,lr,0.0008650000000000001,COSETTE_128d_256x4_8ed1,4yqz7d4t
cosette,COSETTE_128d_256x4_8ed1,,85,train_loss,0.00749427561561088,COSETTE_128d_256x4_8ed1,4yqz7d4t
cosette,COSETTE_128d_256x4_8ed1,,85,lr,0.0008740000000000001,COSETTE_128d_256x4_8ed1,4yqz7d4t
cosette,COSETTE_128d_256x4_8ed1,,86,train_loss,0.007497900882534843,COSETTE_128d_256x4_8ed1,4yqz7d4t
cosette,COSETTE_128d_256x4_8ed1,,86,lr,0.0008830000000000001,COSETTE_128d_256x4_8ed1,4yqz7d4t
cosette,COSETTE_128d_256x4_8ed1,,87,train_loss,0.007503602616890943,COSETTE_128d_256x4_8ed1,4yqz7d4t
cosette,COSETTE_128d_256x4_8ed1,,87,lr,0.0008920000000000001,COSETTE_128d_256x4_8ed1,4yqz7d4t
cosette,COSETTE_128d_256x4_8ed1,,88,train_loss,0.00749981589615345,COSETTE_128d_256x4_8ed1,4yqz7d4t
cosette,COSETTE_128d_256x4_8ed1,,88,lr,0.0009010000000000001,COSETTE_128d_256x4_8ed1,4yqz7d4t
cosette,COSETTE_128d_256x4_8ed1,,89,train_loss,0.007500458455128638,COSETTE_128d_256x4_8ed1,4yqz7d4t
cosette,COSETTE_128d_256x4_8ed1,,89,lr,0.0009100000000000001,COSETTE_128d_256x4_8ed1,4yqz7d4t
cosette,COSETTE_128d_256x4_8ed1,,90,train_loss,0.007561516958094541,COSETTE_128d_256x4_8ed1,4yqz7d4t
cosette,COSETTE_128d_256x4_8ed1,,90,lr,0.0009190000000000001,COSETTE_128d_256x4_8ed1,4yqz7d4t
cosette,COSETTE_128d_256x4_8ed1,,91,train_loss,0.0075536798250278574,COSETTE_128d_256x4_8ed1,4yqz7d4t
cosette,COSETTE_128d_256x4_8ed1,,91,lr,0.0009280000000000001,COSETTE_128d_256x4_8ed1,4yqz7d4t
cosette,COSETTE_128d_256x4_8ed1,,92,train_loss,0.007566420146994454,COSETTE_128d_256x4_8ed1,4yqz7d4t
cosette,COSETTE_128d_256x4_8ed1,,92,lr,0.0009370000000000001,COSETTE_128d_256x4_8ed1,4yqz7d4t
cosette,COSETTE_128d_256x4_8ed1,,93,train_loss,0.007575319513758952,COSETTE_128d_256x4_8ed1,4yqz7d4t
cosette,COSETTE_128d_256x4_8ed1,,93,lr,0.0009460000000000001,COSETTE_128d_256x4_8ed1,4yqz7d4t
cosette,COSETTE_128d_256x4_8ed1,,94,train_loss,0.007605198207947852,COSETTE_128d_256x4_8ed1,4yqz7d4t
cosette,COSETTE_128d_256x4_8ed1,,94,lr,0.0009550000000000001,COSETTE_128d_256x4_8ed1,4yqz7d4t
cosette,COSETTE_128d_256x4_8ed1,,95,train_loss,0.007610779114925176,COSETTE_128d_256x4_8ed1,4yqz7d4t
cosette,COSETTE_128d_256x4_8ed1,,95,lr,0.000964,COSETTE_128d_256x4_8ed1,4yqz7d4t
cosette,COSETTE_128d_256x4_8ed1,,96,train_loss,0.0076130848820153765,COSETTE_128d_256x4_8ed1,4yqz7d4t
cosette,COSETTE_128d_256x4_8ed1,,96,lr,0.000973,COSETTE_128d_256x4_8ed1,4yqz7d4t
cosette,COSETTE_128d_256x4_8ed1,,97,train_loss,0.007615972762565604,COSETTE_128d_256x4_8ed1,4yqz7d4t
cosette,COSETTE_128d_256x4_8ed1,,97,lr,0.000982,COSETTE_128d_256x4_8ed1,4yqz7d4t
cosette,COSETTE_128d_256x4_8ed1,,98,train_loss,0.007670437685957701,COSETTE_128d_256x4_8ed1,4yqz7d4t
cosette,COSETTE_128d_256x4_8ed1,,98,lr,0.000991,COSETTE_128d_256x4_8ed1,4yqz7d4t
cosette,COSETTE_128d_256x4_8ed1,,99,train_loss,0.007664931586293653,COSETTE_128d_256x4_8ed1,4yqz7d4t
cosette,COSETTE_128d_256x4_8ed1,,99,lr,0.001,COSETTE_128d_256x4_8ed1,4yqz7d4t
cosette,COSETTE_128d_256x4_8ed1,,99,collision_rate,0.012365854987198345,COSETTE_128d_256x4_8ed1,4yqz7d4t
cosette,COSETTE_128d_256x4_8ed1,,99,mean_collisions,1.0125206839492553,COSETTE_128d_256x4_8ed1,4yqz7d4t
cosette,COSETTE_128d_256x4_8ed1,,99,max_collisions,14.0,COSETTE_128d_256x4_8ed1,4yqz7d4t
cosette,COSETTE_128d_256x4_8ed1,,100,train_loss,0.00766609618172264,COSETTE_128d_256x4_8ed1,4yqz7d4t
cosette,COSETTE_128d_256x4_8ed1,,100,lr,0.000999,COSETTE_128d_256x4_8ed1,4yqz7d4t
cosette,COSETTE_128d_256x4_8ed1,,101,train_loss,0.007662989175710964,COSETTE_128d_256x4_8ed1,4yqz7d4t
cosette,COSETTE_128d_256x4_8ed1,,101,lr,0.000998,COSETTE_128d_256x4_8ed1,4yqz7d4t
cosette,COSETTE_128d_256x4_8ed1,,102,train_loss,0.0076749935953897945,COSETTE_128d_256x4_8ed1,4yqz7d4t
cosette,COSETTE_128d_256x4_8ed1,,102,lr,0.000997,COSETTE_128d_256x4_8ed1,4yqz7d4t
cosette,COSETTE_128d_256x4_8ed1,,103,train_loss,0.007675459856341639,COSETTE_128d_256x4_8ed1,4yqz7d4t
cosette,COSETTE_128d_256x4_8ed1,,103,lr,0.000996,COSETTE_128d_256x4_8ed1,4yqz7d4t
cosette,COSETTE_128d_256x4_8ed1,,104,train_loss,0.00770263308860201,COSETTE_128d_256x4_8ed1,4yqz7d4t
cosette,COSETTE_128d_256x4_8ed1,,104,lr,0.000995,COSETTE_128d_256x4_8ed1,4yqz7d4t
cosette,COSETTE_128d_256x4_8ed1,,105,train_loss,0.007711930914024872,COSETTE_128d_256x4_8ed1,4yqz7d4t
cosette,COSETTE_128d_256x4_8ed1,,105,lr,0.000994,COSETTE_128d_256x4_8ed1,4yqz7d4t
cosette,COSETTE_128d_256x4_8ed1,,106,train_loss,0.007728170432659574,COSETTE_128d_256x4_8ed1,4yqz7d4t
cosette,COSETTE_128d_256x4_8ed1,,106,lr,0.000993,COSETTE_128d_256x4_8ed1,4yqz7d4t
cosette,COSETTE_128d_256x4_8ed1,,107,train_loss,0.007743596447725518,COSETTE_128d_256x4_8ed1,4yqz7d4t
cosette,COSETTE_128d_256x4_8ed1,,107,lr,0.000992,COSETTE_128d_256x4_8ed1,4yqz7d4t
cosette,COSETTE_128d_256x4_8ed1,,108,train_loss,0.007759151065708708,COSETTE_128d_256x4_8ed1,4yqz7d4t
cosette,COSETTE_128d_256x4_8ed1,,108,lr,0.0009910000000000001,COSETTE_128d_256x4_8ed1,4yqz7d4t
cosette,COSETTE_128d_256x4_8ed1,,109,train_loss,0.007736668282141574,COSETTE_128d_256x4_8ed1,4yqz7d4t
cosette,COSETTE_128d_256x4_8ed1,,109,lr,0.00099,COSETTE_128d_256x4_8ed1,4yqz7d4t
cosette,COSETTE_128d_256x4_8ed1,,110,train_loss,0.007751388257543599,COSETTE_128d_256x4_8ed1,4yqz7d4t
cosette,COSETTE_128d_256x4_8ed1,,110,lr,0.000989,COSETTE_128d_256x4_8ed1,4yqz7d4t
cosette,COSETTE_128d_256x4_8ed1,,111,train_loss,0.007760706072901009,COSETTE_128d_256x4_8ed1,4yqz7d4t
cosette,COSETTE_128d_256x4_8ed1,,111,lr,0.000988,COSETTE_128d_256x4_8ed1,4yqz7d4t
cosette,COSETTE_128d_256x4_8ed1,,112,train_loss,0.007792057218231098,COSETTE_128d_256x4_8ed1,4yqz7d4t
cosette,COSETTE_128d_256x4_8ed1,,112,lr,0.000987,COSETTE_128d_256x4_8ed1,4yqz7d4t
cosette,COSETTE_128d_256x4_8ed1,,113,train_loss,0.007793841588733008,COSETTE_128d_256x4_8ed1,4yqz7d4t
cosette,COSETTE_128d_256x4_8ed1,,113,lr,0.0009860000000000001,COSETTE_128d_256x4_8ed1,4yqz7d4t
cosette,COSETTE_128d_256x4_8ed1,,114,train_loss,0.007816818023515902,COSETTE_128d_256x4_8ed1,4yqz7d4t
cosette,COSETTE_128d_256x4_8ed1,,114,lr,0.000985,COSETTE_128d_256x4_8ed1,4yqz7d4t
cosette,COSETTE_128d_256x4_8ed1,,115,train_loss,0.007804811831644111,COSETTE_128d_256x4_8ed1,4yqz7d4t
cosette,COSETTE_128d_256x4_8ed1,,115,lr,0.000984,COSETTE_128d_256x4_8ed1,4yqz7d4t
cosette,COSETTE_128d_256x4_8ed1,,116,train_loss,0.007815048306269182,COSETTE_128d_256x4_8ed1,4yqz7d4t
cosette,COSETTE_128d_256x4_8ed1,,116,lr,0.000983,COSETTE_128d_256x4_8ed1,4yqz7d4t
cosette,COSETTE_128d_256x4_8ed1,,117,train_loss,0.007831805144443359,COSETTE_128d_256x4_8ed1,4yqz7d4t
cosette,COSETTE_128d_256x4_8ed1,,117,lr,0.000982,COSETTE_128d_256x4_8ed1,4yqz7d4t
cosette,COSETTE_128d_256x4_8ed1,,118,train_loss,0.007847891617968358,COSETTE_128d_256x4_8ed1,4yqz7d4t
cosette,COSETTE_128d_256x4_8ed1,,118,lr,0.000981,COSETTE_128d_256x4_8ed1,4yqz7d4t
cosette,COSETTE_128d_256x4_8ed1,,119,train_loss,0.007853746186379048,COSETTE_128d_256x4_8ed1,4yqz7d4t
cosette,COSETTE_128d_256x4_8ed1,,119,lr,0.00098,COSETTE_128d_256x4_8ed1,4yqz7d4t
cosette,COSETTE_128d_256x4_8ed1,,120,train_loss,0.007872424215721567,COSETTE_128d_256x4_8ed1,4yqz7d4t
cosette,COSETTE_128d_256x4_8ed1,,120,lr,0.000979,COSETTE_128d_256x4_8ed1,4yqz7d4t
cosette,COSETTE_128d_256x4_8ed1,,121,train_loss,0.007857522937274878,COSETTE_128d_256x4_8ed1,4yqz7d4t
cosette,COSETTE_128d_256x4_8ed1,,121,lr,0.000978,COSETTE_128d_256x4_8ed1,4yqz7d4t
cosette,COSETTE_128d_256x4_8ed1,,122,train_loss,0.007862772738976447,COSETTE_128d_256x4_8ed1,4yqz7d4t
cosette,COSETTE_128d_256x4_8ed1,,122,lr,0.000977,COSETTE_128d_256x4_8ed1,4yqz7d4t
cosette,COSETTE_128d_256x4_8ed1,,123,train_loss,0.007864844519644976,COSETTE_128d_256x4_8ed1,4yqz7d4t
cosette,COSETTE_128d_256x4_8ed1,,123,lr,0.000976,COSETTE_128d_256x4_8ed1,4yqz7d4t
cosette,COSETTE_128d_256x4_8ed1,,124,train_loss,0.007886055756440694,COSETTE_128d_256x4_8ed1,4yqz7d4t
cosette,COSETTE_128d_256x4_8ed1,,124,lr,0.0009750000000000001,COSETTE_128d_256x4_8ed1,4yqz7d4t
cosette,COSETTE_128d_256x4_8ed1,,125,train_loss,0.007911893813837344,COSETTE_128d_256x4_8ed1,4yqz7d4t
cosette,COSETTE_128d_256x4_8ed1,,125,lr,0.000974,COSETTE_128d_256x4_8ed1,4yqz7d4t
cosette,COSETTE_128d_256x4_8ed1,,126,train_loss,0.007919264082937574,COSETTE_128d_256x4_8ed1,4yqz7d4t
cosette,COSETTE_128d_256x4_8ed1,,126,lr,0.000973,COSETTE_128d_256x4_8ed1,4yqz7d4t
cosette,COSETTE_128d_256x4_8ed1,,127,train_loss,0.007919591828081886,COSETTE_128d_256x4_8ed1,4yqz7d4t
cosette,COSETTE_128d_256x4_8ed1,,127,lr,0.000972,COSETTE_128d_256x4_8ed1,4yqz7d4t
cosette,COSETTE_128d_256x4_8ed1,,128,train_loss,0.007907885796785783,COSETTE_128d_256x4_8ed1,4yqz7d4t
cosette,COSETTE_128d_256x4_8ed1,,128,lr,0.0009710000000000001,COSETTE_128d_256x4_8ed1,4yqz7d4t
cosette,COSETTE_128d_256x4_8ed1,,129,train_loss,0.007915936899538949,COSETTE_128d_256x4_8ed1,4yqz7d4t
cosette,COSETTE_128d_256x4_8ed1,,129,lr,0.00097,COSETTE_128d_256x4_8ed1,4yqz7d4t
cosette,COSETTE_128d_256x4_8ed1,,130,train_loss,0.007924377502833337,COSETTE_128d_256x4_8ed1,4yqz7d4t
cosette,COSETTE_128d_256x4_8ed1,,130,lr,0.000969,COSETTE_128d_256x4_8ed1,4yqz7d4t
cosette,COSETTE_128d_256x4_8ed1,,131,train_loss,0.00795499625676077,COSETTE_128d_256x4_8ed1,4yqz7d4t
cosette,COSETTE_128d_256x4_8ed1,,131,lr,0.000968,COSETTE_128d_256x4_8ed1,4yqz7d4t
cosette,COSETTE_128d_256x4_8ed1,,132,train_loss,0.007946069539933324,COSETTE_128d_256x4_8ed1,4yqz7d4t
cosette,COSETTE_128d_256x4_8ed1,,132,lr,0.000967,COSETTE_128d_256x4_8ed1,4yqz7d4t
cosette,COSETTE_128d_256x4_8ed1,,133,train_loss,0.007942247723745145,COSETTE_128d_256x4_8ed1,4yqz7d4t
cosette,COSETTE_128d_256x4_8ed1,,133,lr,0.0009660000000000001,COSETTE_128d_256x4_8ed1,4yqz7d4t
cosette,COSETTE_128d_256x4_8ed1,,134,train_loss,0.007965574436318533,COSETTE_128d_256x4_8ed1,4yqz7d4t
cosette,COSETTE_128d_256x4_8ed1,,134,lr,0.000965,COSETTE_128d_256x4_8ed1,4yqz7d4t
cosette,COSETTE_128d_256x4_8ed1,,135,train_loss,0.007957702144149613,COSETTE_128d_256x4_8ed1,4yqz7d4t
cosette,COSETTE_128d_256x4_8ed1,,135,lr,0.000964,COSETTE_128d_256x4_8ed1,4yqz7d4t
cosette,COSETTE_128d_256x4_8ed1,,136,train_loss,0.00800413459124003,COSETTE_128d_256x4_8ed1,4yqz7d4t
cosette,COSETTE_128d_256x4_8ed1,,136,lr,0.000963,COSETTE_128d_256x4_8ed1,4yqz7d4t
cosette,COSETTE_128d_256x4_8ed1,,137,train_loss,0.007989037859005673,COSETTE_128d_256x4_8ed1,4yqz7d4t
cosette,COSETTE_128d_256x4_8ed1,,137,lr,0.0009620000000000001,COSETTE_128d_256x4_8ed1,4yqz7d4t
cosette,COSETTE_128d_256x4_8ed1,,138,train_loss,0.007989152766790967,COSETTE_128d_256x4_8ed1,4yqz7d4t
cosette,COSETTE_128d_256x4_8ed1,,138,lr,0.000961,COSETTE_128d_256x4_8ed1,4yqz7d4t
cosette,COSETTE_128d_256x4_8ed1,,139,train_loss,0.00798922721229547,COSETTE_128d_256x4_8ed1,4yqz7d4t
cosette,COSETTE_128d_256x4_8ed1,,139,lr,0.00096,COSETTE_128d_256x4_8ed1,4yqz7d4t
cosette,COSETTE_128d_256x4_8ed1,,140,train_loss,0.007982764654397538,COSETTE_128d_256x4_8ed1,4yqz7d4t
cosette,COSETTE_128d_256x4_8ed1,,140,lr,0.000959,COSETTE_128d_256x4_8ed1,4yqz7d4t
cosette,COSETTE_128d_256x4_8ed1,,141,train_loss,0.00799168127073015,COSETTE_128d_256x4_8ed1,4yqz7d4t
cosette,COSETTE_128d_256x4_8ed1,,141,lr,0.000958,COSETTE_128d_256x4_8ed1,4yqz7d4t
cosette,COSETTE_128d_256x4_8ed1,,142,train_loss,0.008004655532217287,COSETTE_128d_256x4_8ed1,4yqz7d4t
cosette,COSETTE_128d_256x4_8ed1,,142,lr,0.0009570000000000001,COSETTE_128d_256x4_8ed1,4yqz7d4t
cosette,COSETTE_128d_256x4_8ed1,,143,train_loss,0.008012424380578795,COSETTE_128d_256x4_8ed1,4yqz7d4t
cosette,COSETTE_128d_256x4_8ed1,,143,lr,0.000956,COSETTE_128d_256x4_8ed1,4yqz7d4t
cosette,COSETTE_128d_256x4_8ed1,,144,train_loss,0.008027357082787174,COSETTE_128d_256x4_8ed1,4yqz7d4t
cosette,COSETTE_128d_256x4_8ed1,,144,lr,0.000955,COSETTE_128d_256x4_8ed1,4yqz7d4t
cosette,COSETTE_128d_256x4_8ed1,,145,train_loss,0.008036019119748964,COSETTE_128d_256x4_8ed1,4yqz7d4t
cosette,COSETTE_128d_256x4_8ed1,,145,lr,0.000954,COSETTE_128d_256x4_8ed1,4yqz7d4t
cosette,COSETTE_128d_256x4_8ed1,,146,train_loss,0.008047756779161721,COSETTE_128d_256x4_8ed1,4yqz7d4t
cosette,COSETTE_128d_256x4_8ed1,,146,lr,0.0009530000000000001,COSETTE_128d_256x4_8ed1,4yqz7d4t
cosette,COSETTE_128d_256x4_8ed1,,147,train_loss,0.008041371862745757,COSETTE_128d_256x4_8ed1,4yqz7d4t
cosette,COSETTE_128d_256x4_8ed1,,147,lr,0.000952,COSETTE_128d_256x4_8ed1,4yqz7d4t
cosette,COSETTE_128d_256x4_8ed1,,148,train_loss,0.008045011200010778,COSETTE_128d_256x4_8ed1,4yqz7d4t
cosette,COSETTE_128d_256x4_8ed1,,148,lr,0.000951,COSETTE_128d_256x4_8ed1,4yqz7d4t
cosette,COSETTE_128d_256x4_8ed1,,149,train_loss,0.008050496187463086,COSETTE_128d_256x4_8ed1,4yqz7d4t
cosette,COSETTE_128d_256x4_8ed1,,149,lr,0.00095,COSETTE_128d_256x4_8ed1,4yqz7d4t
cosette,COSETTE_128d_256x4_8ed1,,150,train_loss,0.008052996413366832,COSETTE_128d_256x4_8ed1,4yqz7d4t
cosette,COSETTE_128d_256x4_8ed1,,150,lr,0.000949,COSETTE_128d_256x4_8ed1,4yqz7d4t
cosette,COSETTE_128d_256x4_8ed1,,151,train_loss,0.00806566404862155,COSETTE_128d_256x4_8ed1,4yqz7d4t
cosette,COSETTE_128d_256x4_8ed1,,151,lr,0.0009480000000000001,COSETTE_128d_256x4_8ed1,4yqz7d4t
cosette,COSETTE_128d_256x4_8ed1,,152,train_loss,0.008048071860999078,COSETTE_128d_256x4_8ed1,4yqz7d4t
cosette,COSETTE_128d_256x4_8ed1,,152,lr,0.000947,COSETTE_128d_256x4_8ed1,4yqz7d4t
cosette,COSETTE_128d_256x4_8ed1,,153,train_loss,0.00805862824157845,COSETTE_128d_256x4_8ed1,4yqz7d4t
cosette,COSETTE_128d_256x4_8ed1,,153,lr,0.000946,COSETTE_128d_256x4_8ed1,4yqz7d4t
cosette,COSETTE_128d_256x4_8ed1,,154,train_loss,0.008085722455473471,COSETTE_128d_256x4_8ed1,4yqz7d4t
cosette,COSETTE_128d_256x4_8ed1,,154,lr,0.000945,COSETTE_128d_256x4_8ed1,4yqz7d4t
cosette,COSETTE_128d_256x4_8ed1,,155,train_loss,0.008103614719919588,COSETTE_128d_256x4_8ed1,4yqz7d4t
cosette,COSETTE_128d_256x4_8ed1,,155,lr,0.0009440000000000001,COSETTE_128d_256x4_8ed1,4yqz7d4t
cosette,COSETTE_128d_256x4_8ed1,,156,train_loss,0.008104697593467698,COSETTE_128d_256x4_8ed1,4yqz7d4t
cosette,COSETTE_128d_256x4_8ed1,,156,lr,0.000943,COSETTE_128d_256x4_8ed1,4yqz7d4t
cosette,COSETTE_128d_256x4_8ed1,,157,train_loss,0.008097973102770693,COSETTE_128d_256x4_8ed1,4yqz7d4t
cosette,COSETTE_128d_256x4_8ed1,,157,lr,0.000942,COSETTE_128d_256x4_8ed1,4yqz7d4t
cosette,COSETTE_128d_256x4_8ed1,,158,train_loss,0.008110296054870533,COSETTE_128d_256x4_8ed1,4yqz7d4t
cosette,COSETTE_128d_256x4_8ed1,,158,lr,0.000941,COSETTE_128d_256x4_8ed1,4yqz7d4t
cosette,COSETTE_128d_256x4_8ed1,,159,train_loss,0.008107623125580577,COSETTE_128d_256x4_8ed1,4yqz7d4t
cosette,COSETTE_128d_256x4_8ed1,,159,lr,0.0009400000000000001,COSETTE_128d_256x4_8ed1,4yqz7d4t
cosette,COSETTE_128d_256x4_8ed1,,160,train_loss,0.008135997676860083,COSETTE_128d_256x4_8ed1,4yqz7d4t
cosette,COSETTE_128d_256x4_8ed1,,160,lr,0.0009390000000000001,COSETTE_128d_256x4_8ed1,4yqz7d4t
cosette,COSETTE_128d_256x4_8ed1,,161,train_loss,0.008128606225196408,COSETTE_128d_256x4_8ed1,4yqz7d4t
cosette,COSETTE_128d_256x4_8ed1,,161,lr,0.000938,COSETTE_128d_256x4_8ed1,4yqz7d4t
cosette,COSETTE_128d_256x4_8ed1,,162,train_loss,0.008137998197951333,COSETTE_128d_256x4_8ed1,4yqz7d4t
cosette,COSETTE_128d_256x4_8ed1,,162,lr,0.000937,COSETTE_128d_256x4_8ed1,4yqz7d4t
cosette,COSETTE_128d_256x4_8ed1,,163,train_loss,0.008108334816831472,COSETTE_128d_256x4_8ed1,4yqz7d4t
cosette,COSETTE_128d_256x4_8ed1,,163,lr,0.000936,COSETTE_128d_256x4_8ed1,4yqz7d4t
cosette,COSETTE_128d_256x4_8ed1,,164,train_loss,0.008132037726773638,COSETTE_128d_256x4_8ed1,4yqz7d4t
cosette,COSETTE_128d_256x4_8ed1,,164,lr,0.0009350000000000001,COSETTE_128d_256x4_8ed1,4yqz7d4t
cosette,COSETTE_128d_256x4_8ed1,,165,train_loss,0.008113910490981967,COSETTE_128d_256x4_8ed1,4yqz7d4t
cosette,COSETTE_128d_256x4_8ed1,,165,lr,0.000934,COSETTE_128d_256x4_8ed1,4yqz7d4t
cosette,COSETTE_128d_256x4_8ed1,,166,train_loss,0.008142539568031007,COSETTE_128d_256x4_8ed1,4yqz7d4t
cosette,COSETTE_128d_256x4_8ed1,,166,lr,0.000933,COSETTE_128d_256x4_8ed1,4yqz7d4t
cosette,COSETTE_128d_256x4_8ed1,,167,train_loss,0.008150835119509441,COSETTE_128d_256x4_8ed1,4yqz7d4t
cosette,COSETTE_128d_256x4_8ed1,,167,lr,0.000932,COSETTE_128d_256x4_8ed1,4yqz7d4t
cosette,COSETTE_128d_256x4_8ed1,,168,train_loss,0.008147016047037766,COSETTE_128d_256x4_8ed1,4yqz7d4t
cosette,COSETTE_128d_256x4_8ed1,,168,lr,0.000931,COSETTE_128d_256x4_8ed1,4yqz7d4t
cosette,COSETTE_128d_256x4_8ed1,,169,train_loss,0.008173067645310495,COSETTE_128d_256x4_8ed1,4yqz7d4t
cosette,COSETTE_128d_256x4_8ed1,,169,lr,0.00093,COSETTE_128d_256x4_8ed1,4yqz7d4t
cosette,COSETTE_128d_256x4_8ed1,,170,train_loss,0.008134189617933987,COSETTE_128d_256x4_8ed1,4yqz7d4t
cosette,COSETTE_128d_256x4_8ed1,,170,lr,0.000929,COSETTE_128d_256x4_8ed1,4yqz7d4t
cosette,COSETTE_128d_256x4_8ed1,,171,train_loss,0.008166848360259325,COSETTE_128d_256x4_8ed1,4yqz7d4t
cosette,COSETTE_128d_256x4_8ed1,,171,lr,0.000928,COSETTE_128d_256x4_8ed1,4yqz7d4t
cosette,COSETTE_128d_256x4_8ed1,,172,train_loss,0.008180289254557317,COSETTE_128d_256x4_8ed1,4yqz7d4t
cosette,COSETTE_128d_256x4_8ed1,,172,lr,0.000927,COSETTE_128d_256x4_8ed1,4yqz7d4t
cosette,COSETTE_128d_256x4_8ed1,,173,train_loss,0.008173599685106775,COSETTE_128d_256x4_8ed1,4yqz7d4t
cosette,COSETTE_128d_256x4_8ed1,,173,lr,0.0009260000000000001,COSETTE_128d_256x4_8ed1,4yqz7d4t
cosette,COSETTE_128d_256x4_8ed1,,174,train_loss,0.00817248436937229,COSETTE_128d_256x4_8ed1,4yqz7d4t
cosette,COSETTE_128d_256x4_8ed1,,174,lr,0.000925,COSETTE_128d_256x4_8ed1,4yqz7d4t
cosette,COSETTE_128d_256x4_8ed1,,175,train_loss,0.008180515465440512,COSETTE_128d_256x4_8ed1,4yqz7d4t
cosette,COSETTE_128d_256x4_8ed1,,175,lr,0.000924,COSETTE_128d_256x4_8ed1,4yqz7d4t
cosette,COSETTE_128d_256x4_8ed1,,176,train_loss,0.008177560760820516,COSETTE_128d_256x4_8ed1,4yqz7d4t
cosette,COSETTE_128d_256x4_8ed1,,176,lr,0.000923,COSETTE_128d_256x4_8ed1,4yqz7d4t
cosette,COSETTE_128d_256x4_8ed1,,177,train_loss,0.008198631733066319,COSETTE_128d_256x4_8ed1,4yqz7d4t
cosette,COSETTE_128d_256x4_8ed1,,177,lr,0.0009220000000000001,COSETTE_128d_256x4_8ed1,4yqz7d4t
cosette,COSETTE_128d_256x4_8ed1,,178,train_loss,0.008206792912787675,COSETTE_128d_256x4_8ed1,4yqz7d4t
cosette,COSETTE_128d_256x4_8ed1,,178,lr,0.000921,COSETTE_128d_256x4_8ed1,4yqz7d4t
cosette,COSETTE_128d_256x4_8ed1,,179,train_loss,0.008210831562981764,COSETTE_128d_256x4_8ed1,4yqz7d4t
cosette,COSETTE_128d_256x4_8ed1,,179,lr,0.00092,COSETTE_128d_256x4_8ed1,4yqz7d4t
cosette,COSETTE_128d_256x4_8ed1,,180,train_loss,0.008222845121682122,COSETTE_128d_256x4_8ed1,4yqz7d4t
cosette,COSETTE_128d_256x4_8ed1,,180,lr,0.000919,COSETTE_128d_256x4_8ed1,4yqz7d4t
cosette,COSETTE_128d_256x4_8ed1,,181,train_loss,0.00819182466286764,COSETTE_128d_256x4_8ed1,4yqz7d4t
cosette,COSETTE_128d_256x4_8ed1,,181,lr,0.000918,COSETTE_128d_256x4_8ed1,4yqz7d4t
cosette,COSETTE_128d_256x4_8ed1,,182,train_loss,0.008218937191656605,COSETTE_128d_256x4_8ed1,4yqz7d4t
cosette,COSETTE_128d_256x4_8ed1,,182,lr,0.0009170000000000001,COSETTE_128d_256x4_8ed1,4yqz7d4t
cosette,COSETTE_128d_256x4_8ed1,,183,train_loss,0.008240670448155706,COSETTE_128d_256x4_8ed1,4yqz7d4t
cosette,COSETTE_128d_256x4_8ed1,,183,lr,0.000916,COSETTE_128d_256x4_8ed1,4yqz7d4t
cosette,COSETTE_128d_256x4_8ed1,,184,train_loss,0.008259680537547139,COSETTE_128d_256x4_8ed1,4yqz7d4t
cosette,COSETTE_128d_256x4_8ed1,,184,lr,0.000915,COSETTE_128d_256x4_8ed1,4yqz7d4t
cosette,COSETTE_128d_256x4_8ed1,,185,train_loss,0.008214428933779543,COSETTE_128d_256x4_8ed1,4yqz7d4t
cosette,COSETTE_128d_256x4_8ed1,,185,lr,0.000914,COSETTE_128d_256x4_8ed1,4yqz7d4t
cosette,COSETTE_128d_256x4_8ed1,,186,train_loss,0.008234997132538464,COSETTE_128d_256x4_8ed1,4yqz7d4t
cosette,COSETTE_128d_256x4_8ed1,,186,lr,0.000913,COSETTE_128d_256x4_8ed1,4yqz7d4t
cosette,COSETTE_128d_256x4_8ed1,,187,train_loss,0.008265489471151674,COSETTE_128d_256x4_8ed1,4yqz7d4t
cosette,COSETTE_128d_256x4_8ed1,,187,lr,0.000912,COSETTE_128d_256x4_8ed1,4yqz7d4t
cosette,COSETTE_128d_256x4_8ed1,,188,train_loss,0.008249006723221257,COSETTE_128d_256x4_8ed1,4yqz7d4t
cosette,COSETTE_128d_256x4_8ed1,,188,lr,0.000911,COSETTE_128d_256x4_8ed1,4yqz7d4t
cosette,COSETTE_128d_256x4_8ed1,,189,train_loss,0.008221731266583043,COSETTE_128d_256x4_8ed1,4yqz7d4t
cosette,COSETTE_128d_256x4_8ed1,,189,lr,0.00091,COSETTE_128d_256x4_8ed1,4yqz7d4t
cosette,COSETTE_128d_256x4_8ed1,,190,train_loss,0.008222914374560759,COSETTE_128d_256x4_8ed1,4yqz7d4t
cosette,COSETTE_128d_256x4_8ed1,,190,lr,0.0009090000000000001,COSETTE_128d_256x4_8ed1,4yqz7d4t
cosette,COSETTE_128d_256x4_8ed1,,191,train_loss,0.008247972707257429,COSETTE_128d_256x4_8ed1,4yqz7d4t
cosette,COSETTE_128d_256x4_8ed1,,191,lr,0.0009080000000000001,COSETTE_128d_256x4_8ed1,4yqz7d4t
cosette,COSETTE_128d_256x4_8ed1,,192,train_loss,0.008238670396075832,COSETTE_128d_256x4_8ed1,4yqz7d4t
cosette,COSETTE_128d_256x4_8ed1,,192,lr,0.000907,COSETTE_128d_256x4_8ed1,4yqz7d4t
cosette,COSETTE_128d_256x4_8ed1,,193,train_loss,0.008239238348742612,COSETTE_128d_256x4_8ed1,4yqz7d4t
cosette,COSETTE_128d_256x4_8ed1,,193,lr,0.000906,COSETTE_128d_256x4_8ed1,4yqz7d4t
cosette,COSETTE_128d_256x4_8ed1,,194,train_loss,0.008268193221188705,COSETTE_128d_256x4_8ed1,4yqz7d4t
cosette,COSETTE_128d_256x4_8ed1,,194,lr,0.000905,COSETTE_128d_256x4_8ed1,4yqz7d4t
cosette,COSETTE_128d_256x4_8ed1,,195,train_loss,0.008259508497477003,COSETTE_128d_256x4_8ed1,4yqz7d4t
cosette,COSETTE_128d_256x4_8ed1,,195,lr,0.0009040000000000001,COSETTE_128d_256x4_8ed1,4yqz7d4t
cosette,COSETTE_128d_256x4_8ed1,,196,train_loss,0.00826350828002897,COSETTE_128d_256x4_8ed1,4yqz7d4t
cosette,COSETTE_128d_256x4_8ed1,,196,lr,0.000903,COSETTE_128d_256x4_8ed1,4yqz7d4t
cosette,COSETTE_128d_256x4_8ed1,,197,train_loss,0.008285737093940055,COSETTE_128d_256x4_8ed1,4yqz7d4t
cosette,COSETTE_128d_256x4_8ed1,,197,lr,0.000902,COSETTE_128d_256x4_8ed1,4yqz7d4t
cosette,COSETTE_128d_256x4_8ed1,,198,train_loss,0.008280278947338356,COSETTE_128d_256x4_8ed1,4yqz7d4t
cosette,COSETTE_128d_256x4_8ed1,,198,lr,0.000901,COSETTE_128d_256x4_8ed1,4yqz7d4t
cosette,COSETTE_128d_256x4_8ed1,,199,train_loss,0.0082671268702411,COSETTE_128d_256x4_8ed1,4yqz7d4t
cosette,COSETTE_128d_256x4_8ed1,,199,lr,0.0009,COSETTE_128d_256x4_8ed1,4yqz7d4t
cosette,COSETTE_128d_256x4_8ed1,,199,collision_rate,0.009042871928964427,COSETTE_128d_256x4_8ed1,4yqz7d4t
cosette,COSETTE_128d_256x4_8ed1,,199,mean_collisions,1.009125391677203,COSETTE_128d_256x4_8ed1,4yqz7d4t
cosette,COSETTE_128d_256x4_8ed1,,199,max_collisions,14.0,COSETTE_128d_256x4_8ed1,4yqz7d4t
cosette,COSETTE_128d_256x4_8ed1,,200,train_loss,0.008275904572106522,COSETTE_128d_256x4_8ed1,4yqz7d4t
cosette,COSETTE_128d_256x4_8ed1,,200,lr,0.0008990000000000001,COSETTE_128d_256x4_8ed1,4yqz7d4t
cosette,COSETTE_128d_256x4_8ed1,,201,train_loss,0.008290124125778673,COSETTE_128d_256x4_8ed1,4yqz7d4t
cosette,COSETTE_128d_256x4_8ed1,,201,lr,0.000898,COSETTE_128d_256x4_8ed1,4yqz7d4t
cosette,COSETTE_128d_256x4_8ed1,,202,train_loss,0.008286350587610717,COSETTE_128d_256x4_8ed1,4yqz7d4t
cosette,COSETTE_128d_256x4_8ed1,,202,lr,0.000897,COSETTE_128d_256x4_8ed1,4yqz7d4t
cosette,COSETTE_128d_256x4_8ed1,,203,train_loss,0.008294361804297077,COSETTE_128d_256x4_8ed1,4yqz7d4t
cosette,COSETTE_128d_256x4_8ed1,,203,lr,0.000896,COSETTE_128d_256x4_8ed1,4yqz7d4t
cosette,COSETTE_128d_256x4_8ed1,,204,train_loss,0.00829107591064928,COSETTE_128d_256x4_8ed1,4yqz7d4t
cosette,COSETTE_128d_256x4_8ed1,,204,lr,0.0008950000000000001,COSETTE_128d_256x4_8ed1,4yqz7d4t
cosette,COSETTE_128d_256x4_8ed1,,205,train_loss,0.008283756539332781,COSETTE_128d_256x4_8ed1,4yqz7d4t
cosette,COSETTE_128d_256x4_8ed1,,205,lr,0.000894,COSETTE_128d_256x4_8ed1,4yqz7d4t
cosette,COSETTE_128d_256x4_8ed1,,206,train_loss,0.008284237101781281,COSETTE_128d_256x4_8ed1,4yqz7d4t
cosette,COSETTE_128d_256x4_8ed1,,206,lr,0.000893,COSETTE_128d_256x4_8ed1,4yqz7d4t
cosette,COSETTE_128d_256x4_8ed1,,207,train_loss,0.008297885118199762,COSETTE_128d_256x4_8ed1,4yqz7d4t
cosette,COSETTE_128d_256x4_8ed1,,207,lr,0.000892,COSETTE_128d_256x4_8ed1,4yqz7d4t
cosette,COSETTE_128d_256x4_8ed1,,208,train_loss,0.00831675968340618,COSETTE_128d_256x4_8ed1,4yqz7d4t
cosette,COSETTE_128d_256x4_8ed1,,208,lr,0.0008910000000000001,COSETTE_128d_256x4_8ed1,4yqz7d4t
cosette,COSETTE_128d_256x4_8ed1,,209,train_loss,0.008322193836726303,COSETTE_128d_256x4_8ed1,4yqz7d4t
cosette,COSETTE_128d_256x4_8ed1,,209,lr,0.0008900000000000001,COSETTE_128d_256x4_8ed1,4yqz7d4t
cosette,COSETTE_128d_256x4_8ed1,,210,train_loss,0.008314017775944238,COSETTE_128d_256x4_8ed1,4yqz7d4t
cosette,COSETTE_128d_256x4_8ed1,,210,lr,0.000889,COSETTE_128d_256x4_8ed1,4yqz7d4t
cosette,COSETTE_128d_256x4_8ed1,,211,train_loss,0.008297172957937499,COSETTE_128d_256x4_8ed1,4yqz7d4t
cosette,COSETTE_128d_256x4_8ed1,,211,lr,0.000888,COSETTE_128d_256x4_8ed1,4yqz7d4t
cosette,COSETTE_128d_256x4_8ed1,,212,train_loss,0.008327967882585184,COSETTE_128d_256x4_8ed1,4yqz7d4t
cosette,COSETTE_128d_256x4_8ed1,,212,lr,0.000887,COSETTE_128d_256x4_8ed1,4yqz7d4t
cosette,COSETTE_128d_256x4_8ed1,,213,train_loss,0.008328682012695206,COSETTE_128d_256x4_8ed1,4yqz7d4t
cosette,COSETTE_128d_256x4_8ed1,,213,lr,0.0008860000000000001,COSETTE_128d_256x4_8ed1,4yqz7d4t
cosette,COSETTE_128d_256x4_8ed1,,214,train_loss,0.008327211849659465,COSETTE_128d_256x4_8ed1,4yqz7d4t
cosette,COSETTE_128d_256x4_8ed1,,214,lr,0.000885,COSETTE_128d_256x4_8ed1,4yqz7d4t
cosette,COSETTE_128d_256x4_8ed1,,215,train_loss,0.008327808371818752,COSETTE_128d_256x4_8ed1,4yqz7d4t
cosette,COSETTE_128d_256x4_8ed1,,215,lr,0.000884,COSETTE_128d_256x4_8ed1,4yqz7d4t
cosette,COSETTE_128d_256x4_8ed1,,216,train_loss,0.008333148850168257,COSETTE_128d_256x4_8ed1,4yqz7d4t
cosette,COSETTE_128d_256x4_8ed1,,216,lr,0.000883,COSETTE_128d_256x4_8ed1,4yqz7d4t
cosette,COSETTE_128d_256x4_8ed1,,217,train_loss,0.008344419756167225,COSETTE_128d_256x4_8ed1,4yqz7d4t
cosette,COSETTE_128d_256x4_8ed1,,217,lr,0.000882,COSETTE_128d_256x4_8ed1,4yqz7d4t
cosette,COSETTE_128d_256x4_8ed1,,218,train_loss,0.008353616131080996,COSETTE_128d_256x4_8ed1,4yqz7d4t
cosette,COSETTE_128d_256x4_8ed1,,218,lr,0.0008810000000000001,COSETTE_128d_256x4_8ed1,4yqz7d4t
cosette,COSETTE_128d_256x4_8ed1,,219,train_loss,0.00835471241165408,COSETTE_128d_256x4_8ed1,4yqz7d4t
cosette,COSETTE_128d_256x4_8ed1,,219,lr,0.00088,COSETTE_128d_256x4_8ed1,4yqz7d4t
cosette,COSETTE_128d_256x4_8ed1,,220,train_loss,0.008366238861847265,COSETTE_128d_256x4_8ed1,4yqz7d4t
cosette,COSETTE_128d_256x4_8ed1,,220,lr,0.000879,COSETTE_128d_256x4_8ed1,4yqz7d4t
cosette,COSETTE_128d_256x4_8ed1,,221,train_loss,0.008368152669436637,COSETTE_128d_256x4_8ed1,4yqz7d4t
cosette,COSETTE_128d_256x4_8ed1,,221,lr,0.000878,COSETTE_128d_256x4_8ed1,4yqz7d4t
cosette,COSETTE_128d_256x4_8ed1,,222,train_loss,0.008359465124956568,COSETTE_128d_256x4_8ed1,4yqz7d4t
cosette,COSETTE_128d_256x4_8ed1,,222,lr,0.0008770000000000001,COSETTE_128d_256x4_8ed1,4yqz7d4t
cosette,COSETTE_128d_256x4_8ed1,,223,train_loss,0.008354740002922875,COSETTE_128d_256x4_8ed1,4yqz7d4t
cosette,COSETTE_128d_256x4_8ed1,,223,lr,0.000876,COSETTE_128d_256x4_8ed1,4yqz7d4t
cosette,COSETTE_128d_256x4_8ed1,,224,train_loss,0.008349539497666222,COSETTE_128d_256x4_8ed1,4yqz7d4t
cosette,COSETTE_128d_256x4_8ed1,,224,lr,0.000875,COSETTE_128d_256x4_8ed1,4yqz7d4t
cosette,COSETTE_128d_256x4_8ed1,,225,train_loss,0.00834221282987286,COSETTE_128d_256x4_8ed1,4yqz7d4t
cosette,COSETTE_128d_256x4_8ed1,,225,lr,0.000874,COSETTE_128d_256x4_8ed1,4yqz7d4t
cosette,COSETTE_128d_256x4_8ed1,,226,train_loss,0.008365549562539131,COSETTE_128d_256x4_8ed1,4yqz7d4t
cosette,COSETTE_128d_256x4_8ed1,,226,lr,0.0008730000000000001,COSETTE_128d_256x4_8ed1,4yqz7d4t
cosette,COSETTE_128d_256x4_8ed1,,227,train_loss,0.00834857959219878,COSETTE_128d_256x4_8ed1,4yqz7d4t
cosette,COSETTE_128d_256x4_8ed1,,227,lr,0.000872,COSETTE_128d_256x4_8ed1,4yqz7d4t
cosette,COSETTE_128d_256x4_8ed1,,228,train_loss,0.008350851188460703,COSETTE_128d_256x4_8ed1,4yqz7d4t
cosette,COSETTE_128d_256x4_8ed1,,228,lr,0.000871,COSETTE_128d_256x4_8ed1,4yqz7d4t
cosette,COSETTE_128d_256x4_8ed1,,229,train_loss,0.008345179474182268,COSETTE_128d_256x4_8ed1,4yqz7d4t
cosette,COSETTE_128d_256x4_8ed1,,229,lr,0.00087,COSETTE_128d_256x4_8ed1,4yqz7d4t
cosette,COSETTE_128d_256x4_8ed1,,230,train_loss,0.008370322945842642,COSETTE_128d_256x4_8ed1,4yqz7d4t
cosette,COSETTE_128d_256x4_8ed1,,230,lr,0.000869,COSETTE_128d_256x4_8ed1,4yqz7d4t
cosette,COSETTE_128d_256x4_8ed1,,231,train_loss,0.008397146677531355,COSETTE_128d_256x4_8ed1,4yqz7d4t
cosette,COSETTE_128d_256x4_8ed1,,231,lr,0.0008680000000000001,COSETTE_128d_256x4_8ed1,4yqz7d4t
cosette,COSETTE_128d_256x4_8ed1,,232,train_loss,0.008365975612466282,COSETTE_128d_256x4_8ed1,4yqz7d4t
cosette,COSETTE_128d_256x4_8ed1,,232,lr,0.000867,COSETTE_128d_256x4_8ed1,4yqz7d4t
cosette,COSETTE_128d_256x4_8ed1,,233,train_loss,0.008385582404921384,COSETTE_128d_256x4_8ed1,4yqz7d4t
cosette,COSETTE_128d_256x4_8ed1,,233,lr,0.000866,COSETTE_128d_256x4_8ed1,4yqz7d4t
cosette,COSETTE_128d_256x4_8ed1,,234,train_loss,0.008371953939576801,COSETTE_128d_256x4_8ed1,4yqz7d4t
cosette,COSETTE_128d_256x4_8ed1,,234,lr,0.000865,COSETTE_128d_256x4_8ed1,4yqz7d4t
cosette,COSETTE_128d_256x4_8ed1,,235,train_loss,0.008382341027152622,COSETTE_128d_256x4_8ed1,4yqz7d4t
cosette,COSETTE_128d_256x4_8ed1,,235,lr,0.000864,COSETTE_128d_256x4_8ed1,4yqz7d4t
cosette,COSETTE_128d_256x4_8ed1,,236,train_loss,0.0083855742910247,COSETTE_128d_256x4_8ed1,4yqz7d4t
cosette,COSETTE_128d_256x4_8ed1,,236,lr,0.000863,COSETTE_128d_256x4_8ed1,4yqz7d4t
cosette,COSETTE_128d_256x4_8ed1,,237,train_loss,0.008380135641895605,COSETTE_128d_256x4_8ed1,4yqz7d4t
cosette,COSETTE_128d_256x4_8ed1,,237,lr,0.000862,COSETTE_128d_256x4_8ed1,4yqz7d4t
cosette,COSETTE_128d_256x4_8ed1,,238,train_loss,0.008392164785173723,COSETTE_128d_256x4_8ed1,4yqz7d4t
cosette,COSETTE_128d_256x4_8ed1,,238,lr,0.000861,COSETTE_128d_256x4_8ed1,4yqz7d4t
cosette,COSETTE_128d_256x4_8ed1,,239,train_loss,0.008386279550119695,COSETTE_128d_256x4_8ed1,4yqz7d4t
cosette,COSETTE_128d_256x4_8ed1,,239,lr,0.0008600000000000001,COSETTE_128d_256x4_8ed1,4yqz7d4t
cosette,COSETTE_128d_256x4_8ed1,,240,train_loss,0.008393512924851704,COSETTE_128d_256x4_8ed1,4yqz7d4t
cosette,COSETTE_128d_256x4_8ed1,,240,lr,0.0008590000000000001,COSETTE_128d_256x4_8ed1,4yqz7d4t
cosette,COSETTE_128d_256x4_8ed1,,241,train_loss,0.008393444315188653,COSETTE_128d_256x4_8ed1,4yqz7d4t
cosette,COSETTE_128d_256x4_8ed1,,241,lr,0.000858,COSETTE_128d_256x4_8ed1,4yqz7d4t
cosette,COSETTE_128d_256x4_8ed1,,242,train_loss,0.008377768541518735,COSETTE_128d_256x4_8ed1,4yqz7d4t
cosette,COSETTE_128d_256x4_8ed1,,242,lr,0.000857,COSETTE_128d_256x4_8ed1,4yqz7d4t
cosette,COSETTE_128d_256x4_8ed1,,243,train_loss,0.008405079274512022,COSETTE_128d_256x4_8ed1,4yqz7d4t
cosette,COSETTE_128d_256x4_8ed1,,243,lr,0.000856,COSETTE_128d_256x4_8ed1,4yqz7d4t
cosette,COSETTE_128d_256x4_8ed1,,244,train_loss,0.00839794439216741,COSETTE_128d_256x4_8ed1,4yqz7d4t
cosette,COSETTE_128d_256x4_8ed1,,244,lr,0.0008550000000000001,COSETTE_128d_256x4_8ed1,4yqz7d4t
cosette,COSETTE_128d_256x4_8ed1,,245,train_loss,0.008392030567520388,COSETTE_128d_256x4_8ed1,4yqz7d4t
cosette,COSETTE_128d_256x4_8ed1,,245,lr,0.000854,COSETTE_128d_256x4_8ed1,4yqz7d4t
cosette,COSETTE_128d_256x4_8ed1,,246,train_loss,0.008399399707643251,COSETTE_128d_256x4_8ed1,4yqz7d4t
cosette,COSETTE_128d_256x4_8ed1,,246,lr,0.000853,COSETTE_128d_256x4_8ed1,4yqz7d4t
cosette,COSETTE_128d_256x4_8ed1,,247,train_loss,0.00840666914264933,COSETTE_128d_256x4_8ed1,4yqz7d4t
cosette,COSETTE_128d_256x4_8ed1,,247,lr,0.000852,COSETTE_128d_256x4_8ed1,4yqz7d4t
cosette,COSETTE_128d_256x4_8ed1,,248,train_loss,0.008406511997040225,COSETTE_128d_256x4_8ed1,4yqz7d4t
cosette,COSETTE_128d_256x4_8ed1,,248,lr,0.000851,COSETTE_128d_256x4_8ed1,4yqz7d4t
cosette,COSETTE_128d_256x4_8ed1,,249,train_loss,0.008404882383539522,COSETTE_128d_256x4_8ed1,4yqz7d4t
cosette,COSETTE_128d_256x4_8ed1,,249,lr,0.0008500000000000001,COSETTE_128d_256x4_8ed1,4yqz7d4t
cosette,COSETTE_128d_256x4_8ed1,,250,train_loss,0.008406791949926093,COSETTE_128d_256x4_8ed1,4yqz7d4t
cosette,COSETTE_128d_256x4_8ed1,,250,lr,0.000849,COSETTE_128d_256x4_8ed1,4yqz7d4t
cosette,COSETTE_128d_256x4_8ed1,,251,train_loss,0.008442998260742043,COSETTE_128d_256x4_8ed1,4yqz7d4t
cosette,COSETTE_128d_256x4_8ed1,,251,lr,0.000848,COSETTE_128d_256x4_8ed1,4yqz7d4t
cosette,COSETTE_128d_256x4_8ed1,,252,train_loss,0.008414632486675283,COSETTE_128d_256x4_8ed1,4yqz7d4t
cosette,COSETTE_128d_256x4_8ed1,,252,lr,0.000847,COSETTE_128d_256x4_8ed1,4yqz7d4t
cosette,COSETTE_128d_256x4_8ed1,,253,train_loss,0.008396085599611561,COSETTE_128d_256x4_8ed1,4yqz7d4t
cosette,COSETTE_128d_256x4_8ed1,,253,lr,0.000846,COSETTE_128d_256x4_8ed1,4yqz7d4t
cosette,COSETTE_128d_256x4_8ed1,,254,train_loss,0.008450642563134648,COSETTE_128d_256x4_8ed1,4yqz7d4t
cosette,COSETTE_128d_256x4_8ed1,,254,lr,0.000845,COSETTE_128d_256x4_8ed1,4yqz7d4t
cosette,COSETTE_128d_256x4_8ed1,,255,train_loss,0.008440794168616369,COSETTE_128d_256x4_8ed1,4yqz7d4t
cosette,COSETTE_128d_256x4_8ed1,,255,lr,0.000844,COSETTE_128d_256x4_8ed1,4yqz7d4t
cosette,COSETTE_128d_256x4_8ed1,,256,train_loss,0.008433730542498958,COSETTE_128d_256x4_8ed1,4yqz7d4t
cosette,COSETTE_128d_256x4_8ed1,,256,lr,0.000843,COSETTE_128d_256x4_8ed1,4yqz7d4t
cosette,COSETTE_128d_256x4_8ed1,,257,train_loss,0.008447659603929777,COSETTE_128d_256x4_8ed1,4yqz7d4t
cosette,COSETTE_128d_256x4_8ed1,,257,lr,0.0008420000000000001,COSETTE_128d_256x4_8ed1,4yqz7d4t
cosette,COSETTE_128d_256x4_8ed1,,258,train_loss,0.008419779678739666,COSETTE_128d_256x4_8ed1,4yqz7d4t
cosette,COSETTE_128d_256x4_8ed1,,258,lr,0.0008410000000000001,COSETTE_128d_256x4_8ed1,4yqz7d4t
cosette,COSETTE_128d_256x4_8ed1,,259,train_loss,0.008435446025281073,COSETTE_128d_256x4_8ed1,4yqz7d4t
cosette,COSETTE_128d_256x4_8ed1,,259,lr,0.00084,COSETTE_128d_256x4_8ed1,4yqz7d4t
cosette,COSETTE_128d_256x4_8ed1,,260,train_loss,0.008441884405642959,COSETTE_128d_256x4_8ed1,4yqz7d4t
cosette,COSETTE_128d_256x4_8ed1,,260,lr,0.000839,COSETTE_128d_256x4_8ed1,4yqz7d4t
cosette,COSETTE_128d_256x4_8ed1,,261,train_loss,0.008440900138385004,COSETTE_128d_256x4_8ed1,4yqz7d4t
cosette,COSETTE_128d_256x4_8ed1,,261,lr,0.000838,COSETTE_128d_256x4_8ed1,4yqz7d4t
cosette,COSETTE_128d_256x4_8ed1,,262,train_loss,0.00844392461849631,COSETTE_128d_256x4_8ed1,4yqz7d4t
cosette,COSETTE_128d_256x4_8ed1,,262,lr,0.0008370000000000001,COSETTE_128d_256x4_8ed1,4yqz7d4t
cosette,COSETTE_128d_256x4_8ed1,,263,train_loss,0.008464653339746187,COSETTE_128d_256x4_8ed1,4yqz7d4t
cosette,COSETTE_128d_256x4_8ed1,,263,lr,0.000836,COSETTE_128d_256x4_8ed1,4yqz7d4t
cosette,COSETTE_128d_256x4_8ed1,,264,train_loss,0.008476385317421219,COSETTE_128d_256x4_8ed1,4yqz7d4t
cosette,COSETTE_128d_256x4_8ed1,,264,lr,0.000835,COSETTE_128d_256x4_8ed1,4yqz7d4t
cosette,COSETTE_128d_256x4_8ed1,,265,train_loss,0.008452790708904211,COSETTE_128d_256x4_8ed1,4yqz7d4t
cosette,COSETTE_128d_256x4_8ed1,,265,lr,0.000834,COSETTE_128d_256x4_8ed1,4yqz7d4t
cosette,COSETTE_128d_256x4_8ed1,,266,train_loss,0.008463694291899535,COSETTE_128d_256x4_8ed1,4yqz7d4t
cosette,COSETTE_128d_256x4_8ed1,,266,lr,0.000833,COSETTE_128d_256x4_8ed1,4yqz7d4t
cosette,COSETTE_128d_256x4_8ed1,,267,train_loss,0.008448920916203117,COSETTE_128d_256x4_8ed1,4yqz7d4t
cosette,COSETTE_128d_256x4_8ed1,,267,lr,0.0008320000000000001,COSETTE_128d_256x4_8ed1,4yqz7d4t
cosette,COSETTE_128d_256x4_8ed1,,268,train_loss,0.00844958732775647,COSETTE_128d_256x4_8ed1,4yqz7d4t
cosette,COSETTE_128d_256x4_8ed1,,268,lr,0.000831,COSETTE_128d_256x4_8ed1,4yqz7d4t
cosette,COSETTE_128d_256x4_8ed1,,269,train_loss,0.008479336457554812,COSETTE_128d_256x4_8ed1,4yqz7d4t
cosette,COSETTE_128d_256x4_8ed1,,269,lr,0.00083,COSETTE_128d_256x4_8ed1,4yqz7d4t
cosette,COSETTE_128d_256x4_8ed1,,270,train_loss,0.008438118043348942,COSETTE_128d_256x4_8ed1,4yqz7d4t
cosette,COSETTE_128d_256x4_8ed1,,270,lr,0.0008290000000000001,COSETTE_128d_256x4_8ed1,4yqz7d4t
cosette,COSETTE_128d_256x4_8ed1,,271,train_loss,0.00846005041527448,COSETTE_128d_256x4_8ed1,4yqz7d4t
cosette,COSETTE_128d_256x4_8ed1,,271,lr,0.0008280000000000001,COSETTE_128d_256x4_8ed1,4yqz7d4t
cosette,COSETTE_128d_256x4_8ed1,,272,train_loss,0.008476814891633797,COSETTE_128d_256x4_8ed1,4yqz7d4t
cosette,COSETTE_128d_256x4_8ed1,,272,lr,0.000827,COSETTE_128d_256x4_8ed1,4yqz7d4t
cosette,COSETTE_128d_256x4_8ed1,,273,train_loss,0.008468801061884102,COSETTE_128d_256x4_8ed1,4yqz7d4t
cosette,COSETTE_128d_256x4_8ed1,,273,lr,0.000826,COSETTE_128d_256x4_8ed1,4yqz7d4t
cosette,COSETTE_128d_256x4_8ed1,,274,train_loss,0.008485873605010748,COSETTE_128d_256x4_8ed1,4yqz7d4t
cosette,COSETTE_128d_256x4_8ed1,,274,lr,0.000825,COSETTE_128d_256x4_8ed1,4yqz7d4t
cosette,COSETTE_128d_256x4_8ed1,,275,train_loss,0.00848849937185753,COSETTE_128d_256x4_8ed1,4yqz7d4t
cosette,COSETTE_128d_256x4_8ed1,,275,lr,0.0008240000000000001,COSETTE_128d_256x4_8ed1,4yqz7d4t
cosette,COSETTE_128d_256x4_8ed1,,276,train_loss,0.008480980965516551,COSETTE_128d_256x4_8ed1,4yqz7d4t
cosette,COSETTE_128d_256x4_8ed1,,276,lr,0.0008230000000000001,COSETTE_128d_256x4_8ed1,4yqz7d4t
cosette,COSETTE_128d_256x4_8ed1,,277,train_loss,0.008500745325690976,COSETTE_128d_256x4_8ed1,4yqz7d4t
cosette,COSETTE_128d_256x4_8ed1,,277,lr,0.000822,COSETTE_128d_256x4_8ed1,4yqz7d4t
cosette,COSETTE_128d_256x4_8ed1,,278,train_loss,0.00848325046462764,COSETTE_128d_256x4_8ed1,4yqz7d4t
cosette,COSETTE_128d_256x4_8ed1,,278,lr,0.000821,COSETTE_128d_256x4_8ed1,4yqz7d4t
cosette,COSETTE_128d_256x4_8ed1,,279,train_loss,0.008507660255104089,COSETTE_128d_256x4_8ed1,4yqz7d4t
cosette,COSETTE_128d_256x4_8ed1,,279,lr,0.00082,COSETTE_128d_256x4_8ed1,4yqz7d4t
cosette,COSETTE_128d_256x4_8ed1,,280,train_loss,0.008464704917596402,COSETTE_128d_256x4_8ed1,4yqz7d4t
cosette,COSETTE_128d_256x4_8ed1,,280,lr,0.0008190000000000001,COSETTE_128d_256x4_8ed1,4yqz7d4t
cosette,COSETTE_128d_256x4_8ed1,,281,train_loss,0.008484201391877456,COSETTE_128d_256x4_8ed1,4yqz7d4t
cosette,COSETTE_128d_256x4_8ed1,,281,lr,0.000818,COSETTE_128d_256x4_8ed1,4yqz7d4t
cosette,COSETTE_128d_256x4_8ed1,,282,train_loss,0.008482431986188288,COSETTE_128d_256x4_8ed1,4yqz7d4t
cosette,COSETTE_128d_256x4_8ed1,,282,lr,0.000817,COSETTE_128d_256x4_8ed1,4yqz7d4t
cosette,COSETTE_128d_256x4_8ed1,,283,train_loss,0.008497951445069244,COSETTE_128d_256x4_8ed1,4yqz7d4t
cosette,COSETTE_128d_256x4_8ed1,,283,lr,0.000816,COSETTE_128d_256x4_8ed1,4yqz7d4t
cosette,COSETTE_128d_256x4_8ed1,,284,train_loss,0.008490168268410423,COSETTE_128d_256x4_8ed1,4yqz7d4t
cosette,COSETTE_128d_256x4_8ed1,,284,lr,0.000815,COSETTE_128d_256x4_8ed1,4yqz7d4t
cosette,COSETTE_128d_256x4_8ed1,,285,train_loss,0.008491409071486634,COSETTE_128d_256x4_8ed1,4yqz7d4t
cosette,COSETTE_128d_256x4_8ed1,,285,lr,0.000814,COSETTE_128d_256x4_8ed1,4yqz7d4t
cosette,COSETTE_128d_256x4_8ed1,,286,train_loss,0.00846429226129389,COSETTE_128d_256x4_8ed1,4yqz7d4t
cosette,COSETTE_128d_256x4_8ed1,,286,lr,0.000813,COSETTE_128d_256x4_8ed1,4yqz7d4t
cosette,COSETTE_128d_256x4_8ed1,,287,train_loss,0.008488508309874175,COSETTE_128d_256x4_8ed1,4yqz7d4t
cosette,COSETTE_128d_256x4_8ed1,,287,lr,0.000812,COSETTE_128d_256x4_8ed1,4yqz7d4t
cosette,COSETTE_128d_256x4_8ed1,,288,train_loss,0.008470384986977355,COSETTE_128d_256x4_8ed1,4yqz7d4t
cosette,COSETTE_128d_256x4_8ed1,,288,lr,0.0008110000000000001,COSETTE_128d_256x4_8ed1,4yqz7d4t
cosette,COSETTE_128d_256x4_8ed1,,289,train_loss,0.00851489113737568,COSETTE_128d_256x4_8ed1,4yqz7d4t
cosette,COSETTE_128d_256x4_8ed1,,289,lr,0.0008100000000000001,COSETTE_128d_256x4_8ed1,4yqz7d4t
cosette,COSETTE_128d_256x4_8ed1,,290,train_loss,0.008511417129968142,COSETTE_128d_256x4_8ed1,4yqz7d4t
cosette,COSETTE_128d_256x4_8ed1,,290,lr,0.000809,COSETTE_128d_256x4_8ed1,4yqz7d4t
cosette,COSETTE_128d_256x4_8ed1,,291,train_loss,0.008502734992519132,COSETTE_128d_256x4_8ed1,4yqz7d4t
cosette,COSETTE_128d_256x4_8ed1,,291,lr,0.000808,COSETTE_128d_256x4_8ed1,4yqz7d4t
cosette,COSETTE_128d_256x4_8ed1,,292,train_loss,0.00849749195463151,COSETTE_128d_256x4_8ed1,4yqz7d4t
cosette,COSETTE_128d_256x4_8ed1,,292,lr,0.000807,COSETTE_128d_256x4_8ed1,4yqz7d4t
cosette,COSETTE_128d_256x4_8ed1,,293,train_loss,0.00850287146142704,COSETTE_128d_256x4_8ed1,4yqz7d4t
cosette,COSETTE_128d_256x4_8ed1,,293,lr,0.0008060000000000001,COSETTE_128d_256x4_8ed1,4yqz7d4t
cosette,COSETTE_128d_256x4_8ed1,,294,train_loss,0.00851609349492,COSETTE_128d_256x4_8ed1,4yqz7d4t
cosette,COSETTE_128d_256x4_8ed1,,294,lr,0.000805,COSETTE_128d_256x4_8ed1,4yqz7d4t
cosette,COSETTE_128d_256x4_8ed1,,295,train_loss,0.00852206721231877,COSETTE_128d_256x4_8ed1,4yqz7d4t
cosette,COSETTE_128d_256x4_8ed1,,295,lr,0.000804,COSETTE_128d_256x4_8ed1,4yqz7d4t
cosette,COSETTE_128d_256x4_8ed1,,296,train_loss,0.008508852327899113,COSETTE_128d_256x4_8ed1,4yqz7d4t
cosette,COSETTE_128d_256x4_8ed1,,296,lr,0.000803,COSETTE_128d_256x4_8ed1,4yqz7d4t
cosette,COSETTE_128d_256x4_8ed1,,297,train_loss,0.00850542320487954,COSETTE_128d_256x4_8ed1,4yqz7d4t
cosette,COSETTE_128d_256x4_8ed1,,297,lr,0.000802,COSETTE_128d_256x4_8ed1,4yqz7d4t
cosette,COSETTE_128d_256x4_8ed1,,298,train_loss,0.008499330887905988,COSETTE_128d_256x4_8ed1,4yqz7d4t
cosette,COSETTE_128d_256x4_8ed1,,298,lr,0.0008010000000000001,COSETTE_128d_256x4_8ed1,4yqz7d4t
cosette,COSETTE_128d_256x4_8ed1,,299,train_loss,0.008518259175014581,COSETTE_128d_256x4_8ed1,4yqz7d4t
cosette,COSETTE_128d_256x4_8ed1,,299,lr,0.0008,COSETTE_128d_256x4_8ed1,4yqz7d4t
cosette,COSETTE_128d_256x4_8ed1,,299,collision_rate,0.007081767173285395,COSETTE_128d_256x4_8ed1,4yqz7d4t
cosette,COSETTE_128d_256x4_8ed1,,299,mean_collisions,1.007132276293411,COSETTE_128d_256x4_8ed1,4yqz7d4t
cosette,COSETTE_128d_256x4_8ed1,,299,max_collisions,14.0,COSETTE_128d_256x4_8ed1,4yqz7d4t
cosette,COSETTE_128d_256x4_8ed1,,300,train_loss,0.008513254763411101,COSETTE_128d_256x4_8ed1,4yqz7d4t
cosette,COSETTE_128d_256x4_8ed1,,300,lr,0.000799,COSETTE_128d_256x4_8ed1,4yqz7d4t
cosette,COSETTE_128d_256x4_8ed1,,301,train_loss,0.008515507827023807,COSETTE_128d_256x4_8ed1,4yqz7d4t
cosette,COSETTE_128d_256x4_8ed1,,301,lr,0.000798,COSETTE_128d_256x4_8ed1,4yqz7d4t
cosette,COSETTE_128d_256x4_8ed1,,302,train_loss,0.008499268408891536,COSETTE_128d_256x4_8ed1,4yqz7d4t
cosette,COSETTE_128d_256x4_8ed1,,302,lr,0.000797,COSETTE_128d_256x4_8ed1,4yqz7d4t
cosette,COSETTE_128d_256x4_8ed1,,303,train_loss,0.008508199189367486,COSETTE_128d_256x4_8ed1,4yqz7d4t
cosette,COSETTE_128d_256x4_8ed1,,303,lr,0.000796,COSETTE_128d_256x4_8ed1,4yqz7d4t
cosette,COSETTE_128d_256x4_8ed1,,304,train_loss,0.008537853960778646,COSETTE_128d_256x4_8ed1,4yqz7d4t
cosette,COSETTE_128d_256x4_8ed1,,304,lr,0.000795,COSETTE_128d_256x4_8ed1,4yqz7d4t
cosette,COSETTE_128d_256x4_8ed1,,305,train_loss,0.008523295445890307,COSETTE_128d_256x4_8ed1,4yqz7d4t
cosette,COSETTE_128d_256x4_8ed1,,305,lr,0.000794,COSETTE_128d_256x4_8ed1,4yqz7d4t
cosette,COSETTE_128d_256x4_8ed1,,306,train_loss,0.008536767844351936,COSETTE_128d_256x4_8ed1,4yqz7d4t
cosette,COSETTE_128d_256x4_8ed1,,306,lr,0.0007930000000000001,COSETTE_128d_256x4_8ed1,4yqz7d4t
cosette,COSETTE_128d_256x4_8ed1,,307,train_loss,0.008537570919117905,COSETTE_128d_256x4_8ed1,4yqz7d4t
cosette,COSETTE_128d_256x4_8ed1,,307,lr,0.0007920000000000001,COSETTE_128d_256x4_8ed1,4yqz7d4t
cosette,COSETTE_128d_256x4_8ed1,,308,train_loss,0.008529261625606374,COSETTE_128d_256x4_8ed1,4yqz7d4t
cosette,COSETTE_128d_256x4_8ed1,,308,lr,0.000791,COSETTE_128d_256x4_8ed1,4yqz7d4t
cosette,COSETTE_128d_256x4_8ed1,,309,train_loss,0.008529972633440717,COSETTE_128d_256x4_8ed1,4yqz7d4t
cosette,COSETTE_128d_256x4_8ed1,,309,lr,0.00079,COSETTE_128d_256x4_8ed1,4yqz7d4t
cosette,COSETTE_128d_256x4_8ed1,,310,train_loss,0.008516818532894413,COSETTE_128d_256x4_8ed1,4yqz7d4t
cosette,COSETTE_128d_256x4_8ed1,,310,lr,0.000789,COSETTE_128d_256x4_8ed1,4yqz7d4t
cosette,COSETTE_128d_256x4_8ed1,,311,train_loss,0.008529575293709471,COSETTE_128d_256x4_8ed1,4yqz7d4t
cosette,COSETTE_128d_256x4_8ed1,,311,lr,0.0007880000000000001,COSETTE_128d_256x4_8ed1,4yqz7d4t
cosette,COSETTE_128d_256x4_8ed1,,312,train_loss,0.008525544073995502,COSETTE_128d_256x4_8ed1,4yqz7d4t
cosette,COSETTE_128d_256x4_8ed1,,312,lr,0.000787,COSETTE_128d_256x4_8ed1,4yqz7d4t
cosette,COSETTE_128d_256x4_8ed1,,313,train_loss,0.008512842026706647,COSETTE_128d_256x4_8ed1,4yqz7d4t
cosette,COSETTE_128d_256x4_8ed1,,313,lr,0.000786,COSETTE_128d_256x4_8ed1,4yqz7d4t
cosette,COSETTE_128d_256x4_8ed1,,314,train_loss,0.008543944904218904,COSETTE_128d_256x4_8ed1,4yqz7d4t
cosette,COSETTE_128d_256x4_8ed1,,314,lr,0.000785,COSETTE_128d_256x4_8ed1,4yqz7d4t
cosette,COSETTE_128d_256x4_8ed1,,315,train_loss,0.008529994630073904,COSETTE_128d_256x4_8ed1,4yqz7d4t
cosette,COSETTE_128d_256x4_8ed1,,315,lr,0.000784,COSETTE_128d_256x4_8ed1,4yqz7d4t
cosette,COSETTE_128d_256x4_8ed1,,316,train_loss,0.008544928997272641,COSETTE_128d_256x4_8ed1,4yqz7d4t
cosette,COSETTE_128d_256x4_8ed1,,316,lr,0.0007830000000000001,COSETTE_128d_256x4_8ed1,4yqz7d4t
cosette,COSETTE_128d_256x4_8ed1,,317,train_loss,0.008558357945181056,COSETTE_128d_256x4_8ed1,4yqz7d4t
cosette,COSETTE_128d_256x4_8ed1,,317,lr,0.000782,COSETTE_128d_256x4_8ed1,4yqz7d4t
cosette,COSETTE_128d_256x4_8ed1,,318,train_loss,0.00854174464458613,COSETTE_128d_256x4_8ed1,4yqz7d4t
cosette,COSETTE_128d_256x4_8ed1,,318,lr,0.000781,COSETTE_128d_256x4_8ed1,4yqz7d4t
cosette,COSETTE_128d_256x4_8ed1,,319,train_loss,0.008532633549339476,COSETTE_128d_256x4_8ed1,4yqz7d4t
cosette,COSETTE_128d_256x4_8ed1,,319,lr,0.0007800000000000001,COSETTE_128d_256x4_8ed1,4yqz7d4t
cosette,COSETTE_128d_256x4_8ed1,,320,train_loss,0.008548655533801311,COSETTE_128d_256x4_8ed1,4yqz7d4t
cosette,COSETTE_128d_256x4_8ed1,,320,lr,0.0007790000000000001,COSETTE_128d_256x4_8ed1,4yqz7d4t
cosette,COSETTE_128d_256x4_8ed1,,321,train_loss,0.008533133756664158,COSETTE_128d_256x4_8ed1,4yqz7d4t
cosette,COSETTE_128d_256x4_8ed1,,321,lr,0.000778,COSETTE_128d_256x4_8ed1,4yqz7d4t
cosette,COSETTE_128d_256x4_8ed1,,322,train_loss,0.008562581707462132,COSETTE_128d_256x4_8ed1,4yqz7d4t
cosette,COSETTE_128d_256x4_8ed1,,322,lr,0.000777,COSETTE_128d_256x4_8ed1,4yqz7d4t
cosette,COSETTE_128d_256x4_8ed1,,323,train_loss,0.008572620587597647,COSETTE_128d_256x4_8ed1,4yqz7d4t
cosette,COSETTE_128d_256x4_8ed1,,323,lr,0.000776,COSETTE_128d_256x4_8ed1,4yqz7d4t
cosette,COSETTE_128d_256x4_8ed1,,324,train_loss,0.008554553954774953,COSETTE_128d_256x4_8ed1,4yqz7d4t
cosette,COSETTE_128d_256x4_8ed1,,324,lr,0.0007750000000000001,COSETTE_128d_256x4_8ed1,4yqz7d4t
cosette,COSETTE_128d_256x4_8ed1,,325,train_loss,0.008562926551420914,COSETTE_128d_256x4_8ed1,4yqz7d4t
cosette,COSETTE_128d_256x4_8ed1,,325,lr,0.0007740000000000001,COSETTE_128d_256x4_8ed1,4yqz7d4t
cosette,COSETTE_128d_256x4_8ed1,,326,train_loss,0.008561697232423065,COSETTE_128d_256x4_8ed1,4yqz7d4t
cosette,COSETTE_128d_256x4_8ed1,,326,lr,0.000773,COSETTE_128d_256x4_8ed1,4yqz7d4t
cosette,COSETTE_128d_256x4_8ed1,,327,train_loss,0.008550937367911385,COSETTE_128d_256x4_8ed1,4yqz7d4t
cosette,COSETTE_128d_256x4_8ed1,,327,lr,0.000772,COSETTE_128d_256x4_8ed1,4yqz7d4t
cosette,COSETTE_128d_256x4_8ed1,,328,train_loss,0.008557786381126736,COSETTE_128d_256x4_8ed1,4yqz7d4t
cosette,COSETTE_128d_256x4_8ed1,,328,lr,0.000771,COSETTE_128d_256x4_8ed1,4yqz7d4t
cosette,COSETTE_128d_256x4_8ed1,,329,train_loss,0.008548228733455959,COSETTE_128d_256x4_8ed1,4yqz7d4t
cosette,COSETTE_128d_256x4_8ed1,,329,lr,0.0007700000000000001,COSETTE_128d_256x4_8ed1,4yqz7d4t
cosette,COSETTE_128d_256x4_8ed1,,330,train_loss,0.0085772491870917,COSETTE_128d_256x4_8ed1,4yqz7d4t
cosette,COSETTE_128d_256x4_8ed1,,330,lr,0.000769,COSETTE_128d_256x4_8ed1,4yqz7d4t
cosette,COSETTE_128d_256x4_8ed1,,331,train_loss,0.008584316029287076,COSETTE_128d_256x4_8ed1,4yqz7d4t
cosette,COSETTE_128d_256x4_8ed1,,331,lr,0.000768,COSETTE_128d_256x4_8ed1,4yqz7d4t
cosette,COSETTE_128d_256x4_8ed1,,332,train_loss,0.008573755896616755,COSETTE_128d_256x4_8ed1,4yqz7d4t
cosette,COSETTE_128d_256x4_8ed1,,332,lr,0.000767,COSETTE_128d_256x4_8ed1,4yqz7d4t
cosette,COSETTE_128d_256x4_8ed1,,333,train_loss,0.008555521980839238,COSETTE_128d_256x4_8ed1,4yqz7d4t
cosette,COSETTE_128d_256x4_8ed1,,333,lr,0.000766,COSETTE_128d_256x4_8ed1,4yqz7d4t
cosette,COSETTE_128d_256x4_8ed1,,334,train_loss,0.008569129146367522,COSETTE_128d_256x4_8ed1,4yqz7d4t
cosette,COSETTE_128d_256x4_8ed1,,334,lr,0.0007650000000000001,COSETTE_128d_256x4_8ed1,4yqz7d4t
cosette,COSETTE_128d_256x4_8ed1,,335,train_loss,0.008581549853836886,COSETTE_128d_256x4_8ed1,4yqz7d4t
cosette,COSETTE_128d_256x4_8ed1,,335,lr,0.000764,COSETTE_128d_256x4_8ed1,4yqz7d4t
cosette,COSETTE_128d_256x4_8ed1,,336,train_loss,0.00856534419112283,COSETTE_128d_256x4_8ed1,4yqz7d4t
cosette,COSETTE_128d_256x4_8ed1,,336,lr,0.000763,COSETTE_128d_256x4_8ed1,4yqz7d4t
cosette,COSETTE_128d_256x4_8ed1,,337,train_loss,0.008562870457661237,COSETTE_128d_256x4_8ed1,4yqz7d4t
cosette,COSETTE_128d_256x4_8ed1,,337,lr,0.0007620000000000001,COSETTE_128d_256x4_8ed1,4yqz7d4t
cosette,COSETTE_128d_256x4_8ed1,,338,train_loss,0.008572971843611847,COSETTE_128d_256x4_8ed1,4yqz7d4t
cosette,COSETTE_128d_256x4_8ed1,,338,lr,0.0007610000000000001,COSETTE_128d_256x4_8ed1,4yqz7d4t
cosette,COSETTE_128d_256x4_8ed1,,339,train_loss,0.008601184029855746,COSETTE_128d_256x4_8ed1,4yqz7d4t
cosette,COSETTE_128d_256x4_8ed1,,339,lr,0.00076,COSETTE_128d_256x4_8ed1,4yqz7d4t
cosette,COSETTE_128d_256x4_8ed1,,340,train_loss,0.008579370927521224,COSETTE_128d_256x4_8ed1,4yqz7d4t
cosette,COSETTE_128d_256x4_8ed1,,340,lr,0.000759,COSETTE_128d_256x4_8ed1,4yqz7d4t
cosette,COSETTE_128d_256x4_8ed1,,341,train_loss,0.008587486546138211,COSETTE_128d_256x4_8ed1,4yqz7d4t
cosette,COSETTE_128d_256x4_8ed1,,341,lr,0.000758,COSETTE_128d_256x4_8ed1,4yqz7d4t
cosette,COSETTE_128d_256x4_8ed1,,342,train_loss,0.008561433775337052,COSETTE_128d_256x4_8ed1,4yqz7d4t
cosette,COSETTE_128d_256x4_8ed1,,342,lr,0.0007570000000000001,COSETTE_128d_256x4_8ed1,4yqz7d4t
cosette,COSETTE_128d_256x4_8ed1,,343,train_loss,0.008590520386376402,COSETTE_128d_256x4_8ed1,4yqz7d4t
cosette,COSETTE_128d_256x4_8ed1,,343,lr,0.000756,COSETTE_128d_256x4_8ed1,4yqz7d4t
cosette,COSETTE_128d_256x4_8ed1,,344,train_loss,0.008563845351391987,COSETTE_128d_256x4_8ed1,4yqz7d4t
cosette,COSETTE_128d_256x4_8ed1,,344,lr,0.000755,COSETTE_128d_256x4_8ed1,4yqz7d4t
cosette,COSETTE_128d_256x4_8ed1,,345,train_loss,0.008547088325613263,COSETTE_128d_256x4_8ed1,4yqz7d4t
cosette,COSETTE_128d_256x4_8ed1,,345,lr,0.0007540000000000001,COSETTE_128d_256x4_8ed1,4yqz7d4t
cosette,COSETTE_128d_256x4_8ed1,,346,train_loss,0.008565982281089686,COSETTE_128d_256x4_8ed1,4yqz7d4t
cosette,COSETTE_128d_256x4_8ed1,,346,lr,0.000753,COSETTE_128d_256x4_8ed1,4yqz7d4t
cosette,COSETTE_128d_256x4_8ed1,,347,train_loss,0.008579346666233141,COSETTE_128d_256x4_8ed1,4yqz7d4t
cosette,COSETTE_128d_256x4_8ed1,,347,lr,0.0007520000000000001,COSETTE_128d_256x4_8ed1,4yqz7d4t
cosette,COSETTE_128d_256x4_8ed1,,348,train_loss,0.008574833691441755,COSETTE_128d_256x4_8ed1,4yqz7d4t
cosette,COSETTE_128d_256x4_8ed1,,348,lr,0.000751,COSETTE_128d_256x4_8ed1,4yqz7d4t
cosette,COSETTE_128d_256x4_8ed1,,349,train_loss,0.008580342698976288,COSETTE_128d_256x4_8ed1,4yqz7d4t
cosette,COSETTE_128d_256x4_8ed1,,349,lr,0.00075,COSETTE_128d_256x4_8ed1,4yqz7d4t
cosette,COSETTE_128d_256x4_8ed1,,350,train_loss,0.008600982743576705,COSETTE_128d_256x4_8ed1,4yqz7d4t
cosette,COSETTE_128d_256x4_8ed1,,350,lr,0.0007490000000000001,COSETTE_128d_256x4_8ed1,4yqz7d4t
cosette,COSETTE_128d_256x4_8ed1,,351,train_loss,0.008590408694669073,COSETTE_128d_256x4_8ed1,4yqz7d4t
cosette,COSETTE_128d_256x4_8ed1,,351,lr,0.000748,COSETTE_128d_256x4_8ed1,4yqz7d4t
cosette,COSETTE_128d_256x4_8ed1,,352,train_loss,0.00857088812660399,COSETTE_128d_256x4_8ed1,4yqz7d4t
cosette,COSETTE_128d_256x4_8ed1,,352,lr,0.000747,COSETTE_128d_256x4_8ed1,4yqz7d4t
cosette,COSETTE_128d_256x4_8ed1,,353,train_loss,0.008620347050454119,COSETTE_128d_256x4_8ed1,4yqz7d4t
cosette,COSETTE_128d_256x4_8ed1,,353,lr,0.000746,COSETTE_128d_256x4_8ed1,4yqz7d4t
cosette,COSETTE_128d_256x4_8ed1,,354,train_loss,0.008593886300063818,COSETTE_128d_256x4_8ed1,4yqz7d4t
cosette,COSETTE_128d_256x4_8ed1,,354,lr,0.000745,COSETTE_128d_256x4_8ed1,4yqz7d4t
cosette,COSETTE_128d_256x4_8ed1,,355,train_loss,0.008600481618329776,COSETTE_128d_256x4_8ed1,4yqz7d4t
cosette,COSETTE_128d_256x4_8ed1,,355,lr,0.0007440000000000001,COSETTE_128d_256x4_8ed1,4yqz7d4t
cosette,COSETTE_128d_256x4_8ed1,,356,train_loss,0.008601938106334037,COSETTE_128d_256x4_8ed1,4yqz7d4t
cosette,COSETTE_128d_256x4_8ed1,,356,lr,0.000743,COSETTE_128d_256x4_8ed1,4yqz7d4t
cosette,COSETTE_128d_256x4_8ed1,,357,train_loss,0.008587141842882838,COSETTE_128d_256x4_8ed1,4yqz7d4t
cosette,COSETTE_128d_256x4_8ed1,,357,lr,0.000742,COSETTE_128d_256x4_8ed1,4yqz7d4t
cosette,COSETTE_128d_256x4_8ed1,,358,train_loss,0.008603748630919901,COSETTE_128d_256x4_8ed1,4yqz7d4t
cosette,COSETTE_128d_256x4_8ed1,,358,lr,0.000741,COSETTE_128d_256x4_8ed1,4yqz7d4t
cosette,COSETTE_128d_256x4_8ed1,,359,train_loss,0.008607467917872853,COSETTE_128d_256x4_8ed1,4yqz7d4t
cosette,COSETTE_128d_256x4_8ed1,,359,lr,0.00074,COSETTE_128d_256x4_8ed1,4yqz7d4t
cosette,COSETTE_128d_256x4_8ed1,,360,train_loss,0.008599825739431723,COSETTE_128d_256x4_8ed1,4yqz7d4t
cosette,COSETTE_128d_256x4_8ed1,,360,lr,0.0007390000000000001,COSETTE_128d_256x4_8ed1,4yqz7d4t
cosette,COSETTE_128d_256x4_8ed1,,361,train_loss,0.008593205154853328,COSETTE_128d_256x4_8ed1,4yqz7d4t
cosette,COSETTE_128d_256x4_8ed1,,361,lr,0.000738,COSETTE_128d_256x4_8ed1,4yqz7d4t
cosette,COSETTE_128d_256x4_8ed1,,362,train_loss,0.008588845854986914,COSETTE_128d_256x4_8ed1,4yqz7d4t
cosette,COSETTE_128d_256x4_8ed1,,362,lr,0.000737,COSETTE_128d_256x4_8ed1,4yqz7d4t
cosette,COSETTE_128d_256x4_8ed1,,363,train_loss,0.008617111850235096,COSETTE_128d_256x4_8ed1,4yqz7d4t
cosette,COSETTE_128d_256x4_8ed1,,363,lr,0.0007360000000000001,COSETTE_128d_256x4_8ed1,4yqz7d4t
cosette,COSETTE_128d_256x4_8ed1,,364,train_loss,0.008603999907110662,COSETTE_128d_256x4_8ed1,4yqz7d4t
cosette,COSETTE_128d_256x4_8ed1,,364,lr,0.000735,COSETTE_128d_256x4_8ed1,4yqz7d4t
cosette,COSETTE_128d_256x4_8ed1,,365,train_loss,0.008621133944327878,COSETTE_128d_256x4_8ed1,4yqz7d4t
cosette,COSETTE_128d_256x4_8ed1,,365,lr,0.0007340000000000001,COSETTE_128d_256x4_8ed1,4yqz7d4t
cosette,COSETTE_128d_256x4_8ed1,,366,train_loss,0.008588562753024718,COSETTE_128d_256x4_8ed1,4yqz7d4t
cosette,COSETTE_128d_256x4_8ed1,,366,lr,0.000733,COSETTE_128d_256x4_8ed1,4yqz7d4t
cosette,COSETTE_128d_256x4_8ed1,,367,train_loss,0.008598816574370255,COSETTE_128d_256x4_8ed1,4yqz7d4t
cosette,COSETTE_128d_256x4_8ed1,,367,lr,0.000732,COSETTE_128d_256x4_8ed1,4yqz7d4t
cosette,COSETTE_128d_256x4_8ed1,,368,train_loss,0.008619418059536024,COSETTE_128d_256x4_8ed1,4yqz7d4t
cosette,COSETTE_128d_256x4_8ed1,,368,lr,0.0007310000000000001,COSETTE_128d_256x4_8ed1,4yqz7d4t
cosette,COSETTE_128d_256x4_8ed1,,369,train_loss,0.00861245828593592,COSETTE_128d_256x4_8ed1,4yqz7d4t
cosette,COSETTE_128d_256x4_8ed1,,369,lr,0.00073,COSETTE_128d_256x4_8ed1,4yqz7d4t
cosette,COSETTE_128d_256x4_8ed1,,370,train_loss,0.008604931109082354,COSETTE_128d_256x4_8ed1,4yqz7d4t
cosette,COSETTE_128d_256x4_8ed1,,370,lr,0.000729,COSETTE_128d_256x4_8ed1,4yqz7d4t
cosette,COSETTE_128d_256x4_8ed1,,371,train_loss,0.00862672154476746,COSETTE_128d_256x4_8ed1,4yqz7d4t
cosette,COSETTE_128d_256x4_8ed1,,371,lr,0.000728,COSETTE_128d_256x4_8ed1,4yqz7d4t
cosette,COSETTE_128d_256x4_8ed1,,372,train_loss,0.008629046313518242,COSETTE_128d_256x4_8ed1,4yqz7d4t
cosette,COSETTE_128d_256x4_8ed1,,372,lr,0.000727,COSETTE_128d_256x4_8ed1,4yqz7d4t
cosette,COSETTE_128d_256x4_8ed1,,373,train_loss,0.008640060536295393,COSETTE_128d_256x4_8ed1,4yqz7d4t
cosette,COSETTE_128d_256x4_8ed1,,373,lr,0.0007260000000000001,COSETTE_128d_256x4_8ed1,4yqz7d4t
cosette,COSETTE_128d_256x4_8ed1,,374,train_loss,0.00862597394064604,COSETTE_128d_256x4_8ed1,4yqz7d4t
cosette,COSETTE_128d_256x4_8ed1,,374,lr,0.0007250000000000001,COSETTE_128d_256x4_8ed1,4yqz7d4t
cosette,COSETTE_128d_256x4_8ed1,,375,train_loss,0.008617963561479992,COSETTE_128d_256x4_8ed1,4yqz7d4t
cosette,COSETTE_128d_256x4_8ed1,,375,lr,0.000724,COSETTE_128d_256x4_8ed1,4yqz7d4t
cosette,COSETTE_128d_256x4_8ed1,,376,train_loss,0.008620105288493975,COSETTE_128d_256x4_8ed1,4yqz7d4t
cosette,COSETTE_128d_256x4_8ed1,,376,lr,0.000723,COSETTE_128d_256x4_8ed1,4yqz7d4t
cosette,COSETTE_128d_256x4_8ed1,,377,train_loss,0.008632376408137436,COSETTE_128d_256x4_8ed1,4yqz7d4t
cosette,COSETTE_128d_256x4_8ed1,,377,lr,0.000722,COSETTE_128d_256x4_8ed1,4yqz7d4t
cosette,COSETTE_128d_256x4_8ed1,,378,train_loss,0.008637983901359194,COSETTE_128d_256x4_8ed1,4yqz7d4t
cosette,COSETTE_128d_256x4_8ed1,,378,lr,0.0007210000000000001,COSETTE_128d_256x4_8ed1,4yqz7d4t
cosette,COSETTE_128d_256x4_8ed1,,379,train_loss,0.008649998190377255,COSETTE_128d_256x4_8ed1,4yqz7d4t
cosette,COSETTE_128d_256x4_8ed1,,379,lr,0.00072,COSETTE_128d_256x4_8ed1,4yqz7d4t
cosette,COSETTE_128d_256x4_8ed1,,380,train_loss,0.008615604407495725,COSETTE_128d_256x4_8ed1,4yqz7d4t
cosette,COSETTE_128d_256x4_8ed1,,380,lr,0.000719,COSETTE_128d_256x4_8ed1,4yqz7d4t
cosette,COSETTE_128d_256x4_8ed1,,381,train_loss,0.008632461037888802,COSETTE_128d_256x4_8ed1,4yqz7d4t
cosette,COSETTE_128d_256x4_8ed1,,381,lr,0.0007180000000000001,COSETTE_128d_256x4_8ed1,4yqz7d4t
cosette,COSETTE_128d_256x4_8ed1,,382,train_loss,0.00862441681620243,COSETTE_128d_256x4_8ed1,4yqz7d4t
cosette,COSETTE_128d_256x4_8ed1,,382,lr,0.000717,COSETTE_128d_256x4_8ed1,4yqz7d4t
cosette,COSETTE_128d_256x4_8ed1,,383,train_loss,0.008653134670403365,COSETTE_128d_256x4_8ed1,4yqz7d4t
cosette,COSETTE_128d_256x4_8ed1,,383,lr,0.0007160000000000001,COSETTE_128d_256x4_8ed1,4yqz7d4t
cosette,COSETTE_128d_256x4_8ed1,,384,train_loss,0.008639673581815877,COSETTE_128d_256x4_8ed1,4yqz7d4t
cosette,COSETTE_128d_256x4_8ed1,,384,lr,0.000715,COSETTE_128d_256x4_8ed1,4yqz7d4t
cosette,COSETTE_128d_256x4_8ed1,,385,train_loss,0.008617094255608622,COSETTE_128d_256x4_8ed1,4yqz7d4t
cosette,COSETTE_128d_256x4_8ed1,,385,lr,0.000714,COSETTE_128d_256x4_8ed1,4yqz7d4t
cosette,COSETTE_128d_256x4_8ed1,,386,train_loss,0.008622526465881648,COSETTE_128d_256x4_8ed1,4yqz7d4t
cosette,COSETTE_128d_256x4_8ed1,,386,lr,0.0007130000000000001,COSETTE_128d_256x4_8ed1,4yqz7d4t
cosette,COSETTE_128d_256x4_8ed1,,387,train_loss,0.008604823705478973,COSETTE_128d_256x4_8ed1,4yqz7d4t
cosette,COSETTE_128d_256x4_8ed1,,387,lr,0.000712,COSETTE_128d_256x4_8ed1,4yqz7d4t
cosette,COSETTE_128d_256x4_8ed1,,388,train_loss,0.008626241973942992,COSETTE_128d_256x4_8ed1,4yqz7d4t
cosette,COSETTE_128d_256x4_8ed1,,388,lr,0.000711,COSETTE_128d_256x4_8ed1,4yqz7d4t
cosette,COSETTE_128d_256x4_8ed1,,389,train_loss,0.008646028779661483,COSETTE_128d_256x4_8ed1,4yqz7d4t
cosette,COSETTE_128d_256x4_8ed1,,389,lr,0.00071,COSETTE_128d_256x4_8ed1,4yqz7d4t
cosette,COSETTE_128d_256x4_8ed1,,390,train_loss,0.008626891105777499,COSETTE_128d_256x4_8ed1,4yqz7d4t
cosette,COSETTE_128d_256x4_8ed1,,390,lr,0.000709,COSETTE_128d_256x4_8ed1,4yqz7d4t
cosette,COSETTE_128d_256x4_8ed1,,391,train_loss,0.008643772875179923,COSETTE_128d_256x4_8ed1,4yqz7d4t
cosette,COSETTE_128d_256x4_8ed1,,391,lr,0.0007080000000000001,COSETTE_128d_256x4_8ed1,4yqz7d4t
cosette,COSETTE_128d_256x4_8ed1,,392,train_loss,0.008641005822008463,COSETTE_128d_256x4_8ed1,4yqz7d4t
cosette,COSETTE_128d_256x4_8ed1,,392,lr,0.0007070000000000001,COSETTE_128d_256x4_8ed1,4yqz7d4t
cosette,COSETTE_128d_256x4_8ed1,,393,train_loss,0.00864529887736916,COSETTE_128d_256x4_8ed1,4yqz7d4t
cosette,COSETTE_128d_256x4_8ed1,,393,lr,0.000706,COSETTE_128d_256x4_8ed1,4yqz7d4t
cosette,COSETTE_128d_256x4_8ed1,,394,train_loss,0.008648838305162441,COSETTE_128d_256x4_8ed1,4yqz7d4t
cosette,COSETTE_128d_256x4_8ed1,,394,lr,0.0007050000000000001,COSETTE_128d_256x4_8ed1,4yqz7d4t
cosette,COSETTE_128d_256x4_8ed1,,395,train_loss,0.008623562210487375,COSETTE_128d_256x4_8ed1,4yqz7d4t
cosette,COSETTE_128d_256x4_8ed1,,395,lr,0.000704,COSETTE_128d_256x4_8ed1,4yqz7d4t
cosette,COSETTE_128d_256x4_8ed1,,396,train_loss,0.008630367806650325,COSETTE_128d_256x4_8ed1,4yqz7d4t
cosette,COSETTE_128d_256x4_8ed1,,396,lr,0.0007030000000000001,COSETTE_128d_256x4_8ed1,4yqz7d4t
cosette,COSETTE_128d_256x4_8ed1,,397,train_loss,0.008633501439107403,COSETTE_128d_256x4_8ed1,4yqz7d4t
cosette,COSETTE_128d_256x4_8ed1,,397,lr,0.000702,COSETTE_128d_256x4_8ed1,4yqz7d4t
cosette,COSETTE_128d_256x4_8ed1,,398,train_loss,0.008648128134848403,COSETTE_128d_256x4_8ed1,4yqz7d4t
cosette,COSETTE_128d_256x4_8ed1,,398,lr,0.000701,COSETTE_128d_256x4_8ed1,4yqz7d4t
cosette,COSETTE_128d_256x4_8ed1,,399,train_loss,0.008657434526428903,COSETTE_128d_256x4_8ed1,4yqz7d4t
cosette,COSETTE_128d_256x4_8ed1,,399,lr,0.0007000000000000001,COSETTE_128d_256x4_8ed1,4yqz7d4t
cosette,COSETTE_128d_256x4_8ed1,,399,collision_rate,0.007408617965898567,COSETTE_128d_256x4_8ed1,4yqz7d4t
cosette,COSETTE_128d_256x4_8ed1,,399,mean_collisions,1.007463915262609,COSETTE_128d_256x4_8ed1,4yqz7d4t
cosette,COSETTE_128d_256x4_8ed1,,399,max_collisions,14.0,COSETTE_128d_256x4_8ed1,4yqz7d4t
cosette,COSETTE_128d_256x4_8ed1,,400,train_loss,0.008620984142096779,COSETTE_128d_256x4_8ed1,4yqz7d4t
cosette,COSETTE_128d_256x4_8ed1,,400,lr,0.000699,COSETTE_128d_256x4_8ed1,4yqz7d4t
cosette,COSETTE_128d_256x4_8ed1,,401,train_loss,0.0086502734598496,COSETTE_128d_256x4_8ed1,4yqz7d4t
cosette,COSETTE_128d_256x4_8ed1,,401,lr,0.000698,COSETTE_128d_256x4_8ed1,4yqz7d4t
cosette,COSETTE_128d_256x4_8ed1,,402,train_loss,0.008645974736151507,COSETTE_128d_256x4_8ed1,4yqz7d4t
cosette,COSETTE_128d_256x4_8ed1,,402,lr,0.000697,COSETTE_128d_256x4_8ed1,4yqz7d4t
cosette,COSETTE_128d_256x4_8ed1,,403,train_loss,0.00865017296411365,COSETTE_128d_256x4_8ed1,4yqz7d4t
cosette,COSETTE_128d_256x4_8ed1,,403,lr,0.000696,COSETTE_128d_256x4_8ed1,4yqz7d4t
cosette,COSETTE_128d_256x4_8ed1,,404,train_loss,0.008632025681436064,COSETTE_128d_256x4_8ed1,4yqz7d4t
cosette,COSETTE_128d_256x4_8ed1,,404,lr,0.0006950000000000001,COSETTE_128d_256x4_8ed1,4yqz7d4t
cosette,COSETTE_128d_256x4_8ed1,,405,train_loss,0.008650153828449813,COSETTE_128d_256x4_8ed1,4yqz7d4t
cosette,COSETTE_128d_256x4_8ed1,,405,lr,0.000694,COSETTE_128d_256x4_8ed1,4yqz7d4t
cosette,COSETTE_128d_256x4_8ed1,,406,train_loss,0.0086528278230656,COSETTE_128d_256x4_8ed1,4yqz7d4t
cosette,COSETTE_128d_256x4_8ed1,,406,lr,0.000693,COSETTE_128d_256x4_8ed1,4yqz7d4t
cosette,COSETTE_128d_256x4_8ed1,,407,train_loss,0.008673464437182856,COSETTE_128d_256x4_8ed1,4yqz7d4t
cosette,COSETTE_128d_256x4_8ed1,,407,lr,0.000692,COSETTE_128d_256x4_8ed1,4yqz7d4t
cosette,COSETTE_128d_256x4_8ed1,,408,train_loss,0.008646787023640795,COSETTE_128d_256x4_8ed1,4yqz7d4t
cosette,COSETTE_128d_256x4_8ed1,,408,lr,0.000691,COSETTE_128d_256x4_8ed1,4yqz7d4t
cosette,COSETTE_128d_256x4_8ed1,,409,train_loss,0.008659274404426274,COSETTE_128d_256x4_8ed1,4yqz7d4t
cosette,COSETTE_128d_256x4_8ed1,,409,lr,0.0006900000000000001,COSETTE_128d_256x4_8ed1,4yqz7d4t
cosette,COSETTE_128d_256x4_8ed1,,410,train_loss,0.00864265351254734,COSETTE_128d_256x4_8ed1,4yqz7d4t
cosette,COSETTE_128d_256x4_8ed1,,410,lr,0.000689,COSETTE_128d_256x4_8ed1,4yqz7d4t
cosette,COSETTE_128d_256x4_8ed1,,411,train_loss,0.00863544648285392,COSETTE_128d_256x4_8ed1,4yqz7d4t
cosette,COSETTE_128d_256x4_8ed1,,411,lr,0.000688,COSETTE_128d_256x4_8ed1,4yqz7d4t
cosette,COSETTE_128d_256x4_8ed1,,412,train_loss,0.008664875626296021,COSETTE_128d_256x4_8ed1,4yqz7d4t
cosette,COSETTE_128d_256x4_8ed1,,412,lr,0.0006870000000000001,COSETTE_128d_256x4_8ed1,4yqz7d4t
cosette,COSETTE_128d_256x4_8ed1,,413,train_loss,0.008666462197953414,COSETTE_128d_256x4_8ed1,4yqz7d4t
cosette,COSETTE_128d_256x4_8ed1,,413,lr,0.000686,COSETTE_128d_256x4_8ed1,4yqz7d4t
cosette,COSETTE_128d_256x4_8ed1,,414,train_loss,0.008643065780240423,COSETTE_128d_256x4_8ed1,4yqz7d4t
cosette,COSETTE_128d_256x4_8ed1,,414,lr,0.0006850000000000001,COSETTE_128d_256x4_8ed1,4yqz7d4t
cosette,COSETTE_128d_256x4_8ed1,,415,train_loss,0.008656334004653016,COSETTE_128d_256x4_8ed1,4yqz7d4t
cosette,COSETTE_128d_256x4_8ed1,,415,lr,0.000684,COSETTE_128d_256x4_8ed1,4yqz7d4t
cosette,COSETTE_128d_256x4_8ed1,,416,train_loss,0.008626396064278032,COSETTE_128d_256x4_8ed1,4yqz7d4t
cosette,COSETTE_128d_256x4_8ed1,,416,lr,0.000683,COSETTE_128d_256x4_8ed1,4yqz7d4t
cosette,COSETTE_128d_256x4_8ed1,,417,train_loss,0.008667142096933703,COSETTE_128d_256x4_8ed1,4yqz7d4t
cosette,COSETTE_128d_256x4_8ed1,,417,lr,0.0006820000000000001,COSETTE_128d_256x4_8ed1,4yqz7d4t
cosette,COSETTE_128d_256x4_8ed1,,418,train_loss,0.008661050939088245,COSETTE_128d_256x4_8ed1,4yqz7d4t
cosette,COSETTE_128d_256x4_8ed1,,418,lr,0.000681,COSETTE_128d_256x4_8ed1,4yqz7d4t
cosette,COSETTE_128d_256x4_8ed1,,419,train_loss,0.008655347948451695,COSETTE_128d_256x4_8ed1,4yqz7d4t
cosette,COSETTE_128d_256x4_8ed1,,419,lr,0.00068,COSETTE_128d_256x4_8ed1,4yqz7d4t
cosette,COSETTE_128d_256x4_8ed1,,420,train_loss,0.008677706470806821,COSETTE_128d_256x4_8ed1,4yqz7d4t
cosette,COSETTE_128d_256x4_8ed1,,420,lr,0.000679,COSETTE_128d_256x4_8ed1,4yqz7d4t
cosette,COSETTE_128d_256x4_8ed1,,421,train_loss,0.008629790111947406,COSETTE_128d_256x4_8ed1,4yqz7d4t
cosette,COSETTE_128d_256x4_8ed1,,421,lr,0.000678,COSETTE_128d_256x4_8ed1,4yqz7d4t
cosette,COSETTE_128d_256x4_8ed1,,422,train_loss,0.008636827064718267,COSETTE_128d_256x4_8ed1,4yqz7d4t
cosette,COSETTE_128d_256x4_8ed1,,422,lr,0.0006770000000000001,COSETTE_128d_256x4_8ed1,4yqz7d4t
cosette,COSETTE_128d_256x4_8ed1,,423,train_loss,0.00867358280895211,COSETTE_128d_256x4_8ed1,4yqz7d4t
cosette,COSETTE_128d_256x4_8ed1,,423,lr,0.0006760000000000001,COSETTE_128d_256x4_8ed1,4yqz7d4t
cosette,COSETTE_128d_256x4_8ed1,,424,train_loss,0.008660336326566528,COSETTE_128d_256x4_8ed1,4yqz7d4t
cosette,COSETTE_128d_256x4_8ed1,,424,lr,0.000675,COSETTE_128d_256x4_8ed1,4yqz7d4t
cosette,COSETTE_128d_256x4_8ed1,,425,train_loss,0.008682782031434898,COSETTE_128d_256x4_8ed1,4yqz7d4t
cosette,COSETTE_128d_256x4_8ed1,,425,lr,0.000674,COSETTE_128d_256x4_8ed1,4yqz7d4t
cosette,COSETTE_128d_256x4_8ed1,,426,train_loss,0.008676150894100716,COSETTE_128d_256x4_8ed1,4yqz7d4t
cosette,COSETTE_128d_256x4_8ed1,,426,lr,0.000673,COSETTE_128d_256x4_8ed1,4yqz7d4t
cosette,COSETTE_128d_256x4_8ed1,,427,train_loss,0.00865266679806246,COSETTE_128d_256x4_8ed1,4yqz7d4t
cosette,COSETTE_128d_256x4_8ed1,,427,lr,0.0006720000000000001,COSETTE_128d_256x4_8ed1,4yqz7d4t
cosette,COSETTE_128d_256x4_8ed1,,428,train_loss,0.008652515508395301,COSETTE_128d_256x4_8ed1,4yqz7d4t
cosette,COSETTE_128d_256x4_8ed1,,428,lr,0.000671,COSETTE_128d_256x4_8ed1,4yqz7d4t
cosette,COSETTE_128d_256x4_8ed1,,429,train_loss,0.008662638214262698,COSETTE_128d_256x4_8ed1,4yqz7d4t
cosette,COSETTE_128d_256x4_8ed1,,429,lr,0.00067,COSETTE_128d_256x4_8ed1,4yqz7d4t
cosette,COSETTE_128d_256x4_8ed1,,430,train_loss,0.00866959013527246,COSETTE_128d_256x4_8ed1,4yqz7d4t
cosette,COSETTE_128d_256x4_8ed1,,430,lr,0.0006690000000000001,COSETTE_128d_256x4_8ed1,4yqz7d4t
cosette,COSETTE_128d_256x4_8ed1,,431,train_loss,0.008691636061550474,COSETTE_128d_256x4_8ed1,4yqz7d4t
cosette,COSETTE_128d_256x4_8ed1,,431,lr,0.000668,COSETTE_128d_256x4_8ed1,4yqz7d4t
cosette,COSETTE_128d_256x4_8ed1,,432,train_loss,0.008680927506882513,COSETTE_128d_256x4_8ed1,4yqz7d4t
cosette,COSETTE_128d_256x4_8ed1,,432,lr,0.0006670000000000001,COSETTE_128d_256x4_8ed1,4yqz7d4t
cosette,COSETTE_128d_256x4_8ed1,,433,train_loss,0.008682992684540987,COSETTE_128d_256x4_8ed1,4yqz7d4t
cosette,COSETTE_128d_256x4_8ed1,,433,lr,0.000666,COSETTE_128d_256x4_8ed1,4yqz7d4t
cosette,COSETTE_128d_256x4_8ed1,,434,train_loss,0.008694397158277547,COSETTE_128d_256x4_8ed1,4yqz7d4t
cosette,COSETTE_128d_256x4_8ed1,,434,lr,0.000665,COSETTE_128d_256x4_8ed1,4yqz7d4t
cosette,COSETTE_128d_256x4_8ed1,,435,train_loss,0.008680080633154875,COSETTE_128d_256x4_8ed1,4yqz7d4t
cosette,COSETTE_128d_256x4_8ed1,,435,lr,0.0006640000000000001,COSETTE_128d_256x4_8ed1,4yqz7d4t
cosette,COSETTE_128d_256x4_8ed1,,436,train_loss,0.008700347230803193,COSETTE_128d_256x4_8ed1,4yqz7d4t
cosette,COSETTE_128d_256x4_8ed1,,436,lr,0.000663,COSETTE_128d_256x4_8ed1,4yqz7d4t
cosette,COSETTE_128d_256x4_8ed1,,437,train_loss,0.00867026250327019,COSETTE_128d_256x4_8ed1,4yqz7d4t
cosette,COSETTE_128d_256x4_8ed1,,437,lr,0.000662,COSETTE_128d_256x4_8ed1,4yqz7d4t
cosette,COSETTE_128d_256x4_8ed1,,438,train_loss,0.008672467834925911,COSETTE_128d_256x4_8ed1,4yqz7d4t
cosette,COSETTE_128d_256x4_8ed1,,438,lr,0.000661,COSETTE_128d_256x4_8ed1,4yqz7d4t
cosette,COSETTE_128d_256x4_8ed1,,439,train_loss,0.00867237336933613,COSETTE_128d_256x4_8ed1,4yqz7d4t
cosette,COSETTE_128d_256x4_8ed1,,439,lr,0.00066,COSETTE_128d_256x4_8ed1,4yqz7d4t
cosette,COSETTE_128d_256x4_8ed1,,440,train_loss,0.00864765210840985,COSETTE_128d_256x4_8ed1,4yqz7d4t
cosette,COSETTE_128d_256x4_8ed1,,440,lr,0.0006590000000000001,COSETTE_128d_256x4_8ed1,4yqz7d4t
cosette,COSETTE_128d_256x4_8ed1,,441,train_loss,0.008661192627422676,COSETTE_128d_256x4_8ed1,4yqz7d4t
cosette,COSETTE_128d_256x4_8ed1,,441,lr,0.0006580000000000001,COSETTE_128d_256x4_8ed1,4yqz7d4t
cosette,COSETTE_128d_256x4_8ed1,,442,train_loss,0.008663510374403261,COSETTE_128d_256x4_8ed1,4yqz7d4t
cosette,COSETTE_128d_256x4_8ed1,,442,lr,0.000657,COSETTE_128d_256x4_8ed1,4yqz7d4t
cosette,COSETTE_128d_256x4_8ed1,,443,train_loss,0.008688700445693172,COSETTE_128d_256x4_8ed1,4yqz7d4t
cosette,COSETTE_128d_256x4_8ed1,,443,lr,0.0006560000000000001,COSETTE_128d_256x4_8ed1,4yqz7d4t
cosette,COSETTE_128d_256x4_8ed1,,444,train_loss,0.00867882859390631,COSETTE_128d_256x4_8ed1,4yqz7d4t
cosette,COSETTE_128d_256x4_8ed1,,444,lr,0.000655,COSETTE_128d_256x4_8ed1,4yqz7d4t
cosette,COSETTE_128d_256x4_8ed1,,445,train_loss,0.008702469668049606,COSETTE_128d_256x4_8ed1,4yqz7d4t
cosette,COSETTE_128d_256x4_8ed1,,445,lr,0.0006540000000000001,COSETTE_128d_256x4_8ed1,4yqz7d4t
cosette,COSETTE_128d_256x4_8ed1,,446,train_loss,0.008711855188548138,COSETTE_128d_256x4_8ed1,4yqz7d4t
cosette,COSETTE_128d_256x4_8ed1,,446,lr,0.000653,COSETTE_128d_256x4_8ed1,4yqz7d4t
cosette,COSETTE_128d_256x4_8ed1,,447,train_loss,0.008690172625477796,COSETTE_128d_256x4_8ed1,4yqz7d4t
cosette,COSETTE_128d_256x4_8ed1,,447,lr,0.000652,COSETTE_128d_256x4_8ed1,4yqz7d4t
cosette,COSETTE_128d_256x4_8ed1,,448,train_loss,0.008676692461527937,COSETTE_128d_256x4_8ed1,4yqz7d4t
cosette,COSETTE_128d_256x4_8ed1,,448,lr,0.0006510000000000001,COSETTE_128d_256x4_8ed1,4yqz7d4t
cosette,COSETTE_128d_256x4_8ed1,,449,train_loss,0.008690347881625881,COSETTE_128d_256x4_8ed1,4yqz7d4t
cosette,COSETTE_128d_256x4_8ed1,,449,lr,0.00065,COSETTE_128d_256x4_8ed1,4yqz7d4t
cosette,COSETTE_128d_256x4_8ed1,,450,train_loss,0.008693914371375133,COSETTE_128d_256x4_8ed1,4yqz7d4t
cosette,COSETTE_128d_256x4_8ed1,,450,lr,0.0006490000000000001,COSETTE_128d_256x4_8ed1,4yqz7d4t
cosette,COSETTE_128d_256x4_8ed1,,451,train_loss,0.008693703108554267,COSETTE_128d_256x4_8ed1,4yqz7d4t
cosette,COSETTE_128d_256x4_8ed1,,451,lr,0.000648,COSETTE_128d_256x4_8ed1,4yqz7d4t
cosette,COSETTE_128d_256x4_8ed1,,452,train_loss,0.0086861604074244,COSETTE_128d_256x4_8ed1,4yqz7d4t
cosette,COSETTE_128d_256x4_8ed1,,452,lr,0.000647,COSETTE_128d_256x4_8ed1,4yqz7d4t
cosette,COSETTE_128d_256x4_8ed1,,453,train_loss,0.008692025501790235,COSETTE_128d_256x4_8ed1,4yqz7d4t
cosette,COSETTE_128d_256x4_8ed1,,453,lr,0.0006460000000000001,COSETTE_128d_256x4_8ed1,4yqz7d4t
cosette,COSETTE_128d_256x4_8ed1,,454,train_loss,0.008686969512336546,COSETTE_128d_256x4_8ed1,4yqz7d4t
cosette,COSETTE_128d_256x4_8ed1,,454,lr,0.000645,COSETTE_128d_256x4_8ed1,4yqz7d4t
cosette,COSETTE_128d_256x4_8ed1,,455,train_loss,0.008707979640407525,COSETTE_128d_256x4_8ed1,4yqz7d4t
cosette,COSETTE_128d_256x4_8ed1,,455,lr,0.000644,COSETTE_128d_256x4_8ed1,4yqz7d4t
cosette,COSETTE_128d_256x4_8ed1,,456,train_loss,0.008707732444615673,COSETTE_128d_256x4_8ed1,4yqz7d4t
cosette,COSETTE_128d_256x4_8ed1,,456,lr,0.000643,COSETTE_128d_256x4_8ed1,4yqz7d4t
cosette,COSETTE_128d_256x4_8ed1,,457,train_loss,0.008730157466082692,COSETTE_128d_256x4_8ed1,4yqz7d4t
cosette,COSETTE_128d_256x4_8ed1,,457,lr,0.000642,COSETTE_128d_256x4_8ed1,4yqz7d4t
cosette,COSETTE_128d_256x4_8ed1,,458,train_loss,0.008694418672499043,COSETTE_128d_256x4_8ed1,4yqz7d4t
cosette,COSETTE_128d_256x4_8ed1,,458,lr,0.0006410000000000001,COSETTE_128d_256x4_8ed1,4yqz7d4t
cosette,COSETTE_128d_256x4_8ed1,,459,train_loss,0.008700645314328534,COSETTE_128d_256x4_8ed1,4yqz7d4t
cosette,COSETTE_128d_256x4_8ed1,,459,lr,0.00064,COSETTE_128d_256x4_8ed1,4yqz7d4t
cosette,COSETTE_128d_256x4_8ed1,,460,train_loss,0.008723499065787668,COSETTE_128d_256x4_8ed1,4yqz7d4t
cosette,COSETTE_128d_256x4_8ed1,,460,lr,0.000639,COSETTE_128d_256x4_8ed1,4yqz7d4t
cosette,COSETTE_128d_256x4_8ed1,,461,train_loss,0.008667872059527489,COSETTE_128d_256x4_8ed1,4yqz7d4t
cosette,COSETTE_128d_256x4_8ed1,,461,lr,0.0006380000000000001,COSETTE_128d_256x4_8ed1,4yqz7d4t
cosette,COSETTE_128d_256x4_8ed1,,462,train_loss,0.008686282638487202,COSETTE_128d_256x4_8ed1,4yqz7d4t
cosette,COSETTE_128d_256x4_8ed1,,462,lr,0.000637,COSETTE_128d_256x4_8ed1,4yqz7d4t
cosette,COSETTE_128d_256x4_8ed1,,463,train_loss,0.008707264210466007,COSETTE_128d_256x4_8ed1,4yqz7d4t
cosette,COSETTE_128d_256x4_8ed1,,463,lr,0.0006360000000000001,COSETTE_128d_256x4_8ed1,4yqz7d4t
cosette,COSETTE_128d_256x4_8ed1,,464,train_loss,0.008702796897281416,COSETTE_128d_256x4_8ed1,4yqz7d4t
cosette,COSETTE_128d_256x4_8ed1,,464,lr,0.000635,COSETTE_128d_256x4_8ed1,4yqz7d4t
cosette,COSETTE_128d_256x4_8ed1,,465,train_loss,0.008733195909332457,COSETTE_128d_256x4_8ed1,4yqz7d4t
cosette,COSETTE_128d_256x4_8ed1,,465,lr,0.000634,COSETTE_128d_256x4_8ed1,4yqz7d4t
cosette,COSETTE_128d_256x4_8ed1,,466,train_loss,0.00871103405014431,COSETTE_128d_256x4_8ed1,4yqz7d4t
cosette,COSETTE_128d_256x4_8ed1,,466,lr,0.0006330000000000001,COSETTE_128d_256x4_8ed1,4yqz7d4t
cosette,COSETTE_128d_256x4_8ed1,,467,train_loss,0.008688861939707679,COSETTE_128d_256x4_8ed1,4yqz7d4t
cosette,COSETTE_128d_256x4_8ed1,,467,lr,0.000632,COSETTE_128d_256x4_8ed1,4yqz7d4t
cosette,COSETTE_128d_256x4_8ed1,,468,train_loss,0.008718782982273073,COSETTE_128d_256x4_8ed1,4yqz7d4t
cosette,COSETTE_128d_256x4_8ed1,,468,lr,0.000631,COSETTE_128d_256x4_8ed1,4yqz7d4t
cosette,COSETTE_128d_256x4_8ed1,,469,train_loss,0.00870776160372247,COSETTE_128d_256x4_8ed1,4yqz7d4t
cosette,COSETTE_128d_256x4_8ed1,,469,lr,0.00063,COSETTE_128d_256x4_8ed1,4yqz7d4t
cosette,COSETTE_128d_256x4_8ed1,,470,train_loss,0.008723606898201454,COSETTE_128d_256x4_8ed1,4yqz7d4t
cosette,COSETTE_128d_256x4_8ed1,,470,lr,0.000629,COSETTE_128d_256x4_8ed1,4yqz7d4t
cosette,COSETTE_128d_256x4_8ed1,,471,train_loss,0.008698896491538271,COSETTE_128d_256x4_8ed1,4yqz7d4t
cosette,COSETTE_128d_256x4_8ed1,,471,lr,0.0006280000000000001,COSETTE_128d_256x4_8ed1,4yqz7d4t
cosette,COSETTE_128d_256x4_8ed1,,472,train_loss,0.008698524364518177,COSETTE_128d_256x4_8ed1,4yqz7d4t
cosette,COSETTE_128d_256x4_8ed1,,472,lr,0.0006270000000000001,COSETTE_128d_256x4_8ed1,4yqz7d4t
cosette,COSETTE_128d_256x4_8ed1,,473,train_loss,0.008737695269393834,COSETTE_128d_256x4_8ed1,4yqz7d4t
cosette,COSETTE_128d_256x4_8ed1,,473,lr,0.000626,COSETTE_128d_256x4_8ed1,4yqz7d4t
cosette,COSETTE_128d_256x4_8ed1,,474,train_loss,0.008714903367133877,COSETTE_128d_256x4_8ed1,4yqz7d4t
cosette,COSETTE_128d_256x4_8ed1,,474,lr,0.000625,COSETTE_128d_256x4_8ed1,4yqz7d4t
cosette,COSETTE_128d_256x4_8ed1,,475,train_loss,0.008734392055826224,COSETTE_128d_256x4_8ed1,4yqz7d4t
cosette,COSETTE_128d_256x4_8ed1,,475,lr,0.000624,COSETTE_128d_256x4_8ed1,4yqz7d4t
cosette,COSETTE_128d_256x4_8ed1,,476,train_loss,0.008733314636210309,COSETTE_128d_256x4_8ed1,4yqz7d4t
cosette,COSETTE_128d_256x4_8ed1,,476,lr,0.0006230000000000001,COSETTE_128d_256x4_8ed1,4yqz7d4t
cosette,COSETTE_128d_256x4_8ed1,,477,train_loss,0.0087025106797437,COSETTE_128d_256x4_8ed1,4yqz7d4t
cosette,COSETTE_128d_256x4_8ed1,,477,lr,0.000622,COSETTE_128d_256x4_8ed1,4yqz7d4t
cosette,COSETTE_128d_256x4_8ed1,,478,train_loss,0.008721791402095082,COSETTE_128d_256x4_8ed1,4yqz7d4t
cosette,COSETTE_128d_256x4_8ed1,,478,lr,0.000621,COSETTE_128d_256x4_8ed1,4yqz7d4t
cosette,COSETTE_128d_256x4_8ed1,,479,train_loss,0.008728751530803793,COSETTE_128d_256x4_8ed1,4yqz7d4t
cosette,COSETTE_128d_256x4_8ed1,,479,lr,0.0006200000000000001,COSETTE_128d_256x4_8ed1,4yqz7d4t
cosette,COSETTE_128d_256x4_8ed1,,480,train_loss,0.008721246350583408,COSETTE_128d_256x4_8ed1,4yqz7d4t
cosette,COSETTE_128d_256x4_8ed1,,480,lr,0.000619,COSETTE_128d_256x4_8ed1,4yqz7d4t
cosette,COSETTE_128d_256x4_8ed1,,481,train_loss,0.008726417998240579,COSETTE_128d_256x4_8ed1,4yqz7d4t
cosette,COSETTE_128d_256x4_8ed1,,481,lr,0.0006180000000000001,COSETTE_128d_256x4_8ed1,4yqz7d4t
cosette,COSETTE_128d_256x4_8ed1,,482,train_loss,0.00872908187561112,COSETTE_128d_256x4_8ed1,4yqz7d4t
cosette,COSETTE_128d_256x4_8ed1,,482,lr,0.000617,COSETTE_128d_256x4_8ed1,4yqz7d4t
cosette,COSETTE_128d_256x4_8ed1,,483,train_loss,0.008723275327264409,COSETTE_128d_256x4_8ed1,4yqz7d4t
cosette,COSETTE_128d_256x4_8ed1,,483,lr,0.000616,COSETTE_128d_256x4_8ed1,4yqz7d4t
cosette,COSETTE_128d_256x4_8ed1,,484,train_loss,0.00871723733520765,COSETTE_128d_256x4_8ed1,4yqz7d4t
cosette,COSETTE_128d_256x4_8ed1,,484,lr,0.0006150000000000001,COSETTE_128d_256x4_8ed1,4yqz7d4t
cosette,COSETTE_128d_256x4_8ed1,,485,train_loss,0.008738761747644527,COSETTE_128d_256x4_8ed1,4yqz7d4t
cosette,COSETTE_128d_256x4_8ed1,,485,lr,0.000614,COSETTE_128d_256x4_8ed1,4yqz7d4t
cosette,COSETTE_128d_256x4_8ed1,,486,train_loss,0.008729290927378393,COSETTE_128d_256x4_8ed1,4yqz7d4t
cosette,COSETTE_128d_256x4_8ed1,,486,lr,0.000613,COSETTE_128d_256x4_8ed1,4yqz7d4t
cosette,COSETTE_128d_256x4_8ed1,,487,train_loss,0.008704480788797776,COSETTE_128d_256x4_8ed1,4yqz7d4t
cosette,COSETTE_128d_256x4_8ed1,,487,lr,0.000612,COSETTE_128d_256x4_8ed1,4yqz7d4t
cosette,COSETTE_128d_256x4_8ed1,,488,train_loss,0.008718178339516942,COSETTE_128d_256x4_8ed1,4yqz7d4t
cosette,COSETTE_128d_256x4_8ed1,,488,lr,0.000611,COSETTE_128d_256x4_8ed1,4yqz7d4t
cosette,COSETTE_128d_256x4_8ed1,,489,train_loss,0.008720272569079623,COSETTE_128d_256x4_8ed1,4yqz7d4t
cosette,COSETTE_128d_256x4_8ed1,,489,lr,0.0006100000000000001,COSETTE_128d_256x4_8ed1,4yqz7d4t
cosette,COSETTE_128d_256x4_8ed1,,490,train_loss,0.008717934393303858,COSETTE_128d_256x4_8ed1,4yqz7d4t
cosette,COSETTE_128d_256x4_8ed1,,490,lr,0.0006090000000000001,COSETTE_128d_256x4_8ed1,4yqz7d4t
cosette,COSETTE_128d_256x4_8ed1,,491,train_loss,0.008723977088874625,COSETTE_128d_256x4_8ed1,4yqz7d4t
cosette,COSETTE_128d_256x4_8ed1,,491,lr,0.000608,COSETTE_128d_256x4_8ed1,4yqz7d4t
cosette,COSETTE_128d_256x4_8ed1,,492,train_loss,0.00871423783330179,COSETTE_128d_256x4_8ed1,4yqz7d4t
cosette,COSETTE_128d_256x4_8ed1,,492,lr,0.0006070000000000001,COSETTE_128d_256x4_8ed1,4yqz7d4t
cosette,COSETTE_128d_256x4_8ed1,,493,train_loss,0.008710189729178551,COSETTE_128d_256x4_8ed1,4yqz7d4t
cosette,COSETTE_128d_256x4_8ed1,,493,lr,0.000606,COSETTE_128d_256x4_8ed1,4yqz7d4t
cosette,COSETTE_128d_256x4_8ed1,,494,train_loss,0.008733967989147136,COSETTE_128d_256x4_8ed1,4yqz7d4t
cosette,COSETTE_128d_256x4_8ed1,,494,lr,0.0006050000000000001,COSETTE_128d_256x4_8ed1,4yqz7d4t
cosette,COSETTE_128d_256x4_8ed1,,495,train_loss,0.008718395954091776,COSETTE_128d_256x4_8ed1,4yqz7d4t
cosette,COSETTE_128d_256x4_8ed1,,495,lr,0.000604,COSETTE_128d_256x4_8ed1,4yqz7d4t
cosette,COSETTE_128d_256x4_8ed1,,496,train_loss,0.008729446746355347,COSETTE_128d_256x4_8ed1,4yqz7d4t
cosette,COSETTE_128d_256x4_8ed1,,496,lr,0.000603,COSETTE_128d_256x4_8ed1,4yqz7d4t
cosette,COSETTE_128d_256x4_8ed1,,497,train_loss,0.008733820947382944,COSETTE_128d_256x4_8ed1,4yqz7d4t
cosette,COSETTE_128d_256x4_8ed1,,497,lr,0.0006020000000000001,COSETTE_128d_256x4_8ed1,4yqz7d4t
cosette,COSETTE_128d_256x4_8ed1,,498,train_loss,0.008737007444121425,COSETTE_128d_256x4_8ed1,4yqz7d4t
cosette,COSETTE_128d_256x4_8ed1,,498,lr,0.000601,COSETTE_128d_256x4_8ed1,4yqz7d4t
cosette,COSETTE_128d_256x4_8ed1,,499,train_loss,0.008713274450450061,COSETTE_128d_256x4_8ed1,4yqz7d4t
cosette,COSETTE_128d_256x4_8ed1,,499,lr,0.0006000000000000001,COSETTE_128d_256x4_8ed1,4yqz7d4t
cosette,COSETTE_128d_256x4_8ed1,,499,collision_rate,0.006482540720161247,COSETTE_128d_256x4_8ed1,4yqz7d4t
cosette,COSETTE_128d_256x4_8ed1,,499,mean_collisions,1.006524838249808,COSETTE_128d_256x4_8ed1,4yqz7d4t
cosette,COSETTE_128d_256x4_8ed1,,499,max_collisions,14.0,COSETTE_128d_256x4_8ed1,4yqz7d4t
cosette,COSETTE_128d_256x4_8ed1,,500,train_loss,0.008719421266544639,COSETTE_128d_256x4_8ed1,4yqz7d4t
cosette,COSETTE_128d_256x4_8ed1,,500,lr,0.000599,COSETTE_128d_256x4_8ed1,4yqz7d4t
cosette,COSETTE_128d_256x4_8ed1,,501,train_loss,0.008732657430680107,COSETTE_128d_256x4_8ed1,4yqz7d4t
cosette,COSETTE_128d_256x4_8ed1,,501,lr,0.000598,COSETTE_128d_256x4_8ed1,4yqz7d4t
cosette,COSETTE_128d_256x4_8ed1,,502,train_loss,0.008751659446375832,COSETTE_128d_256x4_8ed1,4yqz7d4t
cosette,COSETTE_128d_256x4_8ed1,,502,lr,0.0005970000000000001,COSETTE_128d_256x4_8ed1,4yqz7d4t
cosette,COSETTE_128d_256x4_8ed1,,503,train_loss,0.008701057307314962,COSETTE_128d_256x4_8ed1,4yqz7d4t
cosette,COSETTE_128d_256x4_8ed1,,503,lr,0.000596,COSETTE_128d_256x4_8ed1,4yqz7d4t
cosette,COSETTE_128d_256x4_8ed1,,504,train_loss,0.008740084935917698,COSETTE_128d_256x4_8ed1,4yqz7d4t
cosette,COSETTE_128d_256x4_8ed1,,504,lr,0.000595,COSETTE_128d_256x4_8ed1,4yqz7d4t
cosette,COSETTE_128d_256x4_8ed1,,505,train_loss,0.008731975970561986,COSETTE_128d_256x4_8ed1,4yqz7d4t
cosette,COSETTE_128d_256x4_8ed1,,505,lr,0.000594,COSETTE_128d_256x4_8ed1,4yqz7d4t
cosette,COSETTE_128d_256x4_8ed1,,506,train_loss,0.008723916626609056,COSETTE_128d_256x4_8ed1,4yqz7d4t
cosette,COSETTE_128d_256x4_8ed1,,506,lr,0.000593,COSETTE_128d_256x4_8ed1,4yqz7d4t
cosette,COSETTE_128d_256x4_8ed1,,507,train_loss,0.008723400399196056,COSETTE_128d_256x4_8ed1,4yqz7d4t
cosette,COSETTE_128d_256x4_8ed1,,507,lr,0.0005920000000000001,COSETTE_128d_256x4_8ed1,4yqz7d4t
cosette,COSETTE_128d_256x4_8ed1,,508,train_loss,0.008756365888356732,COSETTE_128d_256x4_8ed1,4yqz7d4t
cosette,COSETTE_128d_256x4_8ed1,,508,lr,0.000591,COSETTE_128d_256x4_8ed1,4yqz7d4t
cosette,COSETTE_128d_256x4_8ed1,,509,train_loss,0.008754735095627448,COSETTE_128d_256x4_8ed1,4yqz7d4t
cosette,COSETTE_128d_256x4_8ed1,,509,lr,0.00059,COSETTE_128d_256x4_8ed1,4yqz7d4t
cosette,COSETTE_128d_256x4_8ed1,,510,train_loss,0.008731913987359558,COSETTE_128d_256x4_8ed1,4yqz7d4t
cosette,COSETTE_128d_256x4_8ed1,,510,lr,0.0005890000000000001,COSETTE_128d_256x4_8ed1,4yqz7d4t
cosette,COSETTE_128d_256x4_8ed1,,511,train_loss,0.008729029755047761,COSETTE_128d_256x4_8ed1,4yqz7d4t
cosette,COSETTE_128d_256x4_8ed1,,511,lr,0.000588,COSETTE_128d_256x4_8ed1,4yqz7d4t
cosette,COSETTE_128d_256x4_8ed1,,512,train_loss,0.008742198803656393,COSETTE_128d_256x4_8ed1,4yqz7d4t
cosette,COSETTE_128d_256x4_8ed1,,512,lr,0.0005870000000000001,COSETTE_128d_256x4_8ed1,4yqz7d4t
cosette,COSETTE_128d_256x4_8ed1,,513,train_loss,0.008732168707433796,COSETTE_128d_256x4_8ed1,4yqz7d4t
cosette,COSETTE_128d_256x4_8ed1,,513,lr,0.000586,COSETTE_128d_256x4_8ed1,4yqz7d4t
cosette,COSETTE_128d_256x4_8ed1,,514,train_loss,0.008750019152816252,COSETTE_128d_256x4_8ed1,4yqz7d4t
cosette,COSETTE_128d_256x4_8ed1,,514,lr,0.000585,COSETTE_128d_256x4_8ed1,4yqz7d4t
cosette,COSETTE_128d_256x4_8ed1,,515,train_loss,0.008723583253328322,COSETTE_128d_256x4_8ed1,4yqz7d4t
cosette,COSETTE_128d_256x4_8ed1,,515,lr,0.0005840000000000001,COSETTE_128d_256x4_8ed1,4yqz7d4t
cosette,COSETTE_128d_256x4_8ed1,,516,train_loss,0.008743817194385065,COSETTE_128d_256x4_8ed1,4yqz7d4t
cosette,COSETTE_128d_256x4_8ed1,,516,lr,0.000583,COSETTE_128d_256x4_8ed1,4yqz7d4t
cosette,COSETTE_128d_256x4_8ed1,,517,train_loss,0.008737094365328336,COSETTE_128d_256x4_8ed1,4yqz7d4t
cosette,COSETTE_128d_256x4_8ed1,,517,lr,0.000582,COSETTE_128d_256x4_8ed1,4yqz7d4t
cosette,COSETTE_128d_256x4_8ed1,,518,train_loss,0.008772687698386128,COSETTE_128d_256x4_8ed1,4yqz7d4t
cosette,COSETTE_128d_256x4_8ed1,,518,lr,0.000581,COSETTE_128d_256x4_8ed1,4yqz7d4t
cosette,COSETTE_128d_256x4_8ed1,,519,train_loss,0.008769156578794226,COSETTE_128d_256x4_8ed1,4yqz7d4t
cosette,COSETTE_128d_256x4_8ed1,,519,lr,0.00058,COSETTE_128d_256x4_8ed1,4yqz7d4t
cosette,COSETTE_128d_256x4_8ed1,,520,train_loss,0.008737287772216388,COSETTE_128d_256x4_8ed1,4yqz7d4t
cosette,COSETTE_128d_256x4_8ed1,,520,lr,0.0005790000000000001,COSETTE_128d_256x4_8ed1,4yqz7d4t
cosette,COSETTE_128d_256x4_8ed1,,521,train_loss,0.008760178890481272,COSETTE_128d_256x4_8ed1,4yqz7d4t
cosette,COSETTE_128d_256x4_8ed1,,521,lr,0.0005780000000000001,COSETTE_128d_256x4_8ed1,4yqz7d4t
cosette,COSETTE_128d_256x4_8ed1,,522,train_loss,0.008757975320968274,COSETTE_128d_256x4_8ed1,4yqz7d4t
cosette,COSETTE_128d_256x4_8ed1,,522,lr,0.000577,COSETTE_128d_256x4_8ed1,4yqz7d4t
cosette,COSETTE_128d_256x4_8ed1,,523,train_loss,0.00877289945701901,COSETTE_128d_256x4_8ed1,4yqz7d4t
cosette,COSETTE_128d_256x4_8ed1,,523,lr,0.000576,COSETTE_128d_256x4_8ed1,4yqz7d4t
cosette,COSETTE_128d_256x4_8ed1,,524,train_loss,0.008757660868946165,COSETTE_128d_256x4_8ed1,4yqz7d4t
cosette,COSETTE_128d_256x4_8ed1,,524,lr,0.000575,COSETTE_128d_256x4_8ed1,4yqz7d4t
cosette,COSETTE_128d_256x4_8ed1,,525,train_loss,0.008780339250354461,COSETTE_128d_256x4_8ed1,4yqz7d4t
cosette,COSETTE_128d_256x4_8ed1,,525,lr,0.0005740000000000001,COSETTE_128d_256x4_8ed1,4yqz7d4t
cosette,COSETTE_128d_256x4_8ed1,,526,train_loss,0.008764175771862916,COSETTE_128d_256x4_8ed1,4yqz7d4t
cosette,COSETTE_128d_256x4_8ed1,,526,lr,0.000573,COSETTE_128d_256x4_8ed1,4yqz7d4t
cosette,COSETTE_128d_256x4_8ed1,,527,train_loss,0.008771442855111987,COSETTE_128d_256x4_8ed1,4yqz7d4t
cosette,COSETTE_128d_256x4_8ed1,,527,lr,0.000572,COSETTE_128d_256x4_8ed1,4yqz7d4t
cosette,COSETTE_128d_256x4_8ed1,,528,train_loss,0.008753852195126545,COSETTE_128d_256x4_8ed1,4yqz7d4t
cosette,COSETTE_128d_256x4_8ed1,,528,lr,0.0005710000000000001,COSETTE_128d_256x4_8ed1,4yqz7d4t
cosette,COSETTE_128d_256x4_8ed1,,529,train_loss,0.008771794781142435,COSETTE_128d_256x4_8ed1,4yqz7d4t
cosette,COSETTE_128d_256x4_8ed1,,529,lr,0.00057,COSETTE_128d_256x4_8ed1,4yqz7d4t
cosette,COSETTE_128d_256x4_8ed1,,530,train_loss,0.008766520674601734,COSETTE_128d_256x4_8ed1,4yqz7d4t
cosette,COSETTE_128d_256x4_8ed1,,530,lr,0.0005690000000000001,COSETTE_128d_256x4_8ed1,4yqz7d4t
cosette,COSETTE_128d_256x4_8ed1,,531,train_loss,0.008735072852628267,COSETTE_128d_256x4_8ed1,4yqz7d4t
cosette,COSETTE_128d_256x4_8ed1,,531,lr,0.000568,COSETTE_128d_256x4_8ed1,4yqz7d4t
cosette,COSETTE_128d_256x4_8ed1,,532,train_loss,0.008751194843714184,COSETTE_128d_256x4_8ed1,4yqz7d4t
cosette,COSETTE_128d_256x4_8ed1,,532,lr,0.000567,COSETTE_128d_256x4_8ed1,4yqz7d4t
cosette,COSETTE_128d_256x4_8ed1,,533,train_loss,0.008753060155528052,COSETTE_128d_256x4_8ed1,4yqz7d4t
cosette,COSETTE_128d_256x4_8ed1,,533,lr,0.0005660000000000001,COSETTE_128d_256x4_8ed1,4yqz7d4t
cosette,COSETTE_128d_256x4_8ed1,,534,train_loss,0.008775655696128344,COSETTE_128d_256x4_8ed1,4yqz7d4t
cosette,COSETTE_128d_256x4_8ed1,,534,lr,0.000565,COSETTE_128d_256x4_8ed1,4yqz7d4t
cosette,COSETTE_128d_256x4_8ed1,,535,train_loss,0.008773836072721928,COSETTE_128d_256x4_8ed1,4yqz7d4t
cosette,COSETTE_128d_256x4_8ed1,,535,lr,0.000564,COSETTE_128d_256x4_8ed1,4yqz7d4t
cosette,COSETTE_128d_256x4_8ed1,,536,train_loss,0.008756665298514234,COSETTE_128d_256x4_8ed1,4yqz7d4t
cosette,COSETTE_128d_256x4_8ed1,,536,lr,0.000563,COSETTE_128d_256x4_8ed1,4yqz7d4t
cosette,COSETTE_128d_256x4_8ed1,,537,train_loss,0.00878115480082284,COSETTE_128d_256x4_8ed1,4yqz7d4t
cosette,COSETTE_128d_256x4_8ed1,,537,lr,0.000562,COSETTE_128d_256x4_8ed1,4yqz7d4t
cosette,COSETTE_128d_256x4_8ed1,,538,train_loss,0.008738535195053057,COSETTE_128d_256x4_8ed1,4yqz7d4t
cosette,COSETTE_128d_256x4_8ed1,,538,lr,0.0005610000000000001,COSETTE_128d_256x4_8ed1,4yqz7d4t
cosette,COSETTE_128d_256x4_8ed1,,539,train_loss,0.008740120574081547,COSETTE_128d_256x4_8ed1,4yqz7d4t
cosette,COSETTE_128d_256x4_8ed1,,539,lr,0.0005600000000000001,COSETTE_128d_256x4_8ed1,4yqz7d4t
cosette,COSETTE_128d_256x4_8ed1,,540,train_loss,0.00879299936802696,COSETTE_128d_256x4_8ed1,4yqz7d4t
cosette,COSETTE_128d_256x4_8ed1,,540,lr,0.000559,COSETTE_128d_256x4_8ed1,4yqz7d4t
cosette,COSETTE_128d_256x4_8ed1,,541,train_loss,0.00877549741149163,COSETTE_128d_256x4_8ed1,4yqz7d4t
cosette,COSETTE_128d_256x4_8ed1,,541,lr,0.0005580000000000001,COSETTE_128d_256x4_8ed1,4yqz7d4t
cosette,COSETTE_128d_256x4_8ed1,,542,train_loss,0.008769551754373009,COSETTE_128d_256x4_8ed1,4yqz7d4t
cosette,COSETTE_128d_256x4_8ed1,,542,lr,0.000557,COSETTE_128d_256x4_8ed1,4yqz7d4t
cosette,COSETTE_128d_256x4_8ed1,,543,train_loss,0.008758759481175769,COSETTE_128d_256x4_8ed1,4yqz7d4t
cosette,COSETTE_128d_256x4_8ed1,,543,lr,0.0005560000000000001,COSETTE_128d_256x4_8ed1,4yqz7d4t
cosette,COSETTE_128d_256x4_8ed1,,544,train_loss,0.008775747461552675,COSETTE_128d_256x4_8ed1,4yqz7d4t
cosette,COSETTE_128d_256x4_8ed1,,544,lr,0.000555,COSETTE_128d_256x4_8ed1,4yqz7d4t
cosette,COSETTE_128d_256x4_8ed1,,545,train_loss,0.00876360808050247,COSETTE_128d_256x4_8ed1,4yqz7d4t
cosette,COSETTE_128d_256x4_8ed1,,545,lr,0.000554,COSETTE_128d_256x4_8ed1,4yqz7d4t
cosette,COSETTE_128d_256x4_8ed1,,546,train_loss,0.008755545781777913,COSETTE_128d_256x4_8ed1,4yqz7d4t
cosette,COSETTE_128d_256x4_8ed1,,546,lr,0.0005530000000000001,COSETTE_128d_256x4_8ed1,4yqz7d4t
cosette,COSETTE_128d_256x4_8ed1,,547,train_loss,0.008780146158374046,COSETTE_128d_256x4_8ed1,4yqz7d4t
cosette,COSETTE_128d_256x4_8ed1,,547,lr,0.000552,COSETTE_128d_256x4_8ed1,4yqz7d4t
cosette,COSETTE_128d_256x4_8ed1,,548,train_loss,0.008778182173268397,COSETTE_128d_256x4_8ed1,4yqz7d4t
cosette,COSETTE_128d_256x4_8ed1,,548,lr,0.0005510000000000001,COSETTE_128d_256x4_8ed1,4yqz7d4t
cosette,COSETTE_128d_256x4_8ed1,,549,train_loss,0.008759262067058106,COSETTE_128d_256x4_8ed1,4yqz7d4t
cosette,COSETTE_128d_256x4_8ed1,,549,lr,0.00055,COSETTE_128d_256x4_8ed1,4yqz7d4t
cosette,COSETTE_128d_256x4_8ed1,,550,train_loss,0.008762069455207251,COSETTE_128d_256x4_8ed1,4yqz7d4t
cosette,COSETTE_128d_256x4_8ed1,,550,lr,0.000549,COSETTE_128d_256x4_8ed1,4yqz7d4t
cosette,COSETTE_128d_256x4_8ed1,,551,train_loss,0.008749605652293284,COSETTE_128d_256x4_8ed1,4yqz7d4t
cosette,COSETTE_128d_256x4_8ed1,,551,lr,0.0005480000000000001,COSETTE_128d_256x4_8ed1,4yqz7d4t
cosette,COSETTE_128d_256x4_8ed1,,552,train_loss,0.008774356032125381,COSETTE_128d_256x4_8ed1,4yqz7d4t
cosette,COSETTE_128d_256x4_8ed1,,552,lr,0.000547,COSETTE_128d_256x4_8ed1,4yqz7d4t
cosette,COSETTE_128d_256x4_8ed1,,553,train_loss,0.008776086382567886,COSETTE_128d_256x4_8ed1,4yqz7d4t
cosette,COSETTE_128d_256x4_8ed1,,553,lr,0.000546,COSETTE_128d_256x4_8ed1,4yqz7d4t
cosette,COSETTE_128d_256x4_8ed1,,554,train_loss,0.008769347553523325,COSETTE_128d_256x4_8ed1,4yqz7d4t
cosette,COSETTE_128d_256x4_8ed1,,554,lr,0.000545,COSETTE_128d_256x4_8ed1,4yqz7d4t
cosette,COSETTE_128d_256x4_8ed1,,555,train_loss,0.008786640806699827,COSETTE_128d_256x4_8ed1,4yqz7d4t
cosette,COSETTE_128d_256x4_8ed1,,555,lr,0.000544,COSETTE_128d_256x4_8ed1,4yqz7d4t
cosette,COSETTE_128d_256x4_8ed1,,556,train_loss,0.008766793907224698,COSETTE_128d_256x4_8ed1,4yqz7d4t
cosette,COSETTE_128d_256x4_8ed1,,556,lr,0.0005430000000000001,COSETTE_128d_256x4_8ed1,4yqz7d4t
cosette,COSETTE_128d_256x4_8ed1,,557,train_loss,0.008784357625857105,COSETTE_128d_256x4_8ed1,4yqz7d4t
cosette,COSETTE_128d_256x4_8ed1,,557,lr,0.0005420000000000001,COSETTE_128d_256x4_8ed1,4yqz7d4t
cosette,COSETTE_128d_256x4_8ed1,,558,train_loss,0.008780842305248159,COSETTE_128d_256x4_8ed1,4yqz7d4t
cosette,COSETTE_128d_256x4_8ed1,,558,lr,0.000541,COSETTE_128d_256x4_8ed1,4yqz7d4t
cosette,COSETTE_128d_256x4_8ed1,,559,train_loss,0.008753897066114192,COSETTE_128d_256x4_8ed1,4yqz7d4t
cosette,COSETTE_128d_256x4_8ed1,,559,lr,0.0005400000000000001,COSETTE_128d_256x4_8ed1,4yqz7d4t
cosette,COSETTE_128d_256x4_8ed1,,560,train_loss,0.008800400689029864,COSETTE_128d_256x4_8ed1,4yqz7d4t
cosette,COSETTE_128d_256x4_8ed1,,560,lr,0.000539,COSETTE_128d_256x4_8ed1,4yqz7d4t
cosette,COSETTE_128d_256x4_8ed1,,561,train_loss,0.00880611880193297,COSETTE_128d_256x4_8ed1,4yqz7d4t
cosette,COSETTE_128d_256x4_8ed1,,561,lr,0.0005380000000000001,COSETTE_128d_256x4_8ed1,4yqz7d4t
cosette,COSETTE_128d_256x4_8ed1,,562,train_loss,0.0087899333335084,COSETTE_128d_256x4_8ed1,4yqz7d4t
cosette,COSETTE_128d_256x4_8ed1,,562,lr,0.000537,COSETTE_128d_256x4_8ed1,4yqz7d4t
cosette,COSETTE_128d_256x4_8ed1,,563,train_loss,0.008771395471563446,COSETTE_128d_256x4_8ed1,4yqz7d4t
cosette,COSETTE_128d_256x4_8ed1,,563,lr,0.000536,COSETTE_128d_256x4_8ed1,4yqz7d4t
cosette,COSETTE_128d_256x4_8ed1,,564,train_loss,0.008805035680478858,COSETTE_128d_256x4_8ed1,4yqz7d4t
cosette,COSETTE_128d_256x4_8ed1,,564,lr,0.0005350000000000001,COSETTE_128d_256x4_8ed1,4yqz7d4t
cosette,COSETTE_128d_256x4_8ed1,,565,train_loss,0.00878175137658342,COSETTE_128d_256x4_8ed1,4yqz7d4t
cosette,COSETTE_128d_256x4_8ed1,,565,lr,0.000534,COSETTE_128d_256x4_8ed1,4yqz7d4t
cosette,COSETTE_128d_256x4_8ed1,,566,train_loss,0.008803188124095364,COSETTE_128d_256x4_8ed1,4yqz7d4t
cosette,COSETTE_128d_256x4_8ed1,,566,lr,0.000533,COSETTE_128d_256x4_8ed1,4yqz7d4t
cosette,COSETTE_128d_256x4_8ed1,,567,train_loss,0.00877373053176369,COSETTE_128d_256x4_8ed1,4yqz7d4t
cosette,COSETTE_128d_256x4_8ed1,,567,lr,0.000532,COSETTE_128d_256x4_8ed1,4yqz7d4t
cosette,COSETTE_128d_256x4_8ed1,,568,train_loss,0.008769433724312044,COSETTE_128d_256x4_8ed1,4yqz7d4t
cosette,COSETTE_128d_256x4_8ed1,,568,lr,0.000531,COSETTE_128d_256x4_8ed1,4yqz7d4t
cosette,COSETTE_128d_256x4_8ed1,,569,train_loss,0.008782410685964623,COSETTE_128d_256x4_8ed1,4yqz7d4t
cosette,COSETTE_128d_256x4_8ed1,,569,lr,0.0005300000000000001,COSETTE_128d_256x4_8ed1,4yqz7d4t
cosette,COSETTE_128d_256x4_8ed1,,570,train_loss,0.008784587461528165,COSETTE_128d_256x4_8ed1,4yqz7d4t
cosette,COSETTE_128d_256x4_8ed1,,570,lr,0.0005290000000000001,COSETTE_128d_256x4_8ed1,4yqz7d4t
cosette,COSETTE_128d_256x4_8ed1,,571,train_loss,0.008781840160435476,COSETTE_128d_256x4_8ed1,4yqz7d4t
cosette,COSETTE_128d_256x4_8ed1,,571,lr,0.000528,COSETTE_128d_256x4_8ed1,4yqz7d4t
cosette,COSETTE_128d_256x4_8ed1,,572,train_loss,0.008770518440404811,COSETTE_128d_256x4_8ed1,4yqz7d4t
cosette,COSETTE_128d_256x4_8ed1,,572,lr,0.000527,COSETTE_128d_256x4_8ed1,4yqz7d4t
cosette,COSETTE_128d_256x4_8ed1,,573,train_loss,0.008784534322540106,COSETTE_128d_256x4_8ed1,4yqz7d4t
cosette,COSETTE_128d_256x4_8ed1,,573,lr,0.000526,COSETTE_128d_256x4_8ed1,4yqz7d4t
cosette,COSETTE_128d_256x4_8ed1,,574,train_loss,0.008787959465663209,COSETTE_128d_256x4_8ed1,4yqz7d4t
cosette,COSETTE_128d_256x4_8ed1,,574,lr,0.0005250000000000001,COSETTE_128d_256x4_8ed1,4yqz7d4t
cosette,COSETTE_128d_256x4_8ed1,,575,train_loss,0.008765585197926426,COSETTE_128d_256x4_8ed1,4yqz7d4t
cosette,COSETTE_128d_256x4_8ed1,,575,lr,0.000524,COSETTE_128d_256x4_8ed1,4yqz7d4t
cosette,COSETTE_128d_256x4_8ed1,,576,train_loss,0.008789624529723213,COSETTE_128d_256x4_8ed1,4yqz7d4t
cosette,COSETTE_128d_256x4_8ed1,,576,lr,0.000523,COSETTE_128d_256x4_8ed1,4yqz7d4t
cosette,COSETTE_128d_256x4_8ed1,,577,train_loss,0.00878793516417416,COSETTE_128d_256x4_8ed1,4yqz7d4t
cosette,COSETTE_128d_256x4_8ed1,,577,lr,0.0005220000000000001,COSETTE_128d_256x4_8ed1,4yqz7d4t
cosette,COSETTE_128d_256x4_8ed1,,578,train_loss,0.008783738175742059,COSETTE_128d_256x4_8ed1,4yqz7d4t
cosette,COSETTE_128d_256x4_8ed1,,578,lr,0.000521,COSETTE_128d_256x4_8ed1,4yqz7d4t
cosette,COSETTE_128d_256x4_8ed1,,579,train_loss,0.008787443894866132,COSETTE_128d_256x4_8ed1,4yqz7d4t
cosette,COSETTE_128d_256x4_8ed1,,579,lr,0.0005200000000000001,COSETTE_128d_256x4_8ed1,4yqz7d4t
cosette,COSETTE_128d_256x4_8ed1,,580,train_loss,0.008784299428246432,COSETTE_128d_256x4_8ed1,4yqz7d4t
cosette,COSETTE_128d_256x4_8ed1,,580,lr,0.000519,COSETTE_128d_256x4_8ed1,4yqz7d4t
cosette,COSETTE_128d_256x4_8ed1,,581,train_loss,0.008796487083966784,COSETTE_128d_256x4_8ed1,4yqz7d4t
cosette,COSETTE_128d_256x4_8ed1,,581,lr,0.000518,COSETTE_128d_256x4_8ed1,4yqz7d4t
cosette,COSETTE_128d_256x4_8ed1,,582,train_loss,0.00879415824151726,COSETTE_128d_256x4_8ed1,4yqz7d4t
cosette,COSETTE_128d_256x4_8ed1,,582,lr,0.0005170000000000001,COSETTE_128d_256x4_8ed1,4yqz7d4t
cosette,COSETTE_128d_256x4_8ed1,,583,train_loss,0.008784344955849992,COSETTE_128d_256x4_8ed1,4yqz7d4t
cosette,COSETTE_128d_256x4_8ed1,,583,lr,0.000516,COSETTE_128d_256x4_8ed1,4yqz7d4t
cosette,COSETTE_128d_256x4_8ed1,,584,train_loss,0.0087886544065081,COSETTE_128d_256x4_8ed1,4yqz7d4t
cosette,COSETTE_128d_256x4_8ed1,,584,lr,0.000515,COSETTE_128d_256x4_8ed1,4yqz7d4t
cosette,COSETTE_128d_256x4_8ed1,,585,train_loss,0.008797758506785196,COSETTE_128d_256x4_8ed1,4yqz7d4t
cosette,COSETTE_128d_256x4_8ed1,,585,lr,0.000514,COSETTE_128d_256x4_8ed1,4yqz7d4t
cosette,COSETTE_128d_256x4_8ed1,,586,train_loss,0.008801559207411552,COSETTE_128d_256x4_8ed1,4yqz7d4t
cosette,COSETTE_128d_256x4_8ed1,,586,lr,0.000513,COSETTE_128d_256x4_8ed1,4yqz7d4t
cosette,COSETTE_128d_256x4_8ed1,,587,train_loss,0.00878901852013396,COSETTE_128d_256x4_8ed1,4yqz7d4t
cosette,COSETTE_128d_256x4_8ed1,,587,lr,0.0005120000000000001,COSETTE_128d_256x4_8ed1,4yqz7d4t
cosette,COSETTE_128d_256x4_8ed1,,588,train_loss,0.008781232227899621,COSETTE_128d_256x4_8ed1,4yqz7d4t
cosette,COSETTE_128d_256x4_8ed1,,588,lr,0.0005110000000000001,COSETTE_128d_256x4_8ed1,4yqz7d4t
cosette,COSETTE_128d_256x4_8ed1,,589,train_loss,0.008791137305791856,COSETTE_128d_256x4_8ed1,4yqz7d4t
cosette,COSETTE_128d_256x4_8ed1,,589,lr,0.00051,COSETTE_128d_256x4_8ed1,4yqz7d4t
cosette,COSETTE_128d_256x4_8ed1,,590,train_loss,0.008792494624692334,COSETTE_128d_256x4_8ed1,4yqz7d4t
cosette,COSETTE_128d_256x4_8ed1,,590,lr,0.000509,COSETTE_128d_256x4_8ed1,4yqz7d4t
cosette,COSETTE_128d_256x4_8ed1,,591,train_loss,0.008783010384000887,COSETTE_128d_256x4_8ed1,4yqz7d4t
cosette,COSETTE_128d_256x4_8ed1,,591,lr,0.0005080000000000001,COSETTE_128d_256x4_8ed1,4yqz7d4t
cosette,COSETTE_128d_256x4_8ed1,,592,train_loss,0.008807062070897164,COSETTE_128d_256x4_8ed1,4yqz7d4t
cosette,COSETTE_128d_256x4_8ed1,,592,lr,0.0005070000000000001,COSETTE_128d_256x4_8ed1,4yqz7d4t
cosette,COSETTE_128d_256x4_8ed1,,593,train_loss,0.008797493662765561,COSETTE_128d_256x4_8ed1,4yqz7d4t
cosette,COSETTE_128d_256x4_8ed1,,593,lr,0.000506,COSETTE_128d_256x4_8ed1,4yqz7d4t
cosette,COSETTE_128d_256x4_8ed1,,594,train_loss,0.008812686401627048,COSETTE_128d_256x4_8ed1,4yqz7d4t
cosette,COSETTE_128d_256x4_8ed1,,594,lr,0.000505,COSETTE_128d_256x4_8ed1,4yqz7d4t
cosette,COSETTE_128d_256x4_8ed1,,595,train_loss,0.008785947587796676,COSETTE_128d_256x4_8ed1,4yqz7d4t
cosette,COSETTE_128d_256x4_8ed1,,595,lr,0.000504,COSETTE_128d_256x4_8ed1,4yqz7d4t
cosette,COSETTE_128d_256x4_8ed1,,596,train_loss,0.008812543996375247,COSETTE_128d_256x4_8ed1,4yqz7d4t
cosette,COSETTE_128d_256x4_8ed1,,596,lr,0.0005030000000000001,COSETTE_128d_256x4_8ed1,4yqz7d4t
cosette,COSETTE_128d_256x4_8ed1,,597,train_loss,0.008787758862800735,COSETTE_128d_256x4_8ed1,4yqz7d4t
cosette,COSETTE_128d_256x4_8ed1,,597,lr,0.0005020000000000001,COSETTE_128d_256x4_8ed1,4yqz7d4t
cosette,COSETTE_128d_256x4_8ed1,,598,train_loss,0.008788967364393977,COSETTE_128d_256x4_8ed1,4yqz7d4t
cosette,COSETTE_128d_256x4_8ed1,,598,lr,0.000501,COSETTE_128d_256x4_8ed1,4yqz7d4t
cosette,COSETTE_128d_256x4_8ed1,,599,train_loss,0.008771642921961467,COSETTE_128d_256x4_8ed1,4yqz7d4t
cosette,COSETTE_128d_256x4_8ed1,,599,lr,0.0005,COSETTE_128d_256x4_8ed1,4yqz7d4t
cosette,COSETTE_128d_256x4_8ed1,,599,collision_rate,0.007245192569591981,COSETTE_128d_256x4_8ed1,4yqz7d4t
cosette,COSETTE_128d_256x4_8ed1,,599,mean_collisions,1.0072980684811237,COSETTE_128d_256x4_8ed1,4yqz7d4t
cosette,COSETTE_128d_256x4_8ed1,,599,max_collisions,14.0,COSETTE_128d_256x4_8ed1,4yqz7d4t
cosette,COSETTE_128d_256x4_8ed1,,600,train_loss,0.008783610912857297,COSETTE_128d_256x4_8ed1,4yqz7d4t
cosette,COSETTE_128d_256x4_8ed1,,600,lr,0.0004990000000000001,COSETTE_128d_256x4_8ed1,4yqz7d4t
cosette,COSETTE_128d_256x4_8ed1,,601,train_loss,0.008783914209108987,COSETTE_128d_256x4_8ed1,4yqz7d4t
cosette,COSETTE_128d_256x4_8ed1,,601,lr,0.0004980000000000001,COSETTE_128d_256x4_8ed1,4yqz7d4t
cosette,COSETTE_128d_256x4_8ed1,,602,train_loss,0.008770762446919362,COSETTE_128d_256x4_8ed1,4yqz7d4t
cosette,COSETTE_128d_256x4_8ed1,,602,lr,0.000497,COSETTE_128d_256x4_8ed1,4yqz7d4t
cosette,COSETTE_128d_256x4_8ed1,,603,train_loss,0.008818202966944778,COSETTE_128d_256x4_8ed1,4yqz7d4t
cosette,COSETTE_128d_256x4_8ed1,,603,lr,0.000496,COSETTE_128d_256x4_8ed1,4yqz7d4t
cosette,COSETTE_128d_256x4_8ed1,,604,train_loss,0.008784060567456616,COSETTE_128d_256x4_8ed1,4yqz7d4t
cosette,COSETTE_128d_256x4_8ed1,,604,lr,0.000495,COSETTE_128d_256x4_8ed1,4yqz7d4t
cosette,COSETTE_128d_256x4_8ed1,,605,train_loss,0.00878621257251973,COSETTE_128d_256x4_8ed1,4yqz7d4t
cosette,COSETTE_128d_256x4_8ed1,,605,lr,0.0004940000000000001,COSETTE_128d_256x4_8ed1,4yqz7d4t
cosette,COSETTE_128d_256x4_8ed1,,606,train_loss,0.008795723687562585,COSETTE_128d_256x4_8ed1,4yqz7d4t
cosette,COSETTE_128d_256x4_8ed1,,606,lr,0.0004930000000000001,COSETTE_128d_256x4_8ed1,4yqz7d4t
cosette,COSETTE_128d_256x4_8ed1,,607,train_loss,0.008794162469319732,COSETTE_128d_256x4_8ed1,4yqz7d4t
cosette,COSETTE_128d_256x4_8ed1,,607,lr,0.000492,COSETTE_128d_256x4_8ed1,4yqz7d4t
cosette,COSETTE_128d_256x4_8ed1,,608,train_loss,0.008823851525461938,COSETTE_128d_256x4_8ed1,4yqz7d4t
cosette,COSETTE_128d_256x4_8ed1,,608,lr,0.000491,COSETTE_128d_256x4_8ed1,4yqz7d4t
cosette,COSETTE_128d_256x4_8ed1,,609,train_loss,0.008816249802601426,COSETTE_128d_256x4_8ed1,4yqz7d4t
cosette,COSETTE_128d_256x4_8ed1,,609,lr,0.0004900000000000001,COSETTE_128d_256x4_8ed1,4yqz7d4t
cosette,COSETTE_128d_256x4_8ed1,,610,train_loss,0.008795499292423405,COSETTE_128d_256x4_8ed1,4yqz7d4t
cosette,COSETTE_128d_256x4_8ed1,,610,lr,0.0004890000000000001,COSETTE_128d_256x4_8ed1,4yqz7d4t
cosette,COSETTE_128d_256x4_8ed1,,611,train_loss,0.008796021181473632,COSETTE_128d_256x4_8ed1,4yqz7d4t
cosette,COSETTE_128d_256x4_8ed1,,611,lr,0.00048800000000000004,COSETTE_128d_256x4_8ed1,4yqz7d4t
cosette,COSETTE_128d_256x4_8ed1,,612,train_loss,0.008800978102325958,COSETTE_128d_256x4_8ed1,4yqz7d4t
cosette,COSETTE_128d_256x4_8ed1,,612,lr,0.000487,COSETTE_128d_256x4_8ed1,4yqz7d4t
cosette,COSETTE_128d_256x4_8ed1,,613,train_loss,0.008808934102973917,COSETTE_128d_256x4_8ed1,4yqz7d4t
cosette,COSETTE_128d_256x4_8ed1,,613,lr,0.000486,COSETTE_128d_256x4_8ed1,4yqz7d4t
cosette,COSETTE_128d_256x4_8ed1,,614,train_loss,0.00881576454333907,COSETTE_128d_256x4_8ed1,4yqz7d4t
cosette,COSETTE_128d_256x4_8ed1,,614,lr,0.0004850000000000001,COSETTE_128d_256x4_8ed1,4yqz7d4t
cosette,COSETTE_128d_256x4_8ed1,,615,train_loss,0.0088121239497936,COSETTE_128d_256x4_8ed1,4yqz7d4t
cosette,COSETTE_128d_256x4_8ed1,,615,lr,0.00048400000000000006,COSETTE_128d_256x4_8ed1,4yqz7d4t
cosette,COSETTE_128d_256x4_8ed1,,616,train_loss,0.008806086219043184,COSETTE_128d_256x4_8ed1,4yqz7d4t
cosette,COSETTE_128d_256x4_8ed1,,616,lr,0.00048300000000000003,COSETTE_128d_256x4_8ed1,4yqz7d4t
cosette,COSETTE_128d_256x4_8ed1,,617,train_loss,0.008787534862971135,COSETTE_128d_256x4_8ed1,4yqz7d4t
cosette,COSETTE_128d_256x4_8ed1,,617,lr,0.000482,COSETTE_128d_256x4_8ed1,4yqz7d4t
cosette,COSETTE_128d_256x4_8ed1,,618,train_loss,0.008820864358555069,COSETTE_128d_256x4_8ed1,4yqz7d4t
cosette,COSETTE_128d_256x4_8ed1,,618,lr,0.0004810000000000001,COSETTE_128d_256x4_8ed1,4yqz7d4t
cosette,COSETTE_128d_256x4_8ed1,,619,train_loss,0.008815151940790012,COSETTE_128d_256x4_8ed1,4yqz7d4t
cosette,COSETTE_128d_256x4_8ed1,,619,lr,0.00048000000000000007,COSETTE_128d_256x4_8ed1,4yqz7d4t
cosette,COSETTE_128d_256x4_8ed1,,620,train_loss,0.008814193549559275,COSETTE_128d_256x4_8ed1,4yqz7d4t
cosette,COSETTE_128d_256x4_8ed1,,620,lr,0.00047900000000000004,COSETTE_128d_256x4_8ed1,4yqz7d4t
cosette,COSETTE_128d_256x4_8ed1,,621,train_loss,0.00878067149130775,COSETTE_128d_256x4_8ed1,4yqz7d4t
cosette,COSETTE_128d_256x4_8ed1,,621,lr,0.000478,COSETTE_128d_256x4_8ed1,4yqz7d4t
cosette,COSETTE_128d_256x4_8ed1,,622,train_loss,0.008800951817588845,COSETTE_128d_256x4_8ed1,4yqz7d4t
cosette,COSETTE_128d_256x4_8ed1,,622,lr,0.000477,COSETTE_128d_256x4_8ed1,4yqz7d4t
cosette,COSETTE_128d_256x4_8ed1,,623,train_loss,0.008827213425752068,COSETTE_128d_256x4_8ed1,4yqz7d4t
cosette,COSETTE_128d_256x4_8ed1,,623,lr,0.0004760000000000001,COSETTE_128d_256x4_8ed1,4yqz7d4t
cosette,COSETTE_128d_256x4_8ed1,,624,train_loss,0.008805664209313958,COSETTE_128d_256x4_8ed1,4yqz7d4t
cosette,COSETTE_128d_256x4_8ed1,,624,lr,0.00047500000000000005,COSETTE_128d_256x4_8ed1,4yqz7d4t
cosette,COSETTE_128d_256x4_8ed1,,625,train_loss,0.008804447379418844,COSETTE_128d_256x4_8ed1,4yqz7d4t
cosette,COSETTE_128d_256x4_8ed1,,625,lr,0.00047400000000000003,COSETTE_128d_256x4_8ed1,4yqz7d4t
cosette,COSETTE_128d_256x4_8ed1,,626,train_loss,0.008817418163521683,COSETTE_128d_256x4_8ed1,4yqz7d4t
cosette,COSETTE_128d_256x4_8ed1,,626,lr,0.000473,COSETTE_128d_256x4_8ed1,4yqz7d4t
cosette,COSETTE_128d_256x4_8ed1,,627,train_loss,0.008787266709071272,COSETTE_128d_256x4_8ed1,4yqz7d4t
cosette,COSETTE_128d_256x4_8ed1,,627,lr,0.0004720000000000001,COSETTE_128d_256x4_8ed1,4yqz7d4t
cosette,COSETTE_128d_256x4_8ed1,,628,train_loss,0.008801432808847735,COSETTE_128d_256x4_8ed1,4yqz7d4t
cosette,COSETTE_128d_256x4_8ed1,,628,lr,0.00047100000000000006,COSETTE_128d_256x4_8ed1,4yqz7d4t
cosette,COSETTE_128d_256x4_8ed1,,629,train_loss,0.008797977561894939,COSETTE_128d_256x4_8ed1,4yqz7d4t
cosette,COSETTE_128d_256x4_8ed1,,629,lr,0.00047000000000000004,COSETTE_128d_256x4_8ed1,4yqz7d4t
cosette,COSETTE_128d_256x4_8ed1,,630,train_loss,0.008817130927559282,COSETTE_128d_256x4_8ed1,4yqz7d4t
cosette,COSETTE_128d_256x4_8ed1,,630,lr,0.000469,COSETTE_128d_256x4_8ed1,4yqz7d4t
cosette,COSETTE_128d_256x4_8ed1,,631,train_loss,0.008817542451534337,COSETTE_128d_256x4_8ed1,4yqz7d4t
cosette,COSETTE_128d_256x4_8ed1,,631,lr,0.000468,COSETTE_128d_256x4_8ed1,4yqz7d4t
cosette,COSETTE_128d_256x4_8ed1,,632,train_loss,0.008808555382994018,COSETTE_128d_256x4_8ed1,4yqz7d4t
cosette,COSETTE_128d_256x4_8ed1,,632,lr,0.0004670000000000001,COSETTE_128d_256x4_8ed1,4yqz7d4t
cosette,COSETTE_128d_256x4_8ed1,,633,train_loss,0.008811841558048625,COSETTE_128d_256x4_8ed1,4yqz7d4t
cosette,COSETTE_128d_256x4_8ed1,,633,lr,0.00046600000000000005,COSETTE_128d_256x4_8ed1,4yqz7d4t
cosette,COSETTE_128d_256x4_8ed1,,634,train_loss,0.008804072632635235,COSETTE_128d_256x4_8ed1,4yqz7d4t
cosette,COSETTE_128d_256x4_8ed1,,634,lr,0.000465,COSETTE_128d_256x4_8ed1,4yqz7d4t
cosette,COSETTE_128d_256x4_8ed1,,635,train_loss,0.008799512079990593,COSETTE_128d_256x4_8ed1,4yqz7d4t
cosette,COSETTE_128d_256x4_8ed1,,635,lr,0.000464,COSETTE_128d_256x4_8ed1,4yqz7d4t
cosette,COSETTE_128d_256x4_8ed1,,636,train_loss,0.008799050626405281,COSETTE_128d_256x4_8ed1,4yqz7d4t
cosette,COSETTE_128d_256x4_8ed1,,636,lr,0.0004630000000000001,COSETTE_128d_256x4_8ed1,4yqz7d4t
cosette,COSETTE_128d_256x4_8ed1,,637,train_loss,0.008816688770441698,COSETTE_128d_256x4_8ed1,4yqz7d4t
cosette,COSETTE_128d_256x4_8ed1,,637,lr,0.00046200000000000006,COSETTE_128d_256x4_8ed1,4yqz7d4t
cosette,COSETTE_128d_256x4_8ed1,,638,train_loss,0.008807788737011046,COSETTE_128d_256x4_8ed1,4yqz7d4t
cosette,COSETTE_128d_256x4_8ed1,,638,lr,0.00046100000000000004,COSETTE_128d_256x4_8ed1,4yqz7d4t
cosette,COSETTE_128d_256x4_8ed1,,639,train_loss,0.00881036558597208,COSETTE_128d_256x4_8ed1,4yqz7d4t
cosette,COSETTE_128d_256x4_8ed1,,639,lr,0.00046,COSETTE_128d_256x4_8ed1,4yqz7d4t
cosette,COSETTE_128d_256x4_8ed1,,640,train_loss,0.008823643465318698,COSETTE_128d_256x4_8ed1,4yqz7d4t
cosette,COSETTE_128d_256x4_8ed1,,640,lr,0.0004590000000000001,COSETTE_128d_256x4_8ed1,4yqz7d4t
cosette,COSETTE_128d_256x4_8ed1,,641,train_loss,0.008836991026354348,COSETTE_128d_256x4_8ed1,4yqz7d4t
cosette,COSETTE_128d_256x4_8ed1,,641,lr,0.0004580000000000001,COSETTE_128d_256x4_8ed1,4yqz7d4t
cosette,COSETTE_128d_256x4_8ed1,,642,train_loss,0.008820460539766782,COSETTE_128d_256x4_8ed1,4yqz7d4t
cosette,COSETTE_128d_256x4_8ed1,,642,lr,0.00045700000000000005,COSETTE_128d_256x4_8ed1,4yqz7d4t
cosette,COSETTE_128d_256x4_8ed1,,643,train_loss,0.008826588414502231,COSETTE_128d_256x4_8ed1,4yqz7d4t
cosette,COSETTE_128d_256x4_8ed1,,643,lr,0.000456,COSETTE_128d_256x4_8ed1,4yqz7d4t
cosette,COSETTE_128d_256x4_8ed1,,644,train_loss,0.008810644299327899,COSETTE_128d_256x4_8ed1,4yqz7d4t
cosette,COSETTE_128d_256x4_8ed1,,644,lr,0.000455,COSETTE_128d_256x4_8ed1,4yqz7d4t
cosette,COSETTE_128d_256x4_8ed1,,645,train_loss,0.008818559958298002,COSETTE_128d_256x4_8ed1,4yqz7d4t
cosette,COSETTE_128d_256x4_8ed1,,645,lr,0.0004540000000000001,COSETTE_128d_256x4_8ed1,4yqz7d4t
cosette,COSETTE_128d_256x4_8ed1,,646,train_loss,0.008817863536717227,COSETTE_128d_256x4_8ed1,4yqz7d4t
cosette,COSETTE_128d_256x4_8ed1,,646,lr,0.00045300000000000006,COSETTE_128d_256x4_8ed1,4yqz7d4t
cosette,COSETTE_128d_256x4_8ed1,,647,train_loss,0.008804074374677466,COSETTE_128d_256x4_8ed1,4yqz7d4t
cosette,COSETTE_128d_256x4_8ed1,,647,lr,0.00045200000000000004,COSETTE_128d_256x4_8ed1,4yqz7d4t
cosette,COSETTE_128d_256x4_8ed1,,648,train_loss,0.008809133325602942,COSETTE_128d_256x4_8ed1,4yqz7d4t
cosette,COSETTE_128d_256x4_8ed1,,648,lr,0.000451,COSETTE_128d_256x4_8ed1,4yqz7d4t
cosette,COSETTE_128d_256x4_8ed1,,649,train_loss,0.008814082293362498,COSETTE_128d_256x4_8ed1,4yqz7d4t
cosette,COSETTE_128d_256x4_8ed1,,649,lr,0.0004500000000000001,COSETTE_128d_256x4_8ed1,4yqz7d4t
cosette,COSETTE_128d_256x4_8ed1,,650,train_loss,0.008817112897422241,COSETTE_128d_256x4_8ed1,4yqz7d4t
cosette,COSETTE_128d_256x4_8ed1,,650,lr,0.00044900000000000007,COSETTE_128d_256x4_8ed1,4yqz7d4t
cosette,COSETTE_128d_256x4_8ed1,,651,train_loss,0.008801019107319898,COSETTE_128d_256x4_8ed1,4yqz7d4t
cosette,COSETTE_128d_256x4_8ed1,,651,lr,0.00044800000000000005,COSETTE_128d_256x4_8ed1,4yqz7d4t
cosette,COSETTE_128d_256x4_8ed1,,652,train_loss,0.008805166306845148,COSETTE_128d_256x4_8ed1,4yqz7d4t
cosette,COSETTE_128d_256x4_8ed1,,652,lr,0.000447,COSETTE_128d_256x4_8ed1,4yqz7d4t
cosette,COSETTE_128d_256x4_8ed1,,653,train_loss,0.008833901159358106,COSETTE_128d_256x4_8ed1,4yqz7d4t
cosette,COSETTE_128d_256x4_8ed1,,653,lr,0.000446,COSETTE_128d_256x4_8ed1,4yqz7d4t
cosette,COSETTE_128d_256x4_8ed1,,654,train_loss,0.00879878526647314,COSETTE_128d_256x4_8ed1,4yqz7d4t
cosette,COSETTE_128d_256x4_8ed1,,654,lr,0.0004450000000000001,COSETTE_128d_256x4_8ed1,4yqz7d4t
cosette,COSETTE_128d_256x4_8ed1,,655,train_loss,0.008817160562377616,COSETTE_128d_256x4_8ed1,4yqz7d4t
cosette,COSETTE_128d_256x4_8ed1,,655,lr,0.00044400000000000006,COSETTE_128d_256x4_8ed1,4yqz7d4t
cosette,COSETTE_128d_256x4_8ed1,,656,train_loss,0.008811031689317963,COSETTE_128d_256x4_8ed1,4yqz7d4t
cosette,COSETTE_128d_256x4_8ed1,,656,lr,0.00044300000000000003,COSETTE_128d_256x4_8ed1,4yqz7d4t
cosette,COSETTE_128d_256x4_8ed1,,657,train_loss,0.008814311251312278,COSETTE_128d_256x4_8ed1,4yqz7d4t
cosette,COSETTE_128d_256x4_8ed1,,657,lr,0.000442,COSETTE_128d_256x4_8ed1,4yqz7d4t
cosette,COSETTE_128d_256x4_8ed1,,658,train_loss,0.008825411068664179,COSETTE_128d_256x4_8ed1,4yqz7d4t
cosette,COSETTE_128d_256x4_8ed1,,658,lr,0.0004410000000000001,COSETTE_128d_256x4_8ed1,4yqz7d4t
cosette,COSETTE_128d_256x4_8ed1,,659,train_loss,0.008807455839441833,COSETTE_128d_256x4_8ed1,4yqz7d4t
cosette,COSETTE_128d_256x4_8ed1,,659,lr,0.00044000000000000007,COSETTE_128d_256x4_8ed1,4yqz7d4t
cosette,COSETTE_128d_256x4_8ed1,,660,train_loss,0.00883418527304483,COSETTE_128d_256x4_8ed1,4yqz7d4t
cosette,COSETTE_128d_256x4_8ed1,,660,lr,0.00043900000000000005,COSETTE_128d_256x4_8ed1,4yqz7d4t
cosette,COSETTE_128d_256x4_8ed1,,661,train_loss,0.008837286650920088,COSETTE_128d_256x4_8ed1,4yqz7d4t
cosette,COSETTE_128d_256x4_8ed1,,661,lr,0.000438,COSETTE_128d_256x4_8ed1,4yqz7d4t
cosette,COSETTE_128d_256x4_8ed1,,662,train_loss,0.008824574908496235,COSETTE_128d_256x4_8ed1,4yqz7d4t
cosette,COSETTE_128d_256x4_8ed1,,662,lr,0.000437,COSETTE_128d_256x4_8ed1,4yqz7d4t
cosette,COSETTE_128d_256x4_8ed1,,663,train_loss,0.008828705779725696,COSETTE_128d_256x4_8ed1,4yqz7d4t
cosette,COSETTE_128d_256x4_8ed1,,663,lr,0.0004360000000000001,COSETTE_128d_256x4_8ed1,4yqz7d4t
cosette,COSETTE_128d_256x4_8ed1,,664,train_loss,0.00883101124530859,COSETTE_128d_256x4_8ed1,4yqz7d4t
cosette,COSETTE_128d_256x4_8ed1,,664,lr,0.00043500000000000006,COSETTE_128d_256x4_8ed1,4yqz7d4t
cosette,COSETTE_128d_256x4_8ed1,,665,train_loss,0.008837516520091956,COSETTE_128d_256x4_8ed1,4yqz7d4t
cosette,COSETTE_128d_256x4_8ed1,,665,lr,0.00043400000000000003,COSETTE_128d_256x4_8ed1,4yqz7d4t
cosette,COSETTE_128d_256x4_8ed1,,666,train_loss,0.008819449210552858,COSETTE_128d_256x4_8ed1,4yqz7d4t
cosette,COSETTE_128d_256x4_8ed1,,666,lr,0.000433,COSETTE_128d_256x4_8ed1,4yqz7d4t
cosette,COSETTE_128d_256x4_8ed1,,667,train_loss,0.008840994882605056,COSETTE_128d_256x4_8ed1,4yqz7d4t
cosette,COSETTE_128d_256x4_8ed1,,667,lr,0.0004320000000000001,COSETTE_128d_256x4_8ed1,4yqz7d4t
cosette,COSETTE_128d_256x4_8ed1,,668,train_loss,0.008824593789553904,COSETTE_128d_256x4_8ed1,4yqz7d4t
cosette,COSETTE_128d_256x4_8ed1,,668,lr,0.00043100000000000007,COSETTE_128d_256x4_8ed1,4yqz7d4t
cosette,COSETTE_128d_256x4_8ed1,,669,train_loss,0.008817072374840003,COSETTE_128d_256x4_8ed1,4yqz7d4t
cosette,COSETTE_128d_256x4_8ed1,,669,lr,0.00043000000000000004,COSETTE_128d_256x4_8ed1,4yqz7d4t
cosette,COSETTE_128d_256x4_8ed1,,670,train_loss,0.008832649562320266,COSETTE_128d_256x4_8ed1,4yqz7d4t
cosette,COSETTE_128d_256x4_8ed1,,670,lr,0.000429,COSETTE_128d_256x4_8ed1,4yqz7d4t
cosette,COSETTE_128d_256x4_8ed1,,671,train_loss,0.008820550489447097,COSETTE_128d_256x4_8ed1,4yqz7d4t
cosette,COSETTE_128d_256x4_8ed1,,671,lr,0.000428,COSETTE_128d_256x4_8ed1,4yqz7d4t
cosette,COSETTE_128d_256x4_8ed1,,672,train_loss,0.00885258172136202,COSETTE_128d_256x4_8ed1,4yqz7d4t
cosette,COSETTE_128d_256x4_8ed1,,672,lr,0.0004270000000000001,COSETTE_128d_256x4_8ed1,4yqz7d4t
cosette,COSETTE_128d_256x4_8ed1,,673,train_loss,0.008837183917329893,COSETTE_128d_256x4_8ed1,4yqz7d4t
cosette,COSETTE_128d_256x4_8ed1,,673,lr,0.00042600000000000005,COSETTE_128d_256x4_8ed1,4yqz7d4t
cosette,COSETTE_128d_256x4_8ed1,,674,train_loss,0.008831888403770301,COSETTE_128d_256x4_8ed1,4yqz7d4t
cosette,COSETTE_128d_256x4_8ed1,,674,lr,0.00042500000000000003,COSETTE_128d_256x4_8ed1,4yqz7d4t
cosette,COSETTE_128d_256x4_8ed1,,675,train_loss,0.008840473750673181,COSETTE_128d_256x4_8ed1,4yqz7d4t
cosette,COSETTE_128d_256x4_8ed1,,675,lr,0.000424,COSETTE_128d_256x4_8ed1,4yqz7d4t
cosette,COSETTE_128d_256x4_8ed1,,676,train_loss,0.008832271686560813,COSETTE_128d_256x4_8ed1,4yqz7d4t
cosette,COSETTE_128d_256x4_8ed1,,676,lr,0.0004230000000000001,COSETTE_128d_256x4_8ed1,4yqz7d4t
cosette,COSETTE_128d_256x4_8ed1,,677,train_loss,0.008827818571020376,COSETTE_128d_256x4_8ed1,4yqz7d4t
cosette,COSETTE_128d_256x4_8ed1,,677,lr,0.00042200000000000007,COSETTE_128d_256x4_8ed1,4yqz7d4t
cosette,COSETTE_128d_256x4_8ed1,,678,train_loss,0.00882741299008937,COSETTE_128d_256x4_8ed1,4yqz7d4t
cosette,COSETTE_128d_256x4_8ed1,,678,lr,0.00042100000000000004,COSETTE_128d_256x4_8ed1,4yqz7d4t
cosette,COSETTE_128d_256x4_8ed1,,679,train_loss,0.008841262225785275,COSETTE_128d_256x4_8ed1,4yqz7d4t
cosette,COSETTE_128d_256x4_8ed1,,679,lr,0.00042,COSETTE_128d_256x4_8ed1,4yqz7d4t
cosette,COSETTE_128d_256x4_8ed1,,680,train_loss,0.008830388920823877,COSETTE_128d_256x4_8ed1,4yqz7d4t
cosette,COSETTE_128d_256x4_8ed1,,680,lr,0.000419,COSETTE_128d_256x4_8ed1,4yqz7d4t
cosette,COSETTE_128d_256x4_8ed1,,681,train_loss,0.008846840600101208,COSETTE_128d_256x4_8ed1,4yqz7d4t
cosette,COSETTE_128d_256x4_8ed1,,681,lr,0.0004180000000000001,COSETTE_128d_256x4_8ed1,4yqz7d4t
cosette,COSETTE_128d_256x4_8ed1,,682,train_loss,0.008840956370071542,COSETTE_128d_256x4_8ed1,4yqz7d4t
cosette,COSETTE_128d_256x4_8ed1,,682,lr,0.00041700000000000005,COSETTE_128d_256x4_8ed1,4yqz7d4t
cosette,COSETTE_128d_256x4_8ed1,,683,train_loss,0.008826787777834662,COSETTE_128d_256x4_8ed1,4yqz7d4t
cosette,COSETTE_128d_256x4_8ed1,,683,lr,0.00041600000000000003,COSETTE_128d_256x4_8ed1,4yqz7d4t
cosette,COSETTE_128d_256x4_8ed1,,684,train_loss,0.00882099226465543,COSETTE_128d_256x4_8ed1,4yqz7d4t
cosette,COSETTE_128d_256x4_8ed1,,684,lr,0.000415,COSETTE_128d_256x4_8ed1,4yqz7d4t
cosette,COSETTE_128d_256x4_8ed1,,685,train_loss,0.008822064913755697,COSETTE_128d_256x4_8ed1,4yqz7d4t
cosette,COSETTE_128d_256x4_8ed1,,685,lr,0.0004140000000000001,COSETTE_128d_256x4_8ed1,4yqz7d4t
cosette,COSETTE_128d_256x4_8ed1,,686,train_loss,0.008822564913375347,COSETTE_128d_256x4_8ed1,4yqz7d4t
cosette,COSETTE_128d_256x4_8ed1,,686,lr,0.00041300000000000006,COSETTE_128d_256x4_8ed1,4yqz7d4t
cosette,COSETTE_128d_256x4_8ed1,,687,train_loss,0.008821401054964218,COSETTE_128d_256x4_8ed1,4yqz7d4t
cosette,COSETTE_128d_256x4_8ed1,,687,lr,0.00041200000000000004,COSETTE_128d_256x4_8ed1,4yqz7d4t
cosette,COSETTE_128d_256x4_8ed1,,688,train_loss,0.0088255396045798,COSETTE_128d_256x4_8ed1,4yqz7d4t
cosette,COSETTE_128d_256x4_8ed1,,688,lr,0.000411,COSETTE_128d_256x4_8ed1,4yqz7d4t
cosette,COSETTE_128d_256x4_8ed1,,689,train_loss,0.008812172345066671,COSETTE_128d_256x4_8ed1,4yqz7d4t
cosette,COSETTE_128d_256x4_8ed1,,689,lr,0.0004100000000000001,COSETTE_128d_256x4_8ed1,4yqz7d4t
cosette,COSETTE_128d_256x4_8ed1,,690,train_loss,0.008824515096146426,COSETTE_128d_256x4_8ed1,4yqz7d4t
cosette,COSETTE_128d_256x4_8ed1,,690,lr,0.0004090000000000001,COSETTE_128d_256x4_8ed1,4yqz7d4t
cosette,COSETTE_128d_256x4_8ed1,,691,train_loss,0.008819189606060224,COSETTE_128d_256x4_8ed1,4yqz7d4t
cosette,COSETTE_128d_256x4_8ed1,,691,lr,0.00040800000000000005,COSETTE_128d_256x4_8ed1,4yqz7d4t
cosette,COSETTE_128d_256x4_8ed1,,692,train_loss,0.00884511443726022,COSETTE_128d_256x4_8ed1,4yqz7d4t
cosette,COSETTE_128d_256x4_8ed1,,692,lr,0.000407,COSETTE_128d_256x4_8ed1,4yqz7d4t
cosette,COSETTE_128d_256x4_8ed1,,693,train_loss,0.008835311684248262,COSETTE_128d_256x4_8ed1,4yqz7d4t
cosette,COSETTE_128d_256x4_8ed1,,693,lr,0.000406,COSETTE_128d_256x4_8ed1,4yqz7d4t
cosette,COSETTE_128d_256x4_8ed1,,694,train_loss,0.0088546392005339,COSETTE_128d_256x4_8ed1,4yqz7d4t
cosette,COSETTE_128d_256x4_8ed1,,694,lr,0.0004050000000000001,COSETTE_128d_256x4_8ed1,4yqz7d4t
cosette,COSETTE_128d_256x4_8ed1,,695,train_loss,0.008840276229885414,COSETTE_128d_256x4_8ed1,4yqz7d4t
cosette,COSETTE_128d_256x4_8ed1,,695,lr,0.00040400000000000006,COSETTE_128d_256x4_8ed1,4yqz7d4t
cosette,COSETTE_128d_256x4_8ed1,,696,train_loss,0.008825542793857109,COSETTE_128d_256x4_8ed1,4yqz7d4t
cosette,COSETTE_128d_256x4_8ed1,,696,lr,0.00040300000000000004,COSETTE_128d_256x4_8ed1,4yqz7d4t
cosette,COSETTE_128d_256x4_8ed1,,697,train_loss,0.008832139921166911,COSETTE_128d_256x4_8ed1,4yqz7d4t
cosette,COSETTE_128d_256x4_8ed1,,697,lr,0.000402,COSETTE_128d_256x4_8ed1,4yqz7d4t
cosette,COSETTE_128d_256x4_8ed1,,698,train_loss,0.008840541576417235,COSETTE_128d_256x4_8ed1,4yqz7d4t
cosette,COSETTE_128d_256x4_8ed1,,698,lr,0.0004010000000000001,COSETTE_128d_256x4_8ed1,4yqz7d4t
cosette,COSETTE_128d_256x4_8ed1,,699,train_loss,0.008827748875931012,COSETTE_128d_256x4_8ed1,4yqz7d4t
cosette,COSETTE_128d_256x4_8ed1,,699,lr,0.0004000000000000001,COSETTE_128d_256x4_8ed1,4yqz7d4t
cosette,COSETTE_128d_256x4_8ed1,,699,collision_rate,0.006700441248570028,COSETTE_128d_256x4_8ed1,4yqz7d4t
cosette,COSETTE_128d_256x4_8ed1,,699,mean_collisions,1.0067456400131622,COSETTE_128d_256x4_8ed1,4yqz7d4t
cosette,COSETTE_128d_256x4_8ed1,,699,max_collisions,14.0,COSETTE_128d_256x4_8ed1,4yqz7d4t
cosette,COSETTE_128d_256x4_8ed1,,700,train_loss,0.008857902514634374,COSETTE_128d_256x4_8ed1,4yqz7d4t
cosette,COSETTE_128d_256x4_8ed1,,700,lr,0.00039900000000000005,COSETTE_128d_256x4_8ed1,4yqz7d4t
cosette,COSETTE_128d_256x4_8ed1,,701,train_loss,0.008823959284173932,COSETTE_128d_256x4_8ed1,4yqz7d4t
cosette,COSETTE_128d_256x4_8ed1,,701,lr,0.000398,COSETTE_128d_256x4_8ed1,4yqz7d4t
cosette,COSETTE_128d_256x4_8ed1,,702,train_loss,0.008826193661033679,COSETTE_128d_256x4_8ed1,4yqz7d4t
cosette,COSETTE_128d_256x4_8ed1,,702,lr,0.000397,COSETTE_128d_256x4_8ed1,4yqz7d4t
cosette,COSETTE_128d_256x4_8ed1,,703,train_loss,0.00880896267246643,COSETTE_128d_256x4_8ed1,4yqz7d4t
cosette,COSETTE_128d_256x4_8ed1,,703,lr,0.0003960000000000001,COSETTE_128d_256x4_8ed1,4yqz7d4t
cosette,COSETTE_128d_256x4_8ed1,,704,train_loss,0.008837671849957042,COSETTE_128d_256x4_8ed1,4yqz7d4t
cosette,COSETTE_128d_256x4_8ed1,,704,lr,0.00039500000000000006,COSETTE_128d_256x4_8ed1,4yqz7d4t
cosette,COSETTE_128d_256x4_8ed1,,705,train_loss,0.00886201264886118,COSETTE_128d_256x4_8ed1,4yqz7d4t
cosette,COSETTE_128d_256x4_8ed1,,705,lr,0.00039400000000000004,COSETTE_128d_256x4_8ed1,4yqz7d4t
cosette,COSETTE_128d_256x4_8ed1,,706,train_loss,0.008846280560326238,COSETTE_128d_256x4_8ed1,4yqz7d4t
cosette,COSETTE_128d_256x4_8ed1,,706,lr,0.000393,COSETTE_128d_256x4_8ed1,4yqz7d4t
cosette,COSETTE_128d_256x4_8ed1,,707,train_loss,0.00884905744263594,COSETTE_128d_256x4_8ed1,4yqz7d4t
cosette,COSETTE_128d_256x4_8ed1,,707,lr,0.0003920000000000001,COSETTE_128d_256x4_8ed1,4yqz7d4t
cosette,COSETTE_128d_256x4_8ed1,,708,train_loss,0.008823870460120894,COSETTE_128d_256x4_8ed1,4yqz7d4t
cosette,COSETTE_128d_256x4_8ed1,,708,lr,0.00039100000000000007,COSETTE_128d_256x4_8ed1,4yqz7d4t
cosette,COSETTE_128d_256x4_8ed1,,709,train_loss,0.008822212498233041,COSETTE_128d_256x4_8ed1,4yqz7d4t
cosette,COSETTE_128d_256x4_8ed1,,709,lr,0.00039000000000000005,COSETTE_128d_256x4_8ed1,4yqz7d4t
cosette,COSETTE_128d_256x4_8ed1,,710,train_loss,0.00883851300844615,COSETTE_128d_256x4_8ed1,4yqz7d4t
cosette,COSETTE_128d_256x4_8ed1,,710,lr,0.000389,COSETTE_128d_256x4_8ed1,4yqz7d4t
cosette,COSETTE_128d_256x4_8ed1,,711,train_loss,0.00884813405975378,COSETTE_128d_256x4_8ed1,4yqz7d4t
cosette,COSETTE_128d_256x4_8ed1,,711,lr,0.000388,COSETTE_128d_256x4_8ed1,4yqz7d4t
cosette,COSETTE_128d_256x4_8ed1,,712,train_loss,0.00883684222244745,COSETTE_128d_256x4_8ed1,4yqz7d4t
cosette,COSETTE_128d_256x4_8ed1,,712,lr,0.0003870000000000001,COSETTE_128d_256x4_8ed1,4yqz7d4t
cosette,COSETTE_128d_256x4_8ed1,,713,train_loss,0.008842351792795623,COSETTE_128d_256x4_8ed1,4yqz7d4t
cosette,COSETTE_128d_256x4_8ed1,,713,lr,0.00038600000000000006,COSETTE_128d_256x4_8ed1,4yqz7d4t
cosette,COSETTE_128d_256x4_8ed1,,714,train_loss,0.008836264165935758,COSETTE_128d_256x4_8ed1,4yqz7d4t
cosette,COSETTE_128d_256x4_8ed1,,714,lr,0.00038500000000000003,COSETTE_128d_256x4_8ed1,4yqz7d4t
cosette,COSETTE_128d_256x4_8ed1,,715,train_loss,0.008829926984826871,COSETTE_128d_256x4_8ed1,4yqz7d4t
cosette,COSETTE_128d_256x4_8ed1,,715,lr,0.000384,COSETTE_128d_256x4_8ed1,4yqz7d4t
cosette,COSETTE_128d_256x4_8ed1,,716,train_loss,0.008851128449435716,COSETTE_128d_256x4_8ed1,4yqz7d4t
cosette,COSETTE_128d_256x4_8ed1,,716,lr,0.0003830000000000001,COSETTE_128d_256x4_8ed1,4yqz7d4t
cosette,COSETTE_128d_256x4_8ed1,,717,train_loss,0.008826386900417666,COSETTE_128d_256x4_8ed1,4yqz7d4t
cosette,COSETTE_128d_256x4_8ed1,,717,lr,0.00038200000000000007,COSETTE_128d_256x4_8ed1,4yqz7d4t
cosette,COSETTE_128d_256x4_8ed1,,718,train_loss,0.008857743191472492,COSETTE_128d_256x4_8ed1,4yqz7d4t
cosette,COSETTE_128d_256x4_8ed1,,718,lr,0.00038100000000000005,COSETTE_128d_256x4_8ed1,4yqz7d4t
cosette,COSETTE_128d_256x4_8ed1,,719,train_loss,0.008866045168406667,COSETTE_128d_256x4_8ed1,4yqz7d4t
cosette,COSETTE_128d_256x4_8ed1,,719,lr,0.00038,COSETTE_128d_256x4_8ed1,4yqz7d4t
cosette,COSETTE_128d_256x4_8ed1,,720,train_loss,0.008862419201315738,COSETTE_128d_256x4_8ed1,4yqz7d4t
cosette,COSETTE_128d_256x4_8ed1,,720,lr,0.000379,COSETTE_128d_256x4_8ed1,4yqz7d4t
cosette,COSETTE_128d_256x4_8ed1,,721,train_loss,0.008836864353083878,COSETTE_128d_256x4_8ed1,4yqz7d4t
cosette,COSETTE_128d_256x4_8ed1,,721,lr,0.0003780000000000001,COSETTE_128d_256x4_8ed1,4yqz7d4t
cosette,COSETTE_128d_256x4_8ed1,,722,train_loss,0.008843384575929572,COSETTE_128d_256x4_8ed1,4yqz7d4t
cosette,COSETTE_128d_256x4_8ed1,,722,lr,0.00037700000000000006,COSETTE_128d_256x4_8ed1,4yqz7d4t
cosette,COSETTE_128d_256x4_8ed1,,723,train_loss,0.008835000280800054,COSETTE_128d_256x4_8ed1,4yqz7d4t
cosette,COSETTE_128d_256x4_8ed1,,723,lr,0.00037600000000000003,COSETTE_128d_256x4_8ed1,4yqz7d4t
cosette,COSETTE_128d_256x4_8ed1,,724,train_loss,0.008843434679744057,COSETTE_128d_256x4_8ed1,4yqz7d4t
cosette,COSETTE_128d_256x4_8ed1,,724,lr,0.000375,COSETTE_128d_256x4_8ed1,4yqz7d4t
cosette,COSETTE_128d_256x4_8ed1,,725,train_loss,0.008851454975150469,COSETTE_128d_256x4_8ed1,4yqz7d4t
cosette,COSETTE_128d_256x4_8ed1,,725,lr,0.0003740000000000001,COSETTE_128d_256x4_8ed1,4yqz7d4t
cosette,COSETTE_128d_256x4_8ed1,,726,train_loss,0.008840112504716825,COSETTE_128d_256x4_8ed1,4yqz7d4t
cosette,COSETTE_128d_256x4_8ed1,,726,lr,0.00037300000000000007,COSETTE_128d_256x4_8ed1,4yqz7d4t
cosette,COSETTE_128d_256x4_8ed1,,727,train_loss,0.008855823300135651,COSETTE_128d_256x4_8ed1,4yqz7d4t
cosette,COSETTE_128d_256x4_8ed1,,727,lr,0.00037200000000000004,COSETTE_128d_256x4_8ed1,4yqz7d4t
cosette,COSETTE_128d_256x4_8ed1,,728,train_loss,0.008853527335383051,COSETTE_128d_256x4_8ed1,4yqz7d4t
cosette,COSETTE_128d_256x4_8ed1,,728,lr,0.000371,COSETTE_128d_256x4_8ed1,4yqz7d4t
cosette,COSETTE_128d_256x4_8ed1,,729,train_loss,0.008841181455327455,COSETTE_128d_256x4_8ed1,4yqz7d4t
cosette,COSETTE_128d_256x4_8ed1,,729,lr,0.0003700000000000001,COSETTE_128d_256x4_8ed1,4yqz7d4t
cosette,COSETTE_128d_256x4_8ed1,,730,train_loss,0.008848083788435232,COSETTE_128d_256x4_8ed1,4yqz7d4t
cosette,COSETTE_128d_256x4_8ed1,,730,lr,0.0003690000000000001,COSETTE_128d_256x4_8ed1,4yqz7d4t
cosette,COSETTE_128d_256x4_8ed1,,731,train_loss,0.00884472827339987,COSETTE_128d_256x4_8ed1,4yqz7d4t
cosette,COSETTE_128d_256x4_8ed1,,731,lr,0.00036800000000000005,COSETTE_128d_256x4_8ed1,4yqz7d4t
cosette,COSETTE_128d_256x4_8ed1,,732,train_loss,0.008873511333581349,COSETTE_128d_256x4_8ed1,4yqz7d4t
cosette,COSETTE_128d_256x4_8ed1,,732,lr,0.00036700000000000003,COSETTE_128d_256x4_8ed1,4yqz7d4t
cosette,COSETTE_128d_256x4_8ed1,,733,train_loss,0.008857924504567393,COSETTE_128d_256x4_8ed1,4yqz7d4t
cosette,COSETTE_128d_256x4_8ed1,,733,lr,0.000366,COSETTE_128d_256x4_8ed1,4yqz7d4t
cosette,COSETTE_128d_256x4_8ed1,,734,train_loss,0.00885297567751125,COSETTE_128d_256x4_8ed1,4yqz7d4t
cosette,COSETTE_128d_256x4_8ed1,,734,lr,0.0003650000000000001,COSETTE_128d_256x4_8ed1,4yqz7d4t
cosette,COSETTE_128d_256x4_8ed1,,735,train_loss,0.008859129689580246,COSETTE_128d_256x4_8ed1,4yqz7d4t
cosette,COSETTE_128d_256x4_8ed1,,735,lr,0.00036400000000000007,COSETTE_128d_256x4_8ed1,4yqz7d4t
cosette,COSETTE_128d_256x4_8ed1,,736,train_loss,0.008812259896088843,COSETTE_128d_256x4_8ed1,4yqz7d4t
cosette,COSETTE_128d_256x4_8ed1,,736,lr,0.00036300000000000004,COSETTE_128d_256x4_8ed1,4yqz7d4t
cosette,COSETTE_128d_256x4_8ed1,,737,train_loss,0.00885801230349558,COSETTE_128d_256x4_8ed1,4yqz7d4t
cosette,COSETTE_128d_256x4_8ed1,,737,lr,0.000362,COSETTE_128d_256x4_8ed1,4yqz7d4t
cosette,COSETTE_128d_256x4_8ed1,,738,train_loss,0.00886348582026984,COSETTE_128d_256x4_8ed1,4yqz7d4t
cosette,COSETTE_128d_256x4_8ed1,,738,lr,0.0003610000000000001,COSETTE_128d_256x4_8ed1,4yqz7d4t
cosette,COSETTE_128d_256x4_8ed1,,739,train_loss,0.008875428759258428,COSETTE_128d_256x4_8ed1,4yqz7d4t
cosette,COSETTE_128d_256x4_8ed1,,739,lr,0.0003600000000000001,COSETTE_128d_256x4_8ed1,4yqz7d4t
cosette,COSETTE_128d_256x4_8ed1,,740,train_loss,0.008863037291297806,COSETTE_128d_256x4_8ed1,4yqz7d4t
cosette,COSETTE_128d_256x4_8ed1,,740,lr,0.00035900000000000005,COSETTE_128d_256x4_8ed1,4yqz7d4t
cosette,COSETTE_128d_256x4_8ed1,,741,train_loss,0.008877938955003835,COSETTE_128d_256x4_8ed1,4yqz7d4t
cosette,COSETTE_128d_256x4_8ed1,,741,lr,0.00035800000000000003,COSETTE_128d_256x4_8ed1,4yqz7d4t
cosette,COSETTE_128d_256x4_8ed1,,742,train_loss,0.008867190855977343,COSETTE_128d_256x4_8ed1,4yqz7d4t
cosette,COSETTE_128d_256x4_8ed1,,742,lr,0.000357,COSETTE_128d_256x4_8ed1,4yqz7d4t
cosette,COSETTE_128d_256x4_8ed1,,743,train_loss,0.008846228285659128,COSETTE_128d_256x4_8ed1,4yqz7d4t
cosette,COSETTE_128d_256x4_8ed1,,743,lr,0.0003560000000000001,COSETTE_128d_256x4_8ed1,4yqz7d4t
cosette,COSETTE_128d_256x4_8ed1,,744,train_loss,0.008868228811636675,COSETTE_128d_256x4_8ed1,4yqz7d4t
cosette,COSETTE_128d_256x4_8ed1,,744,lr,0.00035500000000000006,COSETTE_128d_256x4_8ed1,4yqz7d4t
cosette,COSETTE_128d_256x4_8ed1,,745,train_loss,0.00886091551066732,COSETTE_128d_256x4_8ed1,4yqz7d4t
cosette,COSETTE_128d_256x4_8ed1,,745,lr,0.00035400000000000004,COSETTE_128d_256x4_8ed1,4yqz7d4t
cosette,COSETTE_128d_256x4_8ed1,,746,train_loss,0.008851284141109575,COSETTE_128d_256x4_8ed1,4yqz7d4t
cosette,COSETTE_128d_256x4_8ed1,,746,lr,0.000353,COSETTE_128d_256x4_8ed1,4yqz7d4t
cosette,COSETTE_128d_256x4_8ed1,,747,train_loss,0.008834486706651368,COSETTE_128d_256x4_8ed1,4yqz7d4t
cosette,COSETTE_128d_256x4_8ed1,,747,lr,0.0003520000000000001,COSETTE_128d_256x4_8ed1,4yqz7d4t
cosette,COSETTE_128d_256x4_8ed1,,748,train_loss,0.00885075822526173,COSETTE_128d_256x4_8ed1,4yqz7d4t
cosette,COSETTE_128d_256x4_8ed1,,748,lr,0.0003510000000000001,COSETTE_128d_256x4_8ed1,4yqz7d4t
cosette,COSETTE_128d_256x4_8ed1,,749,train_loss,0.008840173764301715,COSETTE_128d_256x4_8ed1,4yqz7d4t
cosette,COSETTE_128d_256x4_8ed1,,749,lr,0.00035000000000000005,COSETTE_128d_256x4_8ed1,4yqz7d4t
cosette,COSETTE_128d_256x4_8ed1,,750,train_loss,0.008854108748676105,COSETTE_128d_256x4_8ed1,4yqz7d4t
cosette,COSETTE_128d_256x4_8ed1,,750,lr,0.000349,COSETTE_128d_256x4_8ed1,4yqz7d4t
cosette,COSETTE_128d_256x4_8ed1,,751,train_loss,0.00883145576758351,COSETTE_128d_256x4_8ed1,4yqz7d4t
cosette,COSETTE_128d_256x4_8ed1,,751,lr,0.000348,COSETTE_128d_256x4_8ed1,4yqz7d4t
cosette,COSETTE_128d_256x4_8ed1,,752,train_loss,0.008838851735156646,COSETTE_128d_256x4_8ed1,4yqz7d4t
cosette,COSETTE_128d_256x4_8ed1,,752,lr,0.0003470000000000001,COSETTE_128d_256x4_8ed1,4yqz7d4t
cosette,COSETTE_128d_256x4_8ed1,,753,train_loss,0.008854891964160711,COSETTE_128d_256x4_8ed1,4yqz7d4t
cosette,COSETTE_128d_256x4_8ed1,,753,lr,0.00034600000000000006,COSETTE_128d_256x4_8ed1,4yqz7d4t
cosette,COSETTE_128d_256x4_8ed1,,754,train_loss,0.008851165655437563,COSETTE_128d_256x4_8ed1,4yqz7d4t
cosette,COSETTE_128d_256x4_8ed1,,754,lr,0.00034500000000000004,COSETTE_128d_256x4_8ed1,4yqz7d4t
cosette,COSETTE_128d_256x4_8ed1,,755,train_loss,0.008826960923431592,COSETTE_128d_256x4_8ed1,4yqz7d4t
cosette,COSETTE_128d_256x4_8ed1,,755,lr,0.000344,COSETTE_128d_256x4_8ed1,4yqz7d4t
cosette,COSETTE_128d_256x4_8ed1,,756,train_loss,0.008855465136254006,COSETTE_128d_256x4_8ed1,4yqz7d4t
cosette,COSETTE_128d_256x4_8ed1,,756,lr,0.0003430000000000001,COSETTE_128d_256x4_8ed1,4yqz7d4t
cosette,COSETTE_128d_256x4_8ed1,,757,train_loss,0.008846316359293975,COSETTE_128d_256x4_8ed1,4yqz7d4t
cosette,COSETTE_128d_256x4_8ed1,,757,lr,0.0003420000000000001,COSETTE_128d_256x4_8ed1,4yqz7d4t
cosette,COSETTE_128d_256x4_8ed1,,758,train_loss,0.008859224731383997,COSETTE_128d_256x4_8ed1,4yqz7d4t
cosette,COSETTE_128d_256x4_8ed1,,758,lr,0.00034100000000000005,COSETTE_128d_256x4_8ed1,4yqz7d4t
cosette,COSETTE_128d_256x4_8ed1,,759,train_loss,0.008868268175090819,COSETTE_128d_256x4_8ed1,4yqz7d4t
cosette,COSETTE_128d_256x4_8ed1,,759,lr,0.00034,COSETTE_128d_256x4_8ed1,4yqz7d4t
cosette,COSETTE_128d_256x4_8ed1,,760,train_loss,0.008882691654905999,COSETTE_128d_256x4_8ed1,4yqz7d4t
cosette,COSETTE_128d_256x4_8ed1,,760,lr,0.000339,COSETTE_128d_256x4_8ed1,4yqz7d4t
cosette,COSETTE_128d_256x4_8ed1,,761,train_loss,0.008871227509523039,COSETTE_128d_256x4_8ed1,4yqz7d4t
cosette,COSETTE_128d_256x4_8ed1,,761,lr,0.0003380000000000001,COSETTE_128d_256x4_8ed1,4yqz7d4t
cosette,COSETTE_128d_256x4_8ed1,,762,train_loss,0.00885871105003271,COSETTE_128d_256x4_8ed1,4yqz7d4t
cosette,COSETTE_128d_256x4_8ed1,,762,lr,0.00033700000000000006,COSETTE_128d_256x4_8ed1,4yqz7d4t
cosette,COSETTE_128d_256x4_8ed1,,763,train_loss,0.008852655429848663,COSETTE_128d_256x4_8ed1,4yqz7d4t
cosette,COSETTE_128d_256x4_8ed1,,763,lr,0.00033600000000000004,COSETTE_128d_256x4_8ed1,4yqz7d4t
cosette,COSETTE_128d_256x4_8ed1,,764,train_loss,0.008869028784227458,COSETTE_128d_256x4_8ed1,4yqz7d4t
cosette,COSETTE_128d_256x4_8ed1,,764,lr,0.000335,COSETTE_128d_256x4_8ed1,4yqz7d4t
cosette,COSETTE_128d_256x4_8ed1,,765,train_loss,0.00887559904388601,COSETTE_128d_256x4_8ed1,4yqz7d4t
cosette,COSETTE_128d_256x4_8ed1,,765,lr,0.0003340000000000001,COSETTE_128d_256x4_8ed1,4yqz7d4t
cosette,COSETTE_128d_256x4_8ed1,,766,train_loss,0.008862161064158668,COSETTE_128d_256x4_8ed1,4yqz7d4t
cosette,COSETTE_128d_256x4_8ed1,,766,lr,0.00033300000000000007,COSETTE_128d_256x4_8ed1,4yqz7d4t
cosette,COSETTE_128d_256x4_8ed1,,767,train_loss,0.008856617590988707,COSETTE_128d_256x4_8ed1,4yqz7d4t
cosette,COSETTE_128d_256x4_8ed1,,767,lr,0.00033200000000000005,COSETTE_128d_256x4_8ed1,4yqz7d4t
cosette,COSETTE_128d_256x4_8ed1,,768,train_loss,0.00886396524369073,COSETTE_128d_256x4_8ed1,4yqz7d4t
cosette,COSETTE_128d_256x4_8ed1,,768,lr,0.000331,COSETTE_128d_256x4_8ed1,4yqz7d4t
cosette,COSETTE_128d_256x4_8ed1,,769,train_loss,0.008881555260460586,COSETTE_128d_256x4_8ed1,4yqz7d4t
cosette,COSETTE_128d_256x4_8ed1,,769,lr,0.00033,COSETTE_128d_256x4_8ed1,4yqz7d4t
cosette,COSETTE_128d_256x4_8ed1,,770,train_loss,0.008864765658492237,COSETTE_128d_256x4_8ed1,4yqz7d4t
cosette,COSETTE_128d_256x4_8ed1,,770,lr,0.0003290000000000001,COSETTE_128d_256x4_8ed1,4yqz7d4t
cosette,COSETTE_128d_256x4_8ed1,,771,train_loss,0.008862824373536825,COSETTE_128d_256x4_8ed1,4yqz7d4t
cosette,COSETTE_128d_256x4_8ed1,,771,lr,0.00032800000000000006,COSETTE_128d_256x4_8ed1,4yqz7d4t
cosette,COSETTE_128d_256x4_8ed1,,772,train_loss,0.008866805308531947,COSETTE_128d_256x4_8ed1,4yqz7d4t
cosette,COSETTE_128d_256x4_8ed1,,772,lr,0.00032700000000000003,COSETTE_128d_256x4_8ed1,4yqz7d4t
cosette,COSETTE_128d_256x4_8ed1,,773,train_loss,0.008875207218388432,COSETTE_128d_256x4_8ed1,4yqz7d4t
cosette,COSETTE_128d_256x4_8ed1,,773,lr,0.000326,COSETTE_128d_256x4_8ed1,4yqz7d4t
cosette,COSETTE_128d_256x4_8ed1,,774,train_loss,0.008865695453429821,COSETTE_128d_256x4_8ed1,4yqz7d4t
cosette,COSETTE_128d_256x4_8ed1,,774,lr,0.0003250000000000001,COSETTE_128d_256x4_8ed1,4yqz7d4t
cosette,COSETTE_128d_256x4_8ed1,,775,train_loss,0.008862822638194767,COSETTE_128d_256x4_8ed1,4yqz7d4t
cosette,COSETTE_128d_256x4_8ed1,,775,lr,0.00032400000000000007,COSETTE_128d_256x4_8ed1,4yqz7d4t
cosette,COSETTE_128d_256x4_8ed1,,776,train_loss,0.008864504412459815,COSETTE_128d_256x4_8ed1,4yqz7d4t
cosette,COSETTE_128d_256x4_8ed1,,776,lr,0.00032300000000000004,COSETTE_128d_256x4_8ed1,4yqz7d4t
cosette,COSETTE_128d_256x4_8ed1,,777,train_loss,0.00886811607470401,COSETTE_128d_256x4_8ed1,4yqz7d4t
cosette,COSETTE_128d_256x4_8ed1,,777,lr,0.000322,COSETTE_128d_256x4_8ed1,4yqz7d4t
cosette,COSETTE_128d_256x4_8ed1,,778,train_loss,0.008857414937115834,COSETTE_128d_256x4_8ed1,4yqz7d4t
cosette,COSETTE_128d_256x4_8ed1,,778,lr,0.0003210000000000001,COSETTE_128d_256x4_8ed1,4yqz7d4t
cosette,COSETTE_128d_256x4_8ed1,,779,train_loss,0.008875314166380772,COSETTE_128d_256x4_8ed1,4yqz7d4t
cosette,COSETTE_128d_256x4_8ed1,,779,lr,0.0003200000000000001,COSETTE_128d_256x4_8ed1,4yqz7d4t
cosette,COSETTE_128d_256x4_8ed1,,780,train_loss,0.008854720808512014,COSETTE_128d_256x4_8ed1,4yqz7d4t
cosette,COSETTE_128d_256x4_8ed1,,780,lr,0.00031900000000000006,COSETTE_128d_256x4_8ed1,4yqz7d4t
cosette,COSETTE_128d_256x4_8ed1,,781,train_loss,0.008857918126012781,COSETTE_128d_256x4_8ed1,4yqz7d4t
cosette,COSETTE_128d_256x4_8ed1,,781,lr,0.00031800000000000003,COSETTE_128d_256x4_8ed1,4yqz7d4t
cosette,COSETTE_128d_256x4_8ed1,,782,train_loss,0.008855586201488543,COSETTE_128d_256x4_8ed1,4yqz7d4t
cosette,COSETTE_128d_256x4_8ed1,,782,lr,0.000317,COSETTE_128d_256x4_8ed1,4yqz7d4t
cosette,COSETTE_128d_256x4_8ed1,,783,train_loss,0.008837577880179278,COSETTE_128d_256x4_8ed1,4yqz7d4t
cosette,COSETTE_128d_256x4_8ed1,,783,lr,0.0003160000000000001,COSETTE_128d_256x4_8ed1,4yqz7d4t
cosette,COSETTE_128d_256x4_8ed1,,784,train_loss,0.008876157489022339,COSETTE_128d_256x4_8ed1,4yqz7d4t
cosette,COSETTE_128d_256x4_8ed1,,784,lr,0.00031500000000000007,COSETTE_128d_256x4_8ed1,4yqz7d4t
cosette,COSETTE_128d_256x4_8ed1,,785,train_loss,0.00886735989437472,COSETTE_128d_256x4_8ed1,4yqz7d4t
cosette,COSETTE_128d_256x4_8ed1,,785,lr,0.00031400000000000004,COSETTE_128d_256x4_8ed1,4yqz7d4t
cosette,COSETTE_128d_256x4_8ed1,,786,train_loss,0.008875315271907576,COSETTE_128d_256x4_8ed1,4yqz7d4t
cosette,COSETTE_128d_256x4_8ed1,,786,lr,0.000313,COSETTE_128d_256x4_8ed1,4yqz7d4t
cosette,COSETTE_128d_256x4_8ed1,,787,train_loss,0.008881203434932577,COSETTE_128d_256x4_8ed1,4yqz7d4t
cosette,COSETTE_128d_256x4_8ed1,,787,lr,0.0003120000000000001,COSETTE_128d_256x4_8ed1,4yqz7d4t
cosette,COSETTE_128d_256x4_8ed1,,788,train_loss,0.00886596294401361,COSETTE_128d_256x4_8ed1,4yqz7d4t
cosette,COSETTE_128d_256x4_8ed1,,788,lr,0.0003110000000000001,COSETTE_128d_256x4_8ed1,4yqz7d4t
cosette,COSETTE_128d_256x4_8ed1,,789,train_loss,0.008872533605681906,COSETTE_128d_256x4_8ed1,4yqz7d4t
cosette,COSETTE_128d_256x4_8ed1,,789,lr,0.00031000000000000005,COSETTE_128d_256x4_8ed1,4yqz7d4t
cosette,COSETTE_128d_256x4_8ed1,,790,train_loss,0.008849082695548056,COSETTE_128d_256x4_8ed1,4yqz7d4t
cosette,COSETTE_128d_256x4_8ed1,,790,lr,0.00030900000000000003,COSETTE_128d_256x4_8ed1,4yqz7d4t
cosette,COSETTE_128d_256x4_8ed1,,791,train_loss,0.008865169162372896,COSETTE_128d_256x4_8ed1,4yqz7d4t
cosette,COSETTE_128d_256x4_8ed1,,791,lr,0.000308,COSETTE_128d_256x4_8ed1,4yqz7d4t
cosette,COSETTE_128d_256x4_8ed1,,792,train_loss,0.00886658096699406,COSETTE_128d_256x4_8ed1,4yqz7d4t
cosette,COSETTE_128d_256x4_8ed1,,792,lr,0.0003070000000000001,COSETTE_128d_256x4_8ed1,4yqz7d4t
cosette,COSETTE_128d_256x4_8ed1,,793,train_loss,0.008862720353515458,COSETTE_128d_256x4_8ed1,4yqz7d4t
cosette,COSETTE_128d_256x4_8ed1,,793,lr,0.00030600000000000007,COSETTE_128d_256x4_8ed1,4yqz7d4t
cosette,COSETTE_128d_256x4_8ed1,,794,train_loss,0.008881990523111043,COSETTE_128d_256x4_8ed1,4yqz7d4t
cosette,COSETTE_128d_256x4_8ed1,,794,lr,0.00030500000000000004,COSETTE_128d_256x4_8ed1,4yqz7d4t
cosette,COSETTE_128d_256x4_8ed1,,795,train_loss,0.008875931170936545,COSETTE_128d_256x4_8ed1,4yqz7d4t
cosette,COSETTE_128d_256x4_8ed1,,795,lr,0.000304,COSETTE_128d_256x4_8ed1,4yqz7d4t
cosette,COSETTE_128d_256x4_8ed1,,796,train_loss,0.008877392074347828,COSETTE_128d_256x4_8ed1,4yqz7d4t
cosette,COSETTE_128d_256x4_8ed1,,796,lr,0.0003030000000000001,COSETTE_128d_256x4_8ed1,4yqz7d4t
cosette,COSETTE_128d_256x4_8ed1,,797,train_loss,0.008877619276855061,COSETTE_128d_256x4_8ed1,4yqz7d4t
cosette,COSETTE_128d_256x4_8ed1,,797,lr,0.0003020000000000001,COSETTE_128d_256x4_8ed1,4yqz7d4t
cosette,COSETTE_128d_256x4_8ed1,,798,train_loss,0.008865771218866326,COSETTE_128d_256x4_8ed1,4yqz7d4t
cosette,COSETTE_128d_256x4_8ed1,,798,lr,0.00030100000000000005,COSETTE_128d_256x4_8ed1,4yqz7d4t
cosette,COSETTE_128d_256x4_8ed1,,799,train_loss,0.008847797852304337,COSETTE_128d_256x4_8ed1,4yqz7d4t
cosette,COSETTE_128d_256x4_8ed1,,799,lr,0.00030000000000000003,COSETTE_128d_256x4_8ed1,4yqz7d4t
cosette,COSETTE_128d_256x4_8ed1,,799,collision_rate,0.006537015852263441,COSETTE_128d_256x4_8ed1,4yqz7d4t
cosette,COSETTE_128d_256x4_8ed1,,799,mean_collisions,1.0065800296101333,COSETTE_128d_256x4_8ed1,4yqz7d4t
cosette,COSETTE_128d_256x4_8ed1,,799,max_collisions,14.0,COSETTE_128d_256x4_8ed1,4yqz7d4t
cosette,COSETTE_128d_256x4_8ed1,,800,train_loss,0.00888289525944124,COSETTE_128d_256x4_8ed1,4yqz7d4t
cosette,COSETTE_128d_256x4_8ed1,,800,lr,0.000299,COSETTE_128d_256x4_8ed1,4yqz7d4t
cosette,COSETTE_128d_256x4_8ed1,,801,train_loss,0.008877591162973602,COSETTE_128d_256x4_8ed1,4yqz7d4t
cosette,COSETTE_128d_256x4_8ed1,,801,lr,0.0002980000000000001,COSETTE_128d_256x4_8ed1,4yqz7d4t
cosette,COSETTE_128d_256x4_8ed1,,802,train_loss,0.0088598266672745,COSETTE_128d_256x4_8ed1,4yqz7d4t
cosette,COSETTE_128d_256x4_8ed1,,802,lr,0.00029700000000000006,COSETTE_128d_256x4_8ed1,4yqz7d4t
cosette,COSETTE_128d_256x4_8ed1,,803,train_loss,0.008865433751786351,COSETTE_128d_256x4_8ed1,4yqz7d4t
cosette,COSETTE_128d_256x4_8ed1,,803,lr,0.00029600000000000004,COSETTE_128d_256x4_8ed1,4yqz7d4t
cosette,COSETTE_128d_256x4_8ed1,,804,train_loss,0.008886162808044351,COSETTE_128d_256x4_8ed1,4yqz7d4t
cosette,COSETTE_128d_256x4_8ed1,,804,lr,0.000295,COSETTE_128d_256x4_8ed1,4yqz7d4t
cosette,COSETTE_128d_256x4_8ed1,,805,train_loss,0.008861620046144767,COSETTE_128d_256x4_8ed1,4yqz7d4t
cosette,COSETTE_128d_256x4_8ed1,,805,lr,0.0002940000000000001,COSETTE_128d_256x4_8ed1,4yqz7d4t
cosette,COSETTE_128d_256x4_8ed1,,806,train_loss,0.008864176158103159,COSETTE_128d_256x4_8ed1,4yqz7d4t
cosette,COSETTE_128d_256x4_8ed1,,806,lr,0.0002930000000000001,COSETTE_128d_256x4_8ed1,4yqz7d4t
cosette,COSETTE_128d_256x4_8ed1,,807,train_loss,0.008887276703344405,COSETTE_128d_256x4_8ed1,4yqz7d4t
cosette,COSETTE_128d_256x4_8ed1,,807,lr,0.00029200000000000005,COSETTE_128d_256x4_8ed1,4yqz7d4t
cosette,COSETTE_128d_256x4_8ed1,,808,train_loss,0.008889318443834783,COSETTE_128d_256x4_8ed1,4yqz7d4t
cosette,COSETTE_128d_256x4_8ed1,,808,lr,0.000291,COSETTE_128d_256x4_8ed1,4yqz7d4t
cosette,COSETTE_128d_256x4_8ed1,,809,train_loss,0.00885904626585811,COSETTE_128d_256x4_8ed1,4yqz7d4t
cosette,COSETTE_128d_256x4_8ed1,,809,lr,0.00029,COSETTE_128d_256x4_8ed1,4yqz7d4t
cosette,COSETTE_128d_256x4_8ed1,,810,train_loss,0.008888061560368794,COSETTE_128d_256x4_8ed1,4yqz7d4t
cosette,COSETTE_128d_256x4_8ed1,,810,lr,0.0002890000000000001,COSETTE_128d_256x4_8ed1,4yqz7d4t
cosette,COSETTE_128d_256x4_8ed1,,811,train_loss,0.008895313775957482,COSETTE_128d_256x4_8ed1,4yqz7d4t
cosette,COSETTE_128d_256x4_8ed1,,811,lr,0.00028800000000000006,COSETTE_128d_256x4_8ed1,4yqz7d4t
cosette,COSETTE_128d_256x4_8ed1,,812,train_loss,0.00889977576921312,COSETTE_128d_256x4_8ed1,4yqz7d4t
cosette,COSETTE_128d_256x4_8ed1,,812,lr,0.00028700000000000004,COSETTE_128d_256x4_8ed1,4yqz7d4t
cosette,COSETTE_128d_256x4_8ed1,,813,train_loss,0.00886868770575995,COSETTE_128d_256x4_8ed1,4yqz7d4t
cosette,COSETTE_128d_256x4_8ed1,,813,lr,0.000286,COSETTE_128d_256x4_8ed1,4yqz7d4t
cosette,COSETTE_128d_256x4_8ed1,,814,train_loss,0.008881473652482461,COSETTE_128d_256x4_8ed1,4yqz7d4t
cosette,COSETTE_128d_256x4_8ed1,,814,lr,0.0002850000000000001,COSETTE_128d_256x4_8ed1,4yqz7d4t
cosette,COSETTE_128d_256x4_8ed1,,815,train_loss,0.00886066592961764,COSETTE_128d_256x4_8ed1,4yqz7d4t
cosette,COSETTE_128d_256x4_8ed1,,815,lr,0.00028400000000000007,COSETTE_128d_256x4_8ed1,4yqz7d4t
cosette,COSETTE_128d_256x4_8ed1,,816,train_loss,0.00888269405356414,COSETTE_128d_256x4_8ed1,4yqz7d4t
cosette,COSETTE_128d_256x4_8ed1,,816,lr,0.00028300000000000005,COSETTE_128d_256x4_8ed1,4yqz7d4t
cosette,COSETTE_128d_256x4_8ed1,,817,train_loss,0.008856954468454387,COSETTE_128d_256x4_8ed1,4yqz7d4t
cosette,COSETTE_128d_256x4_8ed1,,817,lr,0.000282,COSETTE_128d_256x4_8ed1,4yqz7d4t
cosette,COSETTE_128d_256x4_8ed1,,818,train_loss,0.008843198438717734,COSETTE_128d_256x4_8ed1,4yqz7d4t
cosette,COSETTE_128d_256x4_8ed1,,818,lr,0.000281,COSETTE_128d_256x4_8ed1,4yqz7d4t
cosette,COSETTE_128d_256x4_8ed1,,819,train_loss,0.008881194195408617,COSETTE_128d_256x4_8ed1,4yqz7d4t
cosette,COSETTE_128d_256x4_8ed1,,819,lr,0.0002800000000000001,COSETTE_128d_256x4_8ed1,4yqz7d4t
cosette,COSETTE_128d_256x4_8ed1,,820,train_loss,0.008858506152366137,COSETTE_128d_256x4_8ed1,4yqz7d4t
cosette,COSETTE_128d_256x4_8ed1,,820,lr,0.00027900000000000006,COSETTE_128d_256x4_8ed1,4yqz7d4t
cosette,COSETTE_128d_256x4_8ed1,,821,train_loss,0.008893637696830494,COSETTE_128d_256x4_8ed1,4yqz7d4t
cosette,COSETTE_128d_256x4_8ed1,,821,lr,0.00027800000000000004,COSETTE_128d_256x4_8ed1,4yqz7d4t
cosette,COSETTE_128d_256x4_8ed1,,822,train_loss,0.00889270263556525,COSETTE_128d_256x4_8ed1,4yqz7d4t
cosette,COSETTE_128d_256x4_8ed1,,822,lr,0.000277,COSETTE_128d_256x4_8ed1,4yqz7d4t
cosette,COSETTE_128d_256x4_8ed1,,823,train_loss,0.00888357428740039,COSETTE_128d_256x4_8ed1,4yqz7d4t
cosette,COSETTE_128d_256x4_8ed1,,823,lr,0.0002760000000000001,COSETTE_128d_256x4_8ed1,4yqz7d4t
cosette,COSETTE_128d_256x4_8ed1,,824,train_loss,0.008881760285430243,COSETTE_128d_256x4_8ed1,4yqz7d4t
cosette,COSETTE_128d_256x4_8ed1,,824,lr,0.00027500000000000007,COSETTE_128d_256x4_8ed1,4yqz7d4t
cosette,COSETTE_128d_256x4_8ed1,,825,train_loss,0.008873324760858963,COSETTE_128d_256x4_8ed1,4yqz7d4t
cosette,COSETTE_128d_256x4_8ed1,,825,lr,0.00027400000000000005,COSETTE_128d_256x4_8ed1,4yqz7d4t
cosette,COSETTE_128d_256x4_8ed1,,826,train_loss,0.00888557556561,COSETTE_128d_256x4_8ed1,4yqz7d4t
cosette,COSETTE_128d_256x4_8ed1,,826,lr,0.000273,COSETTE_128d_256x4_8ed1,4yqz7d4t
cosette,COSETTE_128d_256x4_8ed1,,827,train_loss,0.008887443148778923,COSETTE_128d_256x4_8ed1,4yqz7d4t
cosette,COSETTE_128d_256x4_8ed1,,827,lr,0.0002720000000000001,COSETTE_128d_256x4_8ed1,4yqz7d4t
cosette,COSETTE_128d_256x4_8ed1,,828,train_loss,0.008856126884494326,COSETTE_128d_256x4_8ed1,4yqz7d4t
cosette,COSETTE_128d_256x4_8ed1,,828,lr,0.0002710000000000001,COSETTE_128d_256x4_8ed1,4yqz7d4t
cosette,COSETTE_128d_256x4_8ed1,,829,train_loss,0.008857912960187566,COSETTE_128d_256x4_8ed1,4yqz7d4t
cosette,COSETTE_128d_256x4_8ed1,,829,lr,0.00027000000000000006,COSETTE_128d_256x4_8ed1,4yqz7d4t
cosette,COSETTE_128d_256x4_8ed1,,830,train_loss,0.00887193151568766,COSETTE_128d_256x4_8ed1,4yqz7d4t
cosette,COSETTE_128d_256x4_8ed1,,830,lr,0.00026900000000000003,COSETTE_128d_256x4_8ed1,4yqz7d4t
cosette,COSETTE_128d_256x4_8ed1,,831,train_loss,0.008872264587461088,COSETTE_128d_256x4_8ed1,4yqz7d4t
cosette,COSETTE_128d_256x4_8ed1,,831,lr,0.000268,COSETTE_128d_256x4_8ed1,4yqz7d4t
cosette,COSETTE_128d_256x4_8ed1,,832,train_loss,0.00887197922754416,COSETTE_128d_256x4_8ed1,4yqz7d4t
cosette,COSETTE_128d_256x4_8ed1,,832,lr,0.0002670000000000001,COSETTE_128d_256x4_8ed1,4yqz7d4t
cosette,COSETTE_128d_256x4_8ed1,,833,train_loss,0.008873320057344949,COSETTE_128d_256x4_8ed1,4yqz7d4t
cosette,COSETTE_128d_256x4_8ed1,,833,lr,0.00026600000000000007,COSETTE_128d_256x4_8ed1,4yqz7d4t
cosette,COSETTE_128d_256x4_8ed1,,834,train_loss,0.008890672204949013,COSETTE_128d_256x4_8ed1,4yqz7d4t
cosette,COSETTE_128d_256x4_8ed1,,834,lr,0.00026500000000000004,COSETTE_128d_256x4_8ed1,4yqz7d4t
cosette,COSETTE_128d_256x4_8ed1,,835,train_loss,0.008866504196533197,COSETTE_128d_256x4_8ed1,4yqz7d4t
cosette,COSETTE_128d_256x4_8ed1,,835,lr,0.000264,COSETTE_128d_256x4_8ed1,4yqz7d4t
cosette,COSETTE_128d_256x4_8ed1,,836,train_loss,0.008869211752262478,COSETTE_128d_256x4_8ed1,4yqz7d4t
cosette,COSETTE_128d_256x4_8ed1,,836,lr,0.0002630000000000001,COSETTE_128d_256x4_8ed1,4yqz7d4t
cosette,COSETTE_128d_256x4_8ed1,,837,train_loss,0.008875481476136244,COSETTE_128d_256x4_8ed1,4yqz7d4t
cosette,COSETTE_128d_256x4_8ed1,,837,lr,0.0002620000000000001,COSETTE_128d_256x4_8ed1,4yqz7d4t
cosette,COSETTE_128d_256x4_8ed1,,838,train_loss,0.008875906648342126,COSETTE_128d_256x4_8ed1,4yqz7d4t
cosette,COSETTE_128d_256x4_8ed1,,838,lr,0.00026100000000000006,COSETTE_128d_256x4_8ed1,4yqz7d4t
cosette,COSETTE_128d_256x4_8ed1,,839,train_loss,0.008885199793701545,COSETTE_128d_256x4_8ed1,4yqz7d4t
cosette,COSETTE_128d_256x4_8ed1,,839,lr,0.00026000000000000003,COSETTE_128d_256x4_8ed1,4yqz7d4t
cosette,COSETTE_128d_256x4_8ed1,,840,train_loss,0.008876955766472029,COSETTE_128d_256x4_8ed1,4yqz7d4t
cosette,COSETTE_128d_256x4_8ed1,,840,lr,0.000259,COSETTE_128d_256x4_8ed1,4yqz7d4t
cosette,COSETTE_128d_256x4_8ed1,,841,train_loss,0.008891197176073954,COSETTE_128d_256x4_8ed1,4yqz7d4t
cosette,COSETTE_128d_256x4_8ed1,,841,lr,0.0002580000000000001,COSETTE_128d_256x4_8ed1,4yqz7d4t
cosette,COSETTE_128d_256x4_8ed1,,842,train_loss,0.00887533937239175,COSETTE_128d_256x4_8ed1,4yqz7d4t
cosette,COSETTE_128d_256x4_8ed1,,842,lr,0.00025700000000000007,COSETTE_128d_256x4_8ed1,4yqz7d4t
cosette,COSETTE_128d_256x4_8ed1,,843,train_loss,0.008865481671347887,COSETTE_128d_256x4_8ed1,4yqz7d4t
cosette,COSETTE_128d_256x4_8ed1,,843,lr,0.00025600000000000004,COSETTE_128d_256x4_8ed1,4yqz7d4t
cosette,COSETTE_128d_256x4_8ed1,,844,train_loss,0.008867025696974,COSETTE_128d_256x4_8ed1,4yqz7d4t
cosette,COSETTE_128d_256x4_8ed1,,844,lr,0.000255,COSETTE_128d_256x4_8ed1,4yqz7d4t
cosette,COSETTE_128d_256x4_8ed1,,845,train_loss,0.008878229058635749,COSETTE_128d_256x4_8ed1,4yqz7d4t
cosette,COSETTE_128d_256x4_8ed1,,845,lr,0.0002540000000000001,COSETTE_128d_256x4_8ed1,4yqz7d4t
cosette,COSETTE_128d_256x4_8ed1,,846,train_loss,0.008906350028868628,COSETTE_128d_256x4_8ed1,4yqz7d4t
cosette,COSETTE_128d_256x4_8ed1,,846,lr,0.0002530000000000001,COSETTE_128d_256x4_8ed1,4yqz7d4t
cosette,COSETTE_128d_256x4_8ed1,,847,train_loss,0.008892382126596331,COSETTE_128d_256x4_8ed1,4yqz7d4t
cosette,COSETTE_128d_256x4_8ed1,,847,lr,0.00025200000000000005,COSETTE_128d_256x4_8ed1,4yqz7d4t
cosette,COSETTE_128d_256x4_8ed1,,848,train_loss,0.00886774147532398,COSETTE_128d_256x4_8ed1,4yqz7d4t
cosette,COSETTE_128d_256x4_8ed1,,848,lr,0.00025100000000000003,COSETTE_128d_256x4_8ed1,4yqz7d4t
cosette,COSETTE_128d_256x4_8ed1,,849,train_loss,0.008890671528232615,COSETTE_128d_256x4_8ed1,4yqz7d4t
cosette,COSETTE_128d_256x4_8ed1,,849,lr,0.00025,COSETTE_128d_256x4_8ed1,4yqz7d4t
cosette,COSETTE_128d_256x4_8ed1,,850,train_loss,0.008883369141827814,COSETTE_128d_256x4_8ed1,4yqz7d4t
cosette,COSETTE_128d_256x4_8ed1,,850,lr,0.0002490000000000001,COSETTE_128d_256x4_8ed1,4yqz7d4t
cosette,COSETTE_128d_256x4_8ed1,,851,train_loss,0.00888986152549871,COSETTE_128d_256x4_8ed1,4yqz7d4t
cosette,COSETTE_128d_256x4_8ed1,,851,lr,0.00024800000000000007,COSETTE_128d_256x4_8ed1,4yqz7d4t
cosette,COSETTE_128d_256x4_8ed1,,852,train_loss,0.008857228887006107,COSETTE_128d_256x4_8ed1,4yqz7d4t
cosette,COSETTE_128d_256x4_8ed1,,852,lr,0.00024700000000000004,COSETTE_128d_256x4_8ed1,4yqz7d4t
cosette,COSETTE_128d_256x4_8ed1,,853,train_loss,0.008869465165805042,COSETTE_128d_256x4_8ed1,4yqz7d4t
cosette,COSETTE_128d_256x4_8ed1,,853,lr,0.000246,COSETTE_128d_256x4_8ed1,4yqz7d4t
cosette,COSETTE_128d_256x4_8ed1,,854,train_loss,0.008887555879011431,COSETTE_128d_256x4_8ed1,4yqz7d4t
cosette,COSETTE_128d_256x4_8ed1,,854,lr,0.0002450000000000001,COSETTE_128d_256x4_8ed1,4yqz7d4t
cosette,COSETTE_128d_256x4_8ed1,,855,train_loss,0.00888058542535245,COSETTE_128d_256x4_8ed1,4yqz7d4t
cosette,COSETTE_128d_256x4_8ed1,,855,lr,0.00024400000000000008,COSETTE_128d_256x4_8ed1,4yqz7d4t
cosette,COSETTE_128d_256x4_8ed1,,856,train_loss,0.008886190962126788,COSETTE_128d_256x4_8ed1,4yqz7d4t
cosette,COSETTE_128d_256x4_8ed1,,856,lr,0.00024300000000000005,COSETTE_128d_256x4_8ed1,4yqz7d4t
cosette,COSETTE_128d_256x4_8ed1,,857,train_loss,0.008868355692612183,COSETTE_128d_256x4_8ed1,4yqz7d4t
cosette,COSETTE_128d_256x4_8ed1,,857,lr,0.00024200000000000003,COSETTE_128d_256x4_8ed1,4yqz7d4t
cosette,COSETTE_128d_256x4_8ed1,,858,train_loss,0.00887655044684736,COSETTE_128d_256x4_8ed1,4yqz7d4t
cosette,COSETTE_128d_256x4_8ed1,,858,lr,0.000241,COSETTE_128d_256x4_8ed1,4yqz7d4t
cosette,COSETTE_128d_256x4_8ed1,,859,train_loss,0.008885451438401241,COSETTE_128d_256x4_8ed1,4yqz7d4t
cosette,COSETTE_128d_256x4_8ed1,,859,lr,0.0002400000000000001,COSETTE_128d_256x4_8ed1,4yqz7d4t
cosette,COSETTE_128d_256x4_8ed1,,860,train_loss,0.008876386507273579,COSETTE_128d_256x4_8ed1,4yqz7d4t
cosette,COSETTE_128d_256x4_8ed1,,860,lr,0.00023900000000000006,COSETTE_128d_256x4_8ed1,4yqz7d4t
cosette,COSETTE_128d_256x4_8ed1,,861,train_loss,0.008880539200932003,COSETTE_128d_256x4_8ed1,4yqz7d4t
cosette,COSETTE_128d_256x4_8ed1,,861,lr,0.00023800000000000004,COSETTE_128d_256x4_8ed1,4yqz7d4t
cosette,COSETTE_128d_256x4_8ed1,,862,train_loss,0.008884414648570173,COSETTE_128d_256x4_8ed1,4yqz7d4t
cosette,COSETTE_128d_256x4_8ed1,,862,lr,0.00023700000000000001,COSETTE_128d_256x4_8ed1,4yqz7d4t
cosette,COSETTE_128d_256x4_8ed1,,863,train_loss,0.008905494739737013,COSETTE_128d_256x4_8ed1,4yqz7d4t
cosette,COSETTE_128d_256x4_8ed1,,863,lr,0.0002360000000000001,COSETTE_128d_256x4_8ed1,4yqz7d4t
cosette,COSETTE_128d_256x4_8ed1,,864,train_loss,0.008898111951383327,COSETTE_128d_256x4_8ed1,4yqz7d4t
cosette,COSETTE_128d_256x4_8ed1,,864,lr,0.00023500000000000007,COSETTE_128d_256x4_8ed1,4yqz7d4t
cosette,COSETTE_128d_256x4_8ed1,,865,train_loss,0.008877777012078453,COSETTE_128d_256x4_8ed1,4yqz7d4t
cosette,COSETTE_128d_256x4_8ed1,,865,lr,0.00023400000000000005,COSETTE_128d_256x4_8ed1,4yqz7d4t
cosette,COSETTE_128d_256x4_8ed1,,866,train_loss,0.008869054740656628,COSETTE_128d_256x4_8ed1,4yqz7d4t
cosette,COSETTE_128d_256x4_8ed1,,866,lr,0.00023300000000000003,COSETTE_128d_256x4_8ed1,4yqz7d4t
cosette,COSETTE_128d_256x4_8ed1,,867,train_loss,0.008897311308776308,COSETTE_128d_256x4_8ed1,4yqz7d4t
cosette,COSETTE_128d_256x4_8ed1,,867,lr,0.000232,COSETTE_128d_256x4_8ed1,4yqz7d4t
cosette,COSETTE_128d_256x4_8ed1,,868,train_loss,0.008878181152474539,COSETTE_128d_256x4_8ed1,4yqz7d4t
cosette,COSETTE_128d_256x4_8ed1,,868,lr,0.00023100000000000009,COSETTE_128d_256x4_8ed1,4yqz7d4t
cosette,COSETTE_128d_256x4_8ed1,,869,train_loss,0.008889671649596247,COSETTE_128d_256x4_8ed1,4yqz7d4t
cosette,COSETTE_128d_256x4_8ed1,,869,lr,0.00023000000000000006,COSETTE_128d_256x4_8ed1,4yqz7d4t
cosette,COSETTE_128d_256x4_8ed1,,870,train_loss,0.008883866260377626,COSETTE_128d_256x4_8ed1,4yqz7d4t
cosette,COSETTE_128d_256x4_8ed1,,870,lr,0.00022900000000000004,COSETTE_128d_256x4_8ed1,4yqz7d4t
cosette,COSETTE_128d_256x4_8ed1,,871,train_loss,0.00888860013282342,COSETTE_128d_256x4_8ed1,4yqz7d4t
cosette,COSETTE_128d_256x4_8ed1,,871,lr,0.000228,COSETTE_128d_256x4_8ed1,4yqz7d4t
cosette,COSETTE_128d_256x4_8ed1,,872,train_loss,0.008892154073168478,COSETTE_128d_256x4_8ed1,4yqz7d4t
cosette,COSETTE_128d_256x4_8ed1,,872,lr,0.0002270000000000001,COSETTE_128d_256x4_8ed1,4yqz7d4t
cosette,COSETTE_128d_256x4_8ed1,,873,train_loss,0.008880663019933286,COSETTE_128d_256x4_8ed1,4yqz7d4t
cosette,COSETTE_128d_256x4_8ed1,,873,lr,0.00022600000000000007,COSETTE_128d_256x4_8ed1,4yqz7d4t
cosette,COSETTE_128d_256x4_8ed1,,874,train_loss,0.00889572698167331,COSETTE_128d_256x4_8ed1,4yqz7d4t
cosette,COSETTE_128d_256x4_8ed1,,874,lr,0.00022500000000000005,COSETTE_128d_256x4_8ed1,4yqz7d4t
cosette,COSETTE_128d_256x4_8ed1,,875,train_loss,0.008874332009673977,COSETTE_128d_256x4_8ed1,4yqz7d4t
cosette,COSETTE_128d_256x4_8ed1,,875,lr,0.00022400000000000002,COSETTE_128d_256x4_8ed1,4yqz7d4t
cosette,COSETTE_128d_256x4_8ed1,,876,train_loss,0.008890971045592708,COSETTE_128d_256x4_8ed1,4yqz7d4t
cosette,COSETTE_128d_256x4_8ed1,,876,lr,0.0002230000000000001,COSETTE_128d_256x4_8ed1,4yqz7d4t
cosette,COSETTE_128d_256x4_8ed1,,877,train_loss,0.00890789418849799,COSETTE_128d_256x4_8ed1,4yqz7d4t
cosette,COSETTE_128d_256x4_8ed1,,877,lr,0.00022200000000000008,COSETTE_128d_256x4_8ed1,4yqz7d4t
cosette,COSETTE_128d_256x4_8ed1,,878,train_loss,0.008885132363267084,COSETTE_128d_256x4_8ed1,4yqz7d4t
cosette,COSETTE_128d_256x4_8ed1,,878,lr,0.00022100000000000006,COSETTE_128d_256x4_8ed1,4yqz7d4t
cosette,COSETTE_128d_256x4_8ed1,,879,train_loss,0.008887363014836535,COSETTE_128d_256x4_8ed1,4yqz7d4t
cosette,COSETTE_128d_256x4_8ed1,,879,lr,0.00022000000000000003,COSETTE_128d_256x4_8ed1,4yqz7d4t
cosette,COSETTE_128d_256x4_8ed1,,880,train_loss,0.008891501115541238,COSETTE_128d_256x4_8ed1,4yqz7d4t
cosette,COSETTE_128d_256x4_8ed1,,880,lr,0.000219,COSETTE_128d_256x4_8ed1,4yqz7d4t
cosette,COSETTE_128d_256x4_8ed1,,881,train_loss,0.008877572174713336,COSETTE_128d_256x4_8ed1,4yqz7d4t
cosette,COSETTE_128d_256x4_8ed1,,881,lr,0.0002180000000000001,COSETTE_128d_256x4_8ed1,4yqz7d4t
cosette,COSETTE_128d_256x4_8ed1,,882,train_loss,0.008913705313055634,COSETTE_128d_256x4_8ed1,4yqz7d4t
cosette,COSETTE_128d_256x4_8ed1,,882,lr,0.00021700000000000007,COSETTE_128d_256x4_8ed1,4yqz7d4t
cosette,COSETTE_128d_256x4_8ed1,,883,train_loss,0.008882606207734818,COSETTE_128d_256x4_8ed1,4yqz7d4t
cosette,COSETTE_128d_256x4_8ed1,,883,lr,0.00021600000000000005,COSETTE_128d_256x4_8ed1,4yqz7d4t
cosette,COSETTE_128d_256x4_8ed1,,884,train_loss,0.008901608692441913,COSETTE_128d_256x4_8ed1,4yqz7d4t
cosette,COSETTE_128d_256x4_8ed1,,884,lr,0.00021500000000000002,COSETTE_128d_256x4_8ed1,4yqz7d4t
cosette,COSETTE_128d_256x4_8ed1,,885,train_loss,0.00889376039690465,COSETTE_128d_256x4_8ed1,4yqz7d4t
cosette,COSETTE_128d_256x4_8ed1,,885,lr,0.0002140000000000001,COSETTE_128d_256x4_8ed1,4yqz7d4t
cosette,COSETTE_128d_256x4_8ed1,,886,train_loss,0.008893617757147162,COSETTE_128d_256x4_8ed1,4yqz7d4t
cosette,COSETTE_128d_256x4_8ed1,,886,lr,0.00021300000000000008,COSETTE_128d_256x4_8ed1,4yqz7d4t
cosette,COSETTE_128d_256x4_8ed1,,887,train_loss,0.008892404357735199,COSETTE_128d_256x4_8ed1,4yqz7d4t
cosette,COSETTE_128d_256x4_8ed1,,887,lr,0.00021200000000000006,COSETTE_128d_256x4_8ed1,4yqz7d4t
cosette,COSETTE_128d_256x4_8ed1,,888,train_loss,0.008888552347265129,COSETTE_128d_256x4_8ed1,4yqz7d4t
cosette,COSETTE_128d_256x4_8ed1,,888,lr,0.00021100000000000003,COSETTE_128d_256x4_8ed1,4yqz7d4t
cosette,COSETTE_128d_256x4_8ed1,,889,train_loss,0.008897946752179012,COSETTE_128d_256x4_8ed1,4yqz7d4t
cosette,COSETTE_128d_256x4_8ed1,,889,lr,0.00021,COSETTE_128d_256x4_8ed1,4yqz7d4t
cosette,COSETTE_128d_256x4_8ed1,,890,train_loss,0.008899109927173573,COSETTE_128d_256x4_8ed1,4yqz7d4t
cosette,COSETTE_128d_256x4_8ed1,,890,lr,0.0002090000000000001,COSETTE_128d_256x4_8ed1,4yqz7d4t
cosette,COSETTE_128d_256x4_8ed1,,891,train_loss,0.008875612940022842,COSETTE_128d_256x4_8ed1,4yqz7d4t
cosette,COSETTE_128d_256x4_8ed1,,891,lr,0.00020800000000000007,COSETTE_128d_256x4_8ed1,4yqz7d4t
cosette,COSETTE_128d_256x4_8ed1,,892,train_loss,0.008895787745446181,COSETTE_128d_256x4_8ed1,4yqz7d4t
cosette,COSETTE_128d_256x4_8ed1,,892,lr,0.00020700000000000004,COSETTE_128d_256x4_8ed1,4yqz7d4t
cosette,COSETTE_128d_256x4_8ed1,,893,train_loss,0.008896472749950219,COSETTE_128d_256x4_8ed1,4yqz7d4t
cosette,COSETTE_128d_256x4_8ed1,,893,lr,0.00020600000000000002,COSETTE_128d_256x4_8ed1,4yqz7d4t
cosette,COSETTE_128d_256x4_8ed1,,894,train_loss,0.008900313564448904,COSETTE_128d_256x4_8ed1,4yqz7d4t
cosette,COSETTE_128d_256x4_8ed1,,894,lr,0.0002050000000000001,COSETTE_128d_256x4_8ed1,4yqz7d4t
cosette,COSETTE_128d_256x4_8ed1,,895,train_loss,0.008891103702108213,COSETTE_128d_256x4_8ed1,4yqz7d4t
cosette,COSETTE_128d_256x4_8ed1,,895,lr,0.00020400000000000008,COSETTE_128d_256x4_8ed1,4yqz7d4t
cosette,COSETTE_128d_256x4_8ed1,,896,train_loss,0.008888884487715985,COSETTE_128d_256x4_8ed1,4yqz7d4t
cosette,COSETTE_128d_256x4_8ed1,,896,lr,0.00020300000000000006,COSETTE_128d_256x4_8ed1,4yqz7d4t
cosette,COSETTE_128d_256x4_8ed1,,897,train_loss,0.008881620252035935,COSETTE_128d_256x4_8ed1,4yqz7d4t
cosette,COSETTE_128d_256x4_8ed1,,897,lr,0.00020200000000000003,COSETTE_128d_256x4_8ed1,4yqz7d4t
cosette,COSETTE_128d_256x4_8ed1,,898,train_loss,0.008895887068653702,COSETTE_128d_256x4_8ed1,4yqz7d4t
cosette,COSETTE_128d_256x4_8ed1,,898,lr,0.000201,COSETTE_128d_256x4_8ed1,4yqz7d4t
cosette,COSETTE_128d_256x4_8ed1,,899,train_loss,0.008903701320665775,COSETTE_128d_256x4_8ed1,4yqz7d4t
cosette,COSETTE_128d_256x4_8ed1,,899,lr,0.0002000000000000001,COSETTE_128d_256x4_8ed1,4yqz7d4t
cosette,COSETTE_128d_256x4_8ed1,,899,collision_rate,0.005610938606526121,COSETTE_128d_256x4_8ed1,4yqz7d4t
cosette,COSETTE_128d_256x4_8ed1,,899,mean_collisions,1.0056425988824367,COSETTE_128d_256x4_8ed1,4yqz7d4t
cosette,COSETTE_128d_256x4_8ed1,,899,max_collisions,14.0,COSETTE_128d_256x4_8ed1,4yqz7d4t
cosette,COSETTE_128d_256x4_8ed1,,900,train_loss,0.008902402916293354,COSETTE_128d_256x4_8ed1,4yqz7d4t
cosette,COSETTE_128d_256x4_8ed1,,900,lr,0.00019900000000000007,COSETTE_128d_256x4_8ed1,4yqz7d4t
cosette,COSETTE_128d_256x4_8ed1,,901,train_loss,0.008882581691840568,COSETTE_128d_256x4_8ed1,4yqz7d4t
cosette,COSETTE_128d_256x4_8ed1,,901,lr,0.00019800000000000004,COSETTE_128d_256x4_8ed1,4yqz7d4t
cosette,COSETTE_128d_256x4_8ed1,,902,train_loss,0.00889893223886653,COSETTE_128d_256x4_8ed1,4yqz7d4t
cosette,COSETTE_128d_256x4_8ed1,,902,lr,0.00019700000000000002,COSETTE_128d_256x4_8ed1,4yqz7d4t
cosette,COSETTE_128d_256x4_8ed1,,903,train_loss,0.008880455871012138,COSETTE_128d_256x4_8ed1,4yqz7d4t
cosette,COSETTE_128d_256x4_8ed1,,903,lr,0.0001960000000000001,COSETTE_128d_256x4_8ed1,4yqz7d4t
cosette,COSETTE_128d_256x4_8ed1,,904,train_loss,0.008894027713284219,COSETTE_128d_256x4_8ed1,4yqz7d4t
cosette,COSETTE_128d_256x4_8ed1,,904,lr,0.00019500000000000008,COSETTE_128d_256x4_8ed1,4yqz7d4t
cosette,COSETTE_128d_256x4_8ed1,,905,train_loss,0.008902909374869554,COSETTE_128d_256x4_8ed1,4yqz7d4t
cosette,COSETTE_128d_256x4_8ed1,,905,lr,0.00019400000000000005,COSETTE_128d_256x4_8ed1,4yqz7d4t
cosette,COSETTE_128d_256x4_8ed1,,906,train_loss,0.008922499437019117,COSETTE_128d_256x4_8ed1,4yqz7d4t
cosette,COSETTE_128d_256x4_8ed1,,906,lr,0.00019300000000000003,COSETTE_128d_256x4_8ed1,4yqz7d4t
cosette,COSETTE_128d_256x4_8ed1,,907,train_loss,0.00891743402713709,COSETTE_128d_256x4_8ed1,4yqz7d4t
cosette,COSETTE_128d_256x4_8ed1,,907,lr,0.000192,COSETTE_128d_256x4_8ed1,4yqz7d4t
cosette,COSETTE_128d_256x4_8ed1,,908,train_loss,0.008903120878896267,COSETTE_128d_256x4_8ed1,4yqz7d4t
cosette,COSETTE_128d_256x4_8ed1,,908,lr,0.0001910000000000001,COSETTE_128d_256x4_8ed1,4yqz7d4t
cosette,COSETTE_128d_256x4_8ed1,,909,train_loss,0.008918911178442214,COSETTE_128d_256x4_8ed1,4yqz7d4t
cosette,COSETTE_128d_256x4_8ed1,,909,lr,0.00019000000000000006,COSETTE_128d_256x4_8ed1,4yqz7d4t
cosette,COSETTE_128d_256x4_8ed1,,910,train_loss,0.008912939926703198,COSETTE_128d_256x4_8ed1,4yqz7d4t
cosette,COSETTE_128d_256x4_8ed1,,910,lr,0.00018900000000000004,COSETTE_128d_256x4_8ed1,4yqz7d4t
cosette,COSETTE_128d_256x4_8ed1,,911,train_loss,0.008892803091100224,COSETTE_128d_256x4_8ed1,4yqz7d4t
cosette,COSETTE_128d_256x4_8ed1,,911,lr,0.00018800000000000002,COSETTE_128d_256x4_8ed1,4yqz7d4t
cosette,COSETTE_128d_256x4_8ed1,,912,train_loss,0.008906544514482828,COSETTE_128d_256x4_8ed1,4yqz7d4t
cosette,COSETTE_128d_256x4_8ed1,,912,lr,0.0001870000000000001,COSETTE_128d_256x4_8ed1,4yqz7d4t
cosette,COSETTE_128d_256x4_8ed1,,913,train_loss,0.008909041899517712,COSETTE_128d_256x4_8ed1,4yqz7d4t
cosette,COSETTE_128d_256x4_8ed1,,913,lr,0.00018600000000000008,COSETTE_128d_256x4_8ed1,4yqz7d4t
cosette,COSETTE_128d_256x4_8ed1,,914,train_loss,0.008907836372796579,COSETTE_128d_256x4_8ed1,4yqz7d4t
cosette,COSETTE_128d_256x4_8ed1,,914,lr,0.00018500000000000005,COSETTE_128d_256x4_8ed1,4yqz7d4t
cosette,COSETTE_128d_256x4_8ed1,,915,train_loss,0.008900090643345454,COSETTE_128d_256x4_8ed1,4yqz7d4t
cosette,COSETTE_128d_256x4_8ed1,,915,lr,0.00018400000000000003,COSETTE_128d_256x4_8ed1,4yqz7d4t
cosette,COSETTE_128d_256x4_8ed1,,916,train_loss,0.008895550010283646,COSETTE_128d_256x4_8ed1,4yqz7d4t
cosette,COSETTE_128d_256x4_8ed1,,916,lr,0.0001830000000000001,COSETTE_128d_256x4_8ed1,4yqz7d4t
cosette,COSETTE_128d_256x4_8ed1,,917,train_loss,0.008898107328271263,COSETTE_128d_256x4_8ed1,4yqz7d4t
cosette,COSETTE_128d_256x4_8ed1,,917,lr,0.0001820000000000001,COSETTE_128d_256x4_8ed1,4yqz7d4t
cosette,COSETTE_128d_256x4_8ed1,,918,train_loss,0.008903193053045716,COSETTE_128d_256x4_8ed1,4yqz7d4t
cosette,COSETTE_128d_256x4_8ed1,,918,lr,0.00018100000000000006,COSETTE_128d_256x4_8ed1,4yqz7d4t
cosette,COSETTE_128d_256x4_8ed1,,919,train_loss,0.008899297411118052,COSETTE_128d_256x4_8ed1,4yqz7d4t
cosette,COSETTE_128d_256x4_8ed1,,919,lr,0.00018000000000000004,COSETTE_128d_256x4_8ed1,4yqz7d4t
cosette,COSETTE_128d_256x4_8ed1,,920,train_loss,0.008899853859605981,COSETTE_128d_256x4_8ed1,4yqz7d4t
cosette,COSETTE_128d_256x4_8ed1,,920,lr,0.00017900000000000001,COSETTE_128d_256x4_8ed1,4yqz7d4t
cosette,COSETTE_128d_256x4_8ed1,,921,train_loss,0.008904293360416407,COSETTE_128d_256x4_8ed1,4yqz7d4t
cosette,COSETTE_128d_256x4_8ed1,,921,lr,0.0001780000000000001,COSETTE_128d_256x4_8ed1,4yqz7d4t
cosette,COSETTE_128d_256x4_8ed1,,922,train_loss,0.008883431721344698,COSETTE_128d_256x4_8ed1,4yqz7d4t
cosette,COSETTE_128d_256x4_8ed1,,922,lr,0.00017700000000000007,COSETTE_128d_256x4_8ed1,4yqz7d4t
cosette,COSETTE_128d_256x4_8ed1,,923,train_loss,0.008900021068859015,COSETTE_128d_256x4_8ed1,4yqz7d4t
cosette,COSETTE_128d_256x4_8ed1,,923,lr,0.00017600000000000005,COSETTE_128d_256x4_8ed1,4yqz7d4t
cosette,COSETTE_128d_256x4_8ed1,,924,train_loss,0.0089111797404375,COSETTE_128d_256x4_8ed1,4yqz7d4t
cosette,COSETTE_128d_256x4_8ed1,,924,lr,0.00017500000000000003,COSETTE_128d_256x4_8ed1,4yqz7d4t
cosette,COSETTE_128d_256x4_8ed1,,925,train_loss,0.008909866374602423,COSETTE_128d_256x4_8ed1,4yqz7d4t
cosette,COSETTE_128d_256x4_8ed1,,925,lr,0.0001740000000000001,COSETTE_128d_256x4_8ed1,4yqz7d4t
cosette,COSETTE_128d_256x4_8ed1,,926,train_loss,0.008901656022389157,COSETTE_128d_256x4_8ed1,4yqz7d4t
cosette,COSETTE_128d_256x4_8ed1,,926,lr,0.00017300000000000009,COSETTE_128d_256x4_8ed1,4yqz7d4t
cosette,COSETTE_128d_256x4_8ed1,,927,train_loss,0.008905115590946706,COSETTE_128d_256x4_8ed1,4yqz7d4t
cosette,COSETTE_128d_256x4_8ed1,,927,lr,0.00017200000000000006,COSETTE_128d_256x4_8ed1,4yqz7d4t
cosette,COSETTE_128d_256x4_8ed1,,928,train_loss,0.008895798941417564,COSETTE_128d_256x4_8ed1,4yqz7d4t
cosette,COSETTE_128d_256x4_8ed1,,928,lr,0.00017100000000000004,COSETTE_128d_256x4_8ed1,4yqz7d4t
cosette,COSETTE_128d_256x4_8ed1,,929,train_loss,0.008899101907079173,COSETTE_128d_256x4_8ed1,4yqz7d4t
cosette,COSETTE_128d_256x4_8ed1,,929,lr,0.00017,COSETTE_128d_256x4_8ed1,4yqz7d4t
cosette,COSETTE_128d_256x4_8ed1,,930,train_loss,0.008898313525769348,COSETTE_128d_256x4_8ed1,4yqz7d4t
cosette,COSETTE_128d_256x4_8ed1,,930,lr,0.0001690000000000001,COSETTE_128d_256x4_8ed1,4yqz7d4t
cosette,COSETTE_128d_256x4_8ed1,,931,train_loss,0.008859217749814763,COSETTE_128d_256x4_8ed1,4yqz7d4t
cosette,COSETTE_128d_256x4_8ed1,,931,lr,0.00016800000000000007,COSETTE_128d_256x4_8ed1,4yqz7d4t
cosette,COSETTE_128d_256x4_8ed1,,932,train_loss,0.008904306908144801,COSETTE_128d_256x4_8ed1,4yqz7d4t
cosette,COSETTE_128d_256x4_8ed1,,932,lr,0.00016700000000000005,COSETTE_128d_256x4_8ed1,4yqz7d4t
cosette,COSETTE_128d_256x4_8ed1,,933,train_loss,0.008926222911573573,COSETTE_128d_256x4_8ed1,4yqz7d4t
cosette,COSETTE_128d_256x4_8ed1,,933,lr,0.00016600000000000002,COSETTE_128d_256x4_8ed1,4yqz7d4t
cosette,COSETTE_128d_256x4_8ed1,,934,train_loss,0.008923761064200094,COSETTE_128d_256x4_8ed1,4yqz7d4t
cosette,COSETTE_128d_256x4_8ed1,,934,lr,0.0001650000000000001,COSETTE_128d_256x4_8ed1,4yqz7d4t
cosette,COSETTE_128d_256x4_8ed1,,935,train_loss,0.00891163607509874,COSETTE_128d_256x4_8ed1,4yqz7d4t
cosette,COSETTE_128d_256x4_8ed1,,935,lr,0.00016400000000000008,COSETTE_128d_256x4_8ed1,4yqz7d4t
cosette,COSETTE_128d_256x4_8ed1,,936,train_loss,0.0089089570285605,COSETTE_128d_256x4_8ed1,4yqz7d4t
cosette,COSETTE_128d_256x4_8ed1,,936,lr,0.00016300000000000006,COSETTE_128d_256x4_8ed1,4yqz7d4t
cosette,COSETTE_128d_256x4_8ed1,,937,train_loss,0.008888233540137472,COSETTE_128d_256x4_8ed1,4yqz7d4t
cosette,COSETTE_128d_256x4_8ed1,,937,lr,0.00016200000000000003,COSETTE_128d_256x4_8ed1,4yqz7d4t
cosette,COSETTE_128d_256x4_8ed1,,938,train_loss,0.008892507580437251,COSETTE_128d_256x4_8ed1,4yqz7d4t
cosette,COSETTE_128d_256x4_8ed1,,938,lr,0.000161,COSETTE_128d_256x4_8ed1,4yqz7d4t
cosette,COSETTE_128d_256x4_8ed1,,939,train_loss,0.008875657482702522,COSETTE_128d_256x4_8ed1,4yqz7d4t
cosette,COSETTE_128d_256x4_8ed1,,939,lr,0.0001600000000000001,COSETTE_128d_256x4_8ed1,4yqz7d4t
cosette,COSETTE_128d_256x4_8ed1,,940,train_loss,0.008873262402447436,COSETTE_128d_256x4_8ed1,4yqz7d4t
cosette,COSETTE_128d_256x4_8ed1,,940,lr,0.00015900000000000007,COSETTE_128d_256x4_8ed1,4yqz7d4t
cosette,COSETTE_128d_256x4_8ed1,,941,train_loss,0.008889216561165215,COSETTE_128d_256x4_8ed1,4yqz7d4t
cosette,COSETTE_128d_256x4_8ed1,,941,lr,0.00015800000000000005,COSETTE_128d_256x4_8ed1,4yqz7d4t
cosette,COSETTE_128d_256x4_8ed1,,942,train_loss,0.008892330937355543,COSETTE_128d_256x4_8ed1,4yqz7d4t
cosette,COSETTE_128d_256x4_8ed1,,942,lr,0.00015700000000000002,COSETTE_128d_256x4_8ed1,4yqz7d4t
cosette,COSETTE_128d_256x4_8ed1,,943,train_loss,0.008885431733223603,COSETTE_128d_256x4_8ed1,4yqz7d4t
cosette,COSETTE_128d_256x4_8ed1,,943,lr,0.0001560000000000001,COSETTE_128d_256x4_8ed1,4yqz7d4t
cosette,COSETTE_128d_256x4_8ed1,,944,train_loss,0.00889527069391321,COSETTE_128d_256x4_8ed1,4yqz7d4t
cosette,COSETTE_128d_256x4_8ed1,,944,lr,0.00015500000000000008,COSETTE_128d_256x4_8ed1,4yqz7d4t
cosette,COSETTE_128d_256x4_8ed1,,945,train_loss,0.008904985587695516,COSETTE_128d_256x4_8ed1,4yqz7d4t
cosette,COSETTE_128d_256x4_8ed1,,945,lr,0.00015400000000000006,COSETTE_128d_256x4_8ed1,4yqz7d4t
cosette,COSETTE_128d_256x4_8ed1,,946,train_loss,0.008909032606392456,COSETTE_128d_256x4_8ed1,4yqz7d4t
cosette,COSETTE_128d_256x4_8ed1,,946,lr,0.00015300000000000003,COSETTE_128d_256x4_8ed1,4yqz7d4t
cosette,COSETTE_128d_256x4_8ed1,,947,train_loss,0.008902666587784568,COSETTE_128d_256x4_8ed1,4yqz7d4t
cosette,COSETTE_128d_256x4_8ed1,,947,lr,0.000152,COSETTE_128d_256x4_8ed1,4yqz7d4t
cosette,COSETTE_128d_256x4_8ed1,,948,train_loss,0.00889083672073676,COSETTE_128d_256x4_8ed1,4yqz7d4t
cosette,COSETTE_128d_256x4_8ed1,,948,lr,0.0001510000000000001,COSETTE_128d_256x4_8ed1,4yqz7d4t
cosette,COSETTE_128d_256x4_8ed1,,949,train_loss,0.008912593662309991,COSETTE_128d_256x4_8ed1,4yqz7d4t
cosette,COSETTE_128d_256x4_8ed1,,949,lr,0.00015000000000000007,COSETTE_128d_256x4_8ed1,4yqz7d4t
cosette,COSETTE_128d_256x4_8ed1,,950,train_loss,0.008900151152512152,COSETTE_128d_256x4_8ed1,4yqz7d4t
cosette,COSETTE_128d_256x4_8ed1,,950,lr,0.00014900000000000004,COSETTE_128d_256x4_8ed1,4yqz7d4t
cosette,COSETTE_128d_256x4_8ed1,,951,train_loss,0.00890137049496817,COSETTE_128d_256x4_8ed1,4yqz7d4t
cosette,COSETTE_128d_256x4_8ed1,,951,lr,0.00014800000000000002,COSETTE_128d_256x4_8ed1,4yqz7d4t
cosette,COSETTE_128d_256x4_8ed1,,952,train_loss,0.008888653827924961,COSETTE_128d_256x4_8ed1,4yqz7d4t
cosette,COSETTE_128d_256x4_8ed1,,952,lr,0.0001470000000000001,COSETTE_128d_256x4_8ed1,4yqz7d4t
cosette,COSETTE_128d_256x4_8ed1,,953,train_loss,0.008907024614620125,COSETTE_128d_256x4_8ed1,4yqz7d4t
cosette,COSETTE_128d_256x4_8ed1,,953,lr,0.00014600000000000008,COSETTE_128d_256x4_8ed1,4yqz7d4t
cosette,COSETTE_128d_256x4_8ed1,,954,train_loss,0.008884167995491474,COSETTE_128d_256x4_8ed1,4yqz7d4t
cosette,COSETTE_128d_256x4_8ed1,,954,lr,0.00014500000000000006,COSETTE_128d_256x4_8ed1,4yqz7d4t
cosette,COSETTE_128d_256x4_8ed1,,955,train_loss,0.008897402055775947,COSETTE_128d_256x4_8ed1,4yqz7d4t
cosette,COSETTE_128d_256x4_8ed1,,955,lr,0.00014400000000000003,COSETTE_128d_256x4_8ed1,4yqz7d4t
cosette,COSETTE_128d_256x4_8ed1,,956,train_loss,0.008889395951313507,COSETTE_128d_256x4_8ed1,4yqz7d4t
cosette,COSETTE_128d_256x4_8ed1,,956,lr,0.000143,COSETTE_128d_256x4_8ed1,4yqz7d4t
cosette,COSETTE_128d_256x4_8ed1,,957,train_loss,0.008890914750828153,COSETTE_128d_256x4_8ed1,4yqz7d4t
cosette,COSETTE_128d_256x4_8ed1,,957,lr,0.0001420000000000001,COSETTE_128d_256x4_8ed1,4yqz7d4t
cosette,COSETTE_128d_256x4_8ed1,,958,train_loss,0.008914305640907168,COSETTE_128d_256x4_8ed1,4yqz7d4t
cosette,COSETTE_128d_256x4_8ed1,,958,lr,0.00014100000000000007,COSETTE_128d_256x4_8ed1,4yqz7d4t
cosette,COSETTE_128d_256x4_8ed1,,959,train_loss,0.008893919847369628,COSETTE_128d_256x4_8ed1,4yqz7d4t
cosette,COSETTE_128d_256x4_8ed1,,959,lr,0.00014000000000000004,COSETTE_128d_256x4_8ed1,4yqz7d4t
cosette,COSETTE_128d_256x4_8ed1,,960,train_loss,0.00888847172421088,COSETTE_128d_256x4_8ed1,4yqz7d4t
cosette,COSETTE_128d_256x4_8ed1,,960,lr,0.00013900000000000002,COSETTE_128d_256x4_8ed1,4yqz7d4t
cosette,COSETTE_128d_256x4_8ed1,,961,train_loss,0.008906478417380681,COSETTE_128d_256x4_8ed1,4yqz7d4t
cosette,COSETTE_128d_256x4_8ed1,,961,lr,0.0001380000000000001,COSETTE_128d_256x4_8ed1,4yqz7d4t
cosette,COSETTE_128d_256x4_8ed1,,962,train_loss,0.00890674210897238,COSETTE_128d_256x4_8ed1,4yqz7d4t
cosette,COSETTE_128d_256x4_8ed1,,962,lr,0.00013700000000000008,COSETTE_128d_256x4_8ed1,4yqz7d4t
cosette,COSETTE_128d_256x4_8ed1,,963,train_loss,0.008916912533396435,COSETTE_128d_256x4_8ed1,4yqz7d4t
cosette,COSETTE_128d_256x4_8ed1,,963,lr,0.00013600000000000005,COSETTE_128d_256x4_8ed1,4yqz7d4t
cosette,COSETTE_128d_256x4_8ed1,,964,train_loss,0.008897230846525953,COSETTE_128d_256x4_8ed1,4yqz7d4t
cosette,COSETTE_128d_256x4_8ed1,,964,lr,0.00013500000000000003,COSETTE_128d_256x4_8ed1,4yqz7d4t
cosette,COSETTE_128d_256x4_8ed1,,965,train_loss,0.008905689634061117,COSETTE_128d_256x4_8ed1,4yqz7d4t
cosette,COSETTE_128d_256x4_8ed1,,965,lr,0.0001340000000000001,COSETTE_128d_256x4_8ed1,4yqz7d4t
cosette,COSETTE_128d_256x4_8ed1,,966,train_loss,0.008904936448704423,COSETTE_128d_256x4_8ed1,4yqz7d4t
cosette,COSETTE_128d_256x4_8ed1,,966,lr,0.0001330000000000001,COSETTE_128d_256x4_8ed1,4yqz7d4t
cosette,COSETTE_128d_256x4_8ed1,,967,train_loss,0.008896197862387134,COSETTE_128d_256x4_8ed1,4yqz7d4t
cosette,COSETTE_128d_256x4_8ed1,,967,lr,0.00013200000000000006,COSETTE_128d_256x4_8ed1,4yqz7d4t
cosette,COSETTE_128d_256x4_8ed1,,968,train_loss,0.008880005767501949,COSETTE_128d_256x4_8ed1,4yqz7d4t
cosette,COSETTE_128d_256x4_8ed1,,968,lr,0.00013100000000000004,COSETTE_128d_256x4_8ed1,4yqz7d4t
cosette,COSETTE_128d_256x4_8ed1,,969,train_loss,0.008896478974401099,COSETTE_128d_256x4_8ed1,4yqz7d4t
cosette,COSETTE_128d_256x4_8ed1,,969,lr,0.00013000000000000002,COSETTE_128d_256x4_8ed1,4yqz7d4t
cosette,COSETTE_128d_256x4_8ed1,,970,train_loss,0.008897395415915,COSETTE_128d_256x4_8ed1,4yqz7d4t
cosette,COSETTE_128d_256x4_8ed1,,970,lr,0.0001290000000000001,COSETTE_128d_256x4_8ed1,4yqz7d4t
cosette,COSETTE_128d_256x4_8ed1,,971,train_loss,0.008909157691724439,COSETTE_128d_256x4_8ed1,4yqz7d4t
cosette,COSETTE_128d_256x4_8ed1,,971,lr,0.00012800000000000008,COSETTE_128d_256x4_8ed1,4yqz7d4t
cosette,COSETTE_128d_256x4_8ed1,,972,train_loss,0.008911626594368931,COSETTE_128d_256x4_8ed1,4yqz7d4t
cosette,COSETTE_128d_256x4_8ed1,,972,lr,0.00012700000000000005,COSETTE_128d_256x4_8ed1,4yqz7d4t
cosette,COSETTE_128d_256x4_8ed1,,973,train_loss,0.00889775768029604,COSETTE_128d_256x4_8ed1,4yqz7d4t
cosette,COSETTE_128d_256x4_8ed1,,973,lr,0.00012600000000000003,COSETTE_128d_256x4_8ed1,4yqz7d4t
cosette,COSETTE_128d_256x4_8ed1,,974,train_loss,0.008909508116918506,COSETTE_128d_256x4_8ed1,4yqz7d4t
cosette,COSETTE_128d_256x4_8ed1,,974,lr,0.0001250000000000001,COSETTE_128d_256x4_8ed1,4yqz7d4t
cosette,COSETTE_128d_256x4_8ed1,,975,train_loss,0.008899841745712345,COSETTE_128d_256x4_8ed1,4yqz7d4t
cosette,COSETTE_128d_256x4_8ed1,,975,lr,0.0001240000000000001,COSETTE_128d_256x4_8ed1,4yqz7d4t
cosette,COSETTE_128d_256x4_8ed1,,976,train_loss,0.00889135574211749,COSETTE_128d_256x4_8ed1,4yqz7d4t
cosette,COSETTE_128d_256x4_8ed1,,976,lr,0.00012300000000000006,COSETTE_128d_256x4_8ed1,4yqz7d4t
cosette,COSETTE_128d_256x4_8ed1,,977,train_loss,0.008910989871235205,COSETTE_128d_256x4_8ed1,4yqz7d4t
cosette,COSETTE_128d_256x4_8ed1,,977,lr,0.00012200000000000004,COSETTE_128d_256x4_8ed1,4yqz7d4t
cosette,COSETTE_128d_256x4_8ed1,,978,train_loss,0.008902853080105012,COSETTE_128d_256x4_8ed1,4yqz7d4t
cosette,COSETTE_128d_256x4_8ed1,,978,lr,0.00012100000000000001,COSETTE_128d_256x4_8ed1,4yqz7d4t
cosette,COSETTE_128d_256x4_8ed1,,979,train_loss,0.008932309968919638,COSETTE_128d_256x4_8ed1,4yqz7d4t
cosette,COSETTE_128d_256x4_8ed1,,979,lr,0.0001200000000000001,COSETTE_128d_256x4_8ed1,4yqz7d4t
cosette,COSETTE_128d_256x4_8ed1,,980,train_loss,0.008919010736155423,COSETTE_128d_256x4_8ed1,4yqz7d4t
cosette,COSETTE_128d_256x4_8ed1,,980,lr,0.00011900000000000007,COSETTE_128d_256x4_8ed1,4yqz7d4t
cosette,COSETTE_128d_256x4_8ed1,,981,train_loss,0.008877746988650702,COSETTE_128d_256x4_8ed1,4yqz7d4t
cosette,COSETTE_128d_256x4_8ed1,,981,lr,0.00011800000000000005,COSETTE_128d_256x4_8ed1,4yqz7d4t
cosette,COSETTE_128d_256x4_8ed1,,982,train_loss,0.008902005281754966,COSETTE_128d_256x4_8ed1,4yqz7d4t
cosette,COSETTE_128d_256x4_8ed1,,982,lr,0.00011700000000000002,COSETTE_128d_256x4_8ed1,4yqz7d4t
cosette,COSETTE_128d_256x4_8ed1,,983,train_loss,0.008908180406035708,COSETTE_128d_256x4_8ed1,4yqz7d4t
cosette,COSETTE_128d_256x4_8ed1,,983,lr,0.00011600000000000011,COSETTE_128d_256x4_8ed1,4yqz7d4t
cosette,COSETTE_128d_256x4_8ed1,,984,train_loss,0.008901848122745535,COSETTE_128d_256x4_8ed1,4yqz7d4t
cosette,COSETTE_128d_256x4_8ed1,,984,lr,0.00011500000000000008,COSETTE_128d_256x4_8ed1,4yqz7d4t
cosette,COSETTE_128d_256x4_8ed1,,985,train_loss,0.008911453294668267,COSETTE_128d_256x4_8ed1,4yqz7d4t
cosette,COSETTE_128d_256x4_8ed1,,985,lr,0.00011400000000000006,COSETTE_128d_256x4_8ed1,4yqz7d4t
cosette,COSETTE_128d_256x4_8ed1,,986,train_loss,0.008917419273379464,COSETTE_128d_256x4_8ed1,4yqz7d4t
cosette,COSETTE_128d_256x4_8ed1,,986,lr,0.00011300000000000004,COSETTE_128d_256x4_8ed1,4yqz7d4t
cosette,COSETTE_128d_256x4_8ed1,,987,train_loss,0.008907919441410103,COSETTE_128d_256x4_8ed1,4yqz7d4t
cosette,COSETTE_128d_256x4_8ed1,,987,lr,0.00011200000000000001,COSETTE_128d_256x4_8ed1,4yqz7d4t
cosette,COSETTE_128d_256x4_8ed1,,988,train_loss,0.0088933604039091,COSETTE_128d_256x4_8ed1,4yqz7d4t
cosette,COSETTE_128d_256x4_8ed1,,988,lr,0.0001110000000000001,COSETTE_128d_256x4_8ed1,4yqz7d4t
cosette,COSETTE_128d_256x4_8ed1,,989,train_loss,0.008904587799053402,COSETTE_128d_256x4_8ed1,4yqz7d4t
cosette,COSETTE_128d_256x4_8ed1,,989,lr,0.00011000000000000007,COSETTE_128d_256x4_8ed1,4yqz7d4t
cosette,COSETTE_128d_256x4_8ed1,,990,train_loss,0.008903179833625288,COSETTE_128d_256x4_8ed1,4yqz7d4t
cosette,COSETTE_128d_256x4_8ed1,,990,lr,0.00010900000000000005,COSETTE_128d_256x4_8ed1,4yqz7d4t
cosette,COSETTE_128d_256x4_8ed1,,991,train_loss,0.008895006345705588,COSETTE_128d_256x4_8ed1,4yqz7d4t
cosette,COSETTE_128d_256x4_8ed1,,991,lr,0.00010800000000000002,COSETTE_128d_256x4_8ed1,4yqz7d4t
cosette,COSETTE_128d_256x4_8ed1,,992,train_loss,0.008914669526727507,COSETTE_128d_256x4_8ed1,4yqz7d4t
cosette,COSETTE_128d_256x4_8ed1,,992,lr,0.00010700000000000011,COSETTE_128d_256x4_8ed1,4yqz7d4t
cosette,COSETTE_128d_256x4_8ed1,,993,train_loss,0.008904197722298206,COSETTE_128d_256x4_8ed1,4yqz7d4t
cosette,COSETTE_128d_256x4_8ed1,,993,lr,0.00010600000000000008,COSETTE_128d_256x4_8ed1,4yqz7d4t
cosette,COSETTE_128d_256x4_8ed1,,994,train_loss,0.008903882774464085,COSETTE_128d_256x4_8ed1,4yqz7d4t
cosette,COSETTE_128d_256x4_8ed1,,994,lr,0.00010500000000000006,COSETTE_128d_256x4_8ed1,4yqz7d4t
cosette,COSETTE_128d_256x4_8ed1,,995,train_loss,0.008912214995931375,COSETTE_128d_256x4_8ed1,4yqz7d4t
cosette,COSETTE_128d_256x4_8ed1,,995,lr,0.00010400000000000003,COSETTE_128d_256x4_8ed1,4yqz7d4t
cosette,COSETTE_128d_256x4_8ed1,,996,train_loss,0.00891583504677891,COSETTE_128d_256x4_8ed1,4yqz7d4t
cosette,COSETTE_128d_256x4_8ed1,,996,lr,0.00010300000000000001,COSETTE_128d_256x4_8ed1,4yqz7d4t
cosette,COSETTE_128d_256x4_8ed1,,997,train_loss,0.00891411419046654,COSETTE_128d_256x4_8ed1,4yqz7d4t
cosette,COSETTE_128d_256x4_8ed1,,997,lr,0.0001020000000000001,COSETTE_128d_256x4_8ed1,4yqz7d4t
