category,dataset,variant,level,code,count,fraction
Beauty,Beauty,before_col,L0,0,64,0.00528881910585902
Beauty,Beauty,before_col,L0,1,39,0.00322287414263284
Beauty,Beauty,before_col,L0,2,49,0.004049252127923312
Beauty,Beauty,before_col,L0,3,52,0.004297165523510454
Beauty,Beauty,before_col,L0,4,47,0.0038839765308652176
Beauty,Beauty,before_col,L0,5,30,0.0024791339558714156
Beauty,Beauty,before_col,L0,6,28,0.0023138583588133213
Beauty,Beauty,before_col,L0,7,58,0.004792992314684737
Beauty,Beauty,before_col,L0,8,48,0.003966614329394265
Beauty,Beauty,before_col,L0,9,36,0.0029749607470456988
Beauty,Beauty,before_col,L0,10,39,0.00322287414263284
Beauty,Beauty,before_col,L0,11,57,0.004710354516155689
Beauty,Beauty,before_col,L0,12,30,0.0024791339558714156
Beauty,Beauty,before_col,L0,13,50,0.004131889926452359
Beauty,Beauty,before_col,L0,14,53,0.004379803322039501
Beauty,Beauty,before_col,L0,15,52,0.004297165523510454
Beauty,Beauty,before_col,L0,16,59,0.0048756301132137836
Beauty,Beauty,before_col,L0,17,83,0.006858937277910916
Beauty,Beauty,before_col,L0,18,100,0.008263779852904718
Beauty,Beauty,before_col,L0,19,56,0.004627716717626643
Beauty,Beauty,before_col,L0,20,29,0.0023964961573423684
Beauty,Beauty,before_col,L0,21,69,0.005702008098504256
Beauty,Beauty,before_col,L0,22,19,0.0015701181720518965
Beauty,Beauty,before_col,L0,23,60,0.004958267911742831
Beauty,Beauty,before_col,L0,24,37,0.003057598545574746
Beauty,Beauty,before_col,L0,25,42,0.003470787538219982
Beauty,Beauty,before_col,L0,26,32,0.00264440955292951
Beauty,Beauty,before_col,L0,27,46,0.0038013387323361705
Beauty,Beauty,before_col,L0,28,44,0.003636063135278076
Beauty,Beauty,before_col,L0,29,80,0.0066110238823237745
Beauty,Beauty,before_col,L0,30,45,0.0037187009338071233
Beauty,Beauty,before_col,L0,31,39,0.00322287414263284
Beauty,Beauty,before_col,L0,32,30,0.0024791339558714156
Beauty,Beauty,before_col,L0,33,48,0.003966614329394265
Beauty,Beauty,before_col,L0,34,60,0.004958267911742831
Beauty,Beauty,before_col,L0,35,38,0.003140236344103793
Beauty,Beauty,before_col,L0,36,46,0.0038013387323361705
Beauty,Beauty,before_col,L0,37,37,0.003057598545574746
Beauty,Beauty,before_col,L0,38,52,0.004297165523510454
Beauty,Beauty,before_col,L0,39,51,0.0042145277249814065
Beauty,Beauty,before_col,L0,40,56,0.004627716717626643
Beauty,Beauty,before_col,L0,41,41,0.003388149739690935
Beauty,Beauty,before_col,L0,42,50,0.004131889926452359
Beauty,Beauty,before_col,L0,43,58,0.004792992314684737
Beauty,Beauty,before_col,L0,44,62,0.005123543508800925
Beauty,Beauty,before_col,L0,45,12,0.0009916535823485662
Beauty,Beauty,before_col,L0,46,64,0.00528881910585902
Beauty,Beauty,before_col,L0,47,46,0.0038013387323361705
Beauty,Beauty,before_col,L0,48,35,0.0028923229485166516
Beauty,Beauty,before_col,L0,49,57,0.004710354516155689
Beauty,Beauty,before_col,L0,50,69,0.005702008098504256
Beauty,Beauty,before_col,L0,51,37,0.003057598545574746
Beauty,Beauty,before_col,L0,52,66,0.005454094702917114
Beauty,Beauty,before_col,L0,53,28,0.0023138583588133213
Beauty,Beauty,before_col,L0,54,51,0.0042145277249814065
Beauty,Beauty,before_col,L0,55,31,0.0025617717544004627
Beauty,Beauty,before_col,L0,56,40,0.0033055119411618873
Beauty,Beauty,before_col,L0,57,27,0.002231220560284274
Beauty,Beauty,before_col,L0,58,45,0.0037187009338071233
Beauty,Beauty,before_col,L0,59,33,0.002727047351458557
Beauty,Beauty,before_col,L0,60,52,0.004297165523510454
Beauty,Beauty,before_col,L0,61,36,0.0029749607470456988
Beauty,Beauty,before_col,L0,62,25,0.0020659449632261795
Beauty,Beauty,before_col,L0,63,28,0.0023138583588133213
Beauty,Beauty,before_col,L0,64,34,0.0028096851499876045
Beauty,Beauty,before_col,L0,65,28,0.0023138583588133213
Beauty,Beauty,before_col,L0,66,72,0.0059499214940913975
Beauty,Beauty,before_col,L0,67,83,0.006858937277910916
Beauty,Beauty,before_col,L0,68,36,0.0029749607470456988
Beauty,Beauty,before_col,L0,69,26,0.002148582761755227
Beauty,Beauty,before_col,L0,70,49,0.004049252127923312
Beauty,Beauty,before_col,L0,71,52,0.004297165523510454
Beauty,Beauty,before_col,L0,72,30,0.0024791339558714156
Beauty,Beauty,before_col,L0,73,31,0.0025617717544004627
Beauty,Beauty,before_col,L0,74,39,0.00322287414263284
Beauty,Beauty,before_col,L0,75,65,0.005371456904388067
Beauty,Beauty,before_col,L0,76,76,0.006280472688207586
Beauty,Beauty,before_col,L0,77,44,0.003636063135278076
Beauty,Beauty,before_col,L0,78,77,0.006363110486736634
Beauty,Beauty,before_col,L0,79,36,0.0029749607470456988
Beauty,Beauty,before_col,L0,80,45,0.0037187009338071233
Beauty,Beauty,before_col,L0,81,51,0.0042145277249814065
Beauty,Beauty,before_col,L0,82,37,0.003057598545574746
Beauty,Beauty,before_col,L0,83,54,0.004462441120568548
Beauty,Beauty,before_col,L0,84,29,0.0023964961573423684
Beauty,Beauty,before_col,L0,85,46,0.0038013387323361705
Beauty,Beauty,before_col,L0,86,30,0.0024791339558714156
Beauty,Beauty,before_col,L0,87,28,0.0023138583588133213
Beauty,Beauty,before_col,L0,88,24,0.0019833071646971324
Beauty,Beauty,before_col,L0,89,40,0.0033055119411618873
Beauty,Beauty,before_col,L0,90,41,0.003388149739690935
Beauty,Beauty,before_col,L0,91,35,0.0028923229485166516
Beauty,Beauty,before_col,L0,92,65,0.005371456904388067
Beauty,Beauty,before_col,L0,93,37,0.003057598545574746
Beauty,Beauty,before_col,L0,94,40,0.0033055119411618873
Beauty,Beauty,before_col,L0,95,55,0.004545078919097595
Beauty,Beauty,before_col,L0,96,38,0.003140236344103793
Beauty,Beauty,before_col,L0,97,53,0.004379803322039501
Beauty,Beauty,before_col,L0,98,57,0.004710354516155689
Beauty,Beauty,before_col,L0,99,108,0.008924882241137097
Beauty,Beauty,before_col,L0,100,31,0.0025617717544004627
Beauty,Beauty,before_col,L0,101,77,0.006363110486736634
Beauty,Beauty,before_col,L0,102,26,0.002148582761755227
Beauty,Beauty,before_col,L0,103,42,0.003470787538219982
Beauty,Beauty,before_col,L0,104,9,0.0007437401867614247
Beauty,Beauty,before_col,L0,105,66,0.005454094702917114
Beauty,Beauty,before_col,L0,106,41,0.003388149739690935
Beauty,Beauty,before_col,L0,107,100,0.008263779852904718
Beauty,Beauty,before_col,L0,108,16,0.001322204776464755
Beauty,Beauty,before_col,L0,109,37,0.003057598545574746
Beauty,Beauty,before_col,L0,110,21,0.001735393769109991
Beauty,Beauty,before_col,L0,111,64,0.00528881910585902
Beauty,Beauty,before_col,L0,112,47,0.0038839765308652176
Beauty,Beauty,before_col,L0,113,49,0.004049252127923312
Beauty,Beauty,before_col,L0,114,36,0.0029749607470456988
Beauty,Beauty,before_col,L0,115,35,0.0028923229485166516
Beauty,Beauty,before_col,L0,116,50,0.004131889926452359
Beauty,Beauty,before_col,L0,117,49,0.004049252127923312
Beauty,Beauty,before_col,L0,118,40,0.0033055119411618873
Beauty,Beauty,before_col,L0,119,35,0.0028923229485166516
Beauty,Beauty,before_col,L0,120,24,0.0019833071646971324
Beauty,Beauty,before_col,L0,121,76,0.006280472688207586
Beauty,Beauty,before_col,L0,122,125,0.010329724816130897
Beauty,Beauty,before_col,L0,123,41,0.003388149739690935
Beauty,Beauty,before_col,L0,124,26,0.002148582761755227
Beauty,Beauty,before_col,L0,125,56,0.004627716717626643
Beauty,Beauty,before_col,L0,126,44,0.003636063135278076
Beauty,Beauty,before_col,L0,127,46,0.0038013387323361705
Beauty,Beauty,before_col,L0,128,10,0.0008263779852904718
Beauty,Beauty,before_col,L0,129,50,0.004131889926452359
Beauty,Beauty,before_col,L0,130,59,0.0048756301132137836
Beauty,Beauty,before_col,L0,131,46,0.0038013387323361705
Beauty,Beauty,before_col,L0,132,23,0.0019006693661680852
Beauty,Beauty,before_col,L0,133,40,0.0033055119411618873
Beauty,Beauty,before_col,L0,134,62,0.005123543508800925
Beauty,Beauty,before_col,L0,135,52,0.004297165523510454
Beauty,Beauty,before_col,L0,136,59,0.0048756301132137836
Beauty,Beauty,before_col,L0,137,70,0.005784645897033303
Beauty,Beauty,before_col,L0,138,54,0.004462441120568548
Beauty,Beauty,before_col,L0,139,55,0.004545078919097595
Beauty,Beauty,before_col,L0,140,42,0.003470787538219982
Beauty,Beauty,before_col,L0,141,64,0.00528881910585902
Beauty,Beauty,before_col,L0,142,32,0.00264440955292951
Beauty,Beauty,before_col,L0,143,36,0.0029749607470456988
Beauty,Beauty,before_col,L0,144,39,0.00322287414263284
Beauty,Beauty,before_col,L0,145,59,0.0048756301132137836
Beauty,Beauty,before_col,L0,146,22,0.001818031567639038
Beauty,Beauty,before_col,L0,147,19,0.0015701181720518965
Beauty,Beauty,before_col,L0,148,47,0.0038839765308652176
Beauty,Beauty,before_col,L0,149,55,0.004545078919097595
Beauty,Beauty,before_col,L0,150,77,0.006363110486736634
Beauty,Beauty,before_col,L0,151,42,0.003470787538219982
Beauty,Beauty,before_col,L0,152,51,0.0042145277249814065
Beauty,Beauty,before_col,L0,153,30,0.0024791339558714156
Beauty,Beauty,before_col,L0,154,50,0.004131889926452359
Beauty,Beauty,before_col,L0,155,60,0.004958267911742831
Beauty,Beauty,before_col,L0,156,30,0.0024791339558714156
Beauty,Beauty,before_col,L0,157,49,0.004049252127923312
Beauty,Beauty,before_col,L0,158,33,0.002727047351458557
Beauty,Beauty,before_col,L0,159,44,0.003636063135278076
Beauty,Beauty,before_col,L0,160,48,0.003966614329394265
Beauty,Beauty,before_col,L0,161,53,0.004379803322039501
Beauty,Beauty,before_col,L0,162,52,0.004297165523510454
Beauty,Beauty,before_col,L0,163,43,0.003553425336749029
Beauty,Beauty,before_col,L0,164,44,0.003636063135278076
Beauty,Beauty,before_col,L0,165,62,0.005123543508800925
Beauty,Beauty,before_col,L0,166,33,0.002727047351458557
Beauty,Beauty,before_col,L0,167,37,0.003057598545574746
Beauty,Beauty,before_col,L0,168,40,0.0033055119411618873
Beauty,Beauty,before_col,L0,169,52,0.004297165523510454
Beauty,Beauty,before_col,L0,170,44,0.003636063135278076
Beauty,Beauty,before_col,L0,171,47,0.0038839765308652176
Beauty,Beauty,before_col,L0,172,33,0.002727047351458557
Beauty,Beauty,before_col,L0,173,28,0.0023138583588133213
Beauty,Beauty,before_col,L0,174,36,0.0029749607470456988
Beauty,Beauty,before_col,L0,175,49,0.004049252127923312
Beauty,Beauty,before_col,L0,176,76,0.006280472688207586
Beauty,Beauty,before_col,L0,177,48,0.003966614329394265
Beauty,Beauty,before_col,L0,178,64,0.00528881910585902
Beauty,Beauty,before_col,L0,179,40,0.0033055119411618873
Beauty,Beauty,before_col,L0,180,48,0.003966614329394265
Beauty,Beauty,before_col,L0,181,40,0.0033055119411618873
Beauty,Beauty,before_col,L0,182,21,0.001735393769109991
Beauty,Beauty,before_col,L0,183,18,0.0014874803735228494
Beauty,Beauty,before_col,L0,184,37,0.003057598545574746
Beauty,Beauty,before_col,L0,185,60,0.004958267911742831
Beauty,Beauty,before_col,L0,186,42,0.003470787538219982
Beauty,Beauty,before_col,L0,187,64,0.00528881910585902
Beauty,Beauty,before_col,L0,188,56,0.004627716717626643
Beauty,Beauty,before_col,L0,189,43,0.003553425336749029
Beauty,Beauty,before_col,L0,190,50,0.004131889926452359
Beauty,Beauty,before_col,L0,191,34,0.0028096851499876045
Beauty,Beauty,before_col,L0,192,33,0.002727047351458557
Beauty,Beauty,before_col,L0,193,147,0.012147756383769937
Beauty,Beauty,before_col,L0,194,39,0.00322287414263284
Beauty,Beauty,before_col,L0,195,36,0.0029749607470456988
Beauty,Beauty,before_col,L0,196,61,0.005040905710271879
Beauty,Beauty,before_col,L0,197,29,0.0023964961573423684
Beauty,Beauty,before_col,L0,198,32,0.00264440955292951
Beauty,Beauty,before_col,L0,199,38,0.003140236344103793
Beauty,Beauty,before_col,L0,200,56,0.004627716717626643
Beauty,Beauty,before_col,L0,201,18,0.0014874803735228494
Beauty,Beauty,before_col,L0,202,32,0.00264440955292951
Beauty,Beauty,before_col,L0,203,32,0.00264440955292951
Beauty,Beauty,before_col,L0,204,52,0.004297165523510454
Beauty,Beauty,before_col,L0,205,61,0.005040905710271879
Beauty,Beauty,before_col,L0,206,38,0.003140236344103793
Beauty,Beauty,before_col,L0,207,37,0.003057598545574746
Beauty,Beauty,before_col,L0,208,33,0.002727047351458557
Beauty,Beauty,before_col,L0,209,61,0.005040905710271879
Beauty,Beauty,before_col,L0,210,33,0.002727047351458557
Beauty,Beauty,before_col,L0,211,86,0.007106850673498058
Beauty,Beauty,before_col,L0,212,45,0.0037187009338071233
Beauty,Beauty,before_col,L0,213,45,0.0037187009338071233
Beauty,Beauty,before_col,L0,214,102,0.008429055449962813
Beauty,Beauty,before_col,L0,215,47,0.0038839765308652176
Beauty,Beauty,before_col,L0,216,32,0.00264440955292951
Beauty,Beauty,before_col,L0,217,38,0.003140236344103793
Beauty,Beauty,before_col,L0,218,38,0.003140236344103793
Beauty,Beauty,before_col,L0,219,44,0.003636063135278076
Beauty,Beauty,before_col,L0,220,34,0.0028096851499876045
Beauty,Beauty,before_col,L0,221,54,0.004462441120568548
Beauty,Beauty,before_col,L0,222,57,0.004710354516155689
Beauty,Beauty,before_col,L0,223,35,0.0028923229485166516
Beauty,Beauty,before_col,L0,224,40,0.0033055119411618873
Beauty,Beauty,before_col,L0,225,109,0.009007520039666143
Beauty,Beauty,before_col,L0,226,37,0.003057598545574746
Beauty,Beauty,before_col,L0,227,51,0.0042145277249814065
Beauty,Beauty,before_col,L0,228,35,0.0028923229485166516
Beauty,Beauty,before_col,L0,229,39,0.00322287414263284
Beauty,Beauty,before_col,L0,230,38,0.003140236344103793
Beauty,Beauty,before_col,L0,231,38,0.003140236344103793
Beauty,Beauty,before_col,L0,232,52,0.004297165523510454
Beauty,Beauty,before_col,L0,233,48,0.003966614329394265
Beauty,Beauty,before_col,L0,234,42,0.003470787538219982
Beauty,Beauty,before_col,L0,235,41,0.003388149739690935
Beauty,Beauty,before_col,L0,236,55,0.004545078919097595
Beauty,Beauty,before_col,L0,237,50,0.004131889926452359
Beauty,Beauty,before_col,L0,238,58,0.004792992314684737
Beauty,Beauty,before_col,L0,239,86,0.007106850673498058
Beauty,Beauty,before_col,L0,240,31,0.0025617717544004627
Beauty,Beauty,before_col,L0,241,48,0.003966614329394265
Beauty,Beauty,before_col,L0,242,56,0.004627716717626643
Beauty,Beauty,before_col,L0,243,44,0.003636063135278076
Beauty,Beauty,before_col,L0,244,48,0.003966614329394265
Beauty,Beauty,before_col,L0,245,35,0.0028923229485166516
Beauty,Beauty,before_col,L0,246,46,0.0038013387323361705
Beauty,Beauty,before_col,L0,247,40,0.0033055119411618873
Beauty,Beauty,before_col,L0,248,66,0.005454094702917114
Beauty,Beauty,before_col,L0,249,71,0.00586728369556235
Beauty,Beauty,before_col,L0,250,36,0.0029749607470456988
Beauty,Beauty,before_col,L0,251,53,0.004379803322039501
Beauty,Beauty,before_col,L0,252,54,0.004462441120568548
Beauty,Beauty,before_col,L0,253,48,0.003966614329394265
Beauty,Beauty,before_col,L0,254,132,0.010908189405834228
Beauty,Beauty,before_col,L0,255,63,0.005206181307329973
Beauty,Beauty,before_col,L1,0,59,0.0048756301132137836
Beauty,Beauty,before_col,L1,1,29,0.0023964961573423684
Beauty,Beauty,before_col,L1,2,32,0.00264440955292951
Beauty,Beauty,before_col,L1,3,40,0.0033055119411618873
Beauty,Beauty,before_col,L1,4,31,0.0025617717544004627
Beauty,Beauty,before_col,L1,5,45,0.0037187009338071233
Beauty,Beauty,before_col,L1,6,78,0.00644574828526568
Beauty,Beauty,before_col,L1,7,87,0.007189488472027105
Beauty,Beauty,before_col,L1,8,40,0.0033055119411618873
Beauty,Beauty,before_col,L1,9,42,0.003470787538219982
Beauty,Beauty,before_col,L1,10,50,0.004131889926452359
Beauty,Beauty,before_col,L1,11,57,0.004710354516155689
Beauty,Beauty,before_col,L1,12,55,0.004545078919097595
Beauty,Beauty,before_col,L1,13,47,0.0038839765308652176
Beauty,Beauty,before_col,L1,14,53,0.004379803322039501
Beauty,Beauty,before_col,L1,15,103,0.00851169324849186
Beauty,Beauty,before_col,L1,16,40,0.0033055119411618873
Beauty,Beauty,before_col,L1,17,48,0.003966614329394265
Beauty,Beauty,before_col,L1,18,38,0.003140236344103793
Beauty,Beauty,before_col,L1,19,20,0.0016527559705809436
Beauty,Beauty,before_col,L1,20,33,0.002727047351458557
Beauty,Beauty,before_col,L1,21,42,0.003470787538219982
Beauty,Beauty,before_col,L1,22,47,0.0038839765308652176
Beauty,Beauty,before_col,L1,23,42,0.003470787538219982
Beauty,Beauty,before_col,L1,24,44,0.003636063135278076
Beauty,Beauty,before_col,L1,25,36,0.0029749607470456988
Beauty,Beauty,before_col,L1,26,38,0.003140236344103793
Beauty,Beauty,before_col,L1,27,75,0.006197834889678539
Beauty,Beauty,before_col,L1,28,66,0.005454094702917114
Beauty,Beauty,before_col,L1,29,40,0.0033055119411618873
Beauty,Beauty,before_col,L1,30,25,0.0020659449632261795
Beauty,Beauty,before_col,L1,31,38,0.003140236344103793
Beauty,Beauty,before_col,L1,32,53,0.004379803322039501
Beauty,Beauty,before_col,L1,33,53,0.004379803322039501
Beauty,Beauty,before_col,L1,34,36,0.0029749607470456988
Beauty,Beauty,before_col,L1,35,42,0.003470787538219982
Beauty,Beauty,before_col,L1,36,49,0.004049252127923312
Beauty,Beauty,before_col,L1,37,50,0.004131889926452359
Beauty,Beauty,before_col,L1,38,26,0.002148582761755227
Beauty,Beauty,before_col,L1,39,21,0.001735393769109991
Beauty,Beauty,before_col,L1,40,52,0.004297165523510454
Beauty,Beauty,before_col,L1,41,57,0.004710354516155689
Beauty,Beauty,before_col,L1,42,64,0.00528881910585902
Beauty,Beauty,before_col,L1,43,35,0.0028923229485166516
Beauty,Beauty,before_col,L1,44,52,0.004297165523510454
Beauty,Beauty,before_col,L1,45,61,0.005040905710271879
Beauty,Beauty,before_col,L1,46,56,0.004627716717626643
Beauty,Beauty,before_col,L1,47,39,0.00322287414263284
Beauty,Beauty,before_col,L1,48,61,0.005040905710271879
Beauty,Beauty,before_col,L1,49,35,0.0028923229485166516
Beauty,Beauty,before_col,L1,50,43,0.003553425336749029
Beauty,Beauty,before_col,L1,51,68,0.005619370299975209
Beauty,Beauty,before_col,L1,52,43,0.003553425336749029
Beauty,Beauty,before_col,L1,53,50,0.004131889926452359
Beauty,Beauty,before_col,L1,54,59,0.0048756301132137836
Beauty,Beauty,before_col,L1,55,44,0.003636063135278076
Beauty,Beauty,before_col,L1,56,37,0.003057598545574746
Beauty,Beauty,before_col,L1,57,44,0.003636063135278076
Beauty,Beauty,before_col,L1,58,55,0.004545078919097595
Beauty,Beauty,before_col,L1,59,42,0.003470787538219982
Beauty,Beauty,before_col,L1,60,14,0.0011569291794066607
Beauty,Beauty,before_col,L1,61,38,0.003140236344103793
Beauty,Beauty,before_col,L1,62,51,0.0042145277249814065
Beauty,Beauty,before_col,L1,63,31,0.0025617717544004627
Beauty,Beauty,before_col,L1,64,49,0.004049252127923312
Beauty,Beauty,before_col,L1,65,50,0.004131889926452359
Beauty,Beauty,before_col,L1,66,32,0.00264440955292951
Beauty,Beauty,before_col,L1,67,57,0.004710354516155689
Beauty,Beauty,before_col,L1,68,40,0.0033055119411618873
Beauty,Beauty,before_col,L1,69,51,0.0042145277249814065
Beauty,Beauty,before_col,L1,70,33,0.002727047351458557
Beauty,Beauty,before_col,L1,71,44,0.003636063135278076
Beauty,Beauty,before_col,L1,72,52,0.004297165523510454
Beauty,Beauty,before_col,L1,73,74,0.006115197091149492
Beauty,Beauty,before_col,L1,74,31,0.0025617717544004627
Beauty,Beauty,before_col,L1,75,49,0.004049252127923312
Beauty,Beauty,before_col,L1,76,30,0.0024791339558714156
Beauty,Beauty,before_col,L1,77,32,0.00264440955292951
Beauty,Beauty,before_col,L1,78,112,0.009255433435253285
Beauty,Beauty,before_col,L1,79,59,0.0048756301132137836
Beauty,Beauty,before_col,L1,80,36,0.0029749607470456988
Beauty,Beauty,before_col,L1,81,43,0.003553425336749029
Beauty,Beauty,before_col,L1,82,77,0.006363110486736634
Beauty,Beauty,before_col,L1,83,36,0.0029749607470456988
Beauty,Beauty,before_col,L1,84,49,0.004049252127923312
Beauty,Beauty,before_col,L1,85,54,0.004462441120568548
Beauty,Beauty,before_col,L1,86,32,0.00264440955292951
Beauty,Beauty,before_col,L1,87,102,0.008429055449962813
Beauty,Beauty,before_col,L1,88,56,0.004627716717626643
Beauty,Beauty,before_col,L1,89,46,0.0038013387323361705
Beauty,Beauty,before_col,L1,90,52,0.004297165523510454
Beauty,Beauty,before_col,L1,91,48,0.003966614329394265
Beauty,Beauty,before_col,L1,92,38,0.003140236344103793
Beauty,Beauty,before_col,L1,93,39,0.00322287414263284
Beauty,Beauty,before_col,L1,94,58,0.004792992314684737
Beauty,Beauty,before_col,L1,95,55,0.004545078919097595
Beauty,Beauty,before_col,L1,96,42,0.003470787538219982
Beauty,Beauty,before_col,L1,97,54,0.004462441120568548
Beauty,Beauty,before_col,L1,98,30,0.0024791339558714156
Beauty,Beauty,before_col,L1,99,42,0.003470787538219982
Beauty,Beauty,before_col,L1,100,26,0.002148582761755227
Beauty,Beauty,before_col,L1,101,46,0.0038013387323361705
Beauty,Beauty,before_col,L1,102,48,0.003966614329394265
Beauty,Beauty,before_col,L1,103,43,0.003553425336749029
Beauty,Beauty,before_col,L1,104,31,0.0025617717544004627
Beauty,Beauty,before_col,L1,105,40,0.0033055119411618873
Beauty,Beauty,before_col,L1,106,42,0.003470787538219982
Beauty,Beauty,before_col,L1,107,48,0.003966614329394265
Beauty,Beauty,before_col,L1,108,47,0.0038839765308652176
Beauty,Beauty,before_col,L1,109,64,0.00528881910585902
Beauty,Beauty,before_col,L1,110,31,0.0025617717544004627
Beauty,Beauty,before_col,L1,111,55,0.004545078919097595
Beauty,Beauty,before_col,L1,112,47,0.0038839765308652176
Beauty,Beauty,before_col,L1,113,37,0.003057598545574746
Beauty,Beauty,before_col,L1,114,47,0.0038839765308652176
Beauty,Beauty,before_col,L1,115,48,0.003966614329394265
Beauty,Beauty,before_col,L1,116,39,0.00322287414263284
Beauty,Beauty,before_col,L1,117,43,0.003553425336749029
Beauty,Beauty,before_col,L1,118,54,0.004462441120568548
Beauty,Beauty,before_col,L1,119,47,0.0038839765308652176
Beauty,Beauty,before_col,L1,120,41,0.003388149739690935
Beauty,Beauty,before_col,L1,121,29,0.0023964961573423684
Beauty,Beauty,before_col,L1,122,68,0.005619370299975209
Beauty,Beauty,before_col,L1,123,37,0.003057598545574746
Beauty,Beauty,before_col,L1,124,77,0.006363110486736634
Beauty,Beauty,before_col,L1,125,39,0.00322287414263284
Beauty,Beauty,before_col,L1,126,51,0.0042145277249814065
Beauty,Beauty,before_col,L1,127,69,0.005702008098504256
Beauty,Beauty,before_col,L1,128,51,0.0042145277249814065
Beauty,Beauty,before_col,L1,129,33,0.002727047351458557
Beauty,Beauty,before_col,L1,130,27,0.002231220560284274
Beauty,Beauty,before_col,L1,131,52,0.004297165523510454
Beauty,Beauty,before_col,L1,132,33,0.002727047351458557
Beauty,Beauty,before_col,L1,133,26,0.002148582761755227
Beauty,Beauty,before_col,L1,134,39,0.00322287414263284
Beauty,Beauty,before_col,L1,135,57,0.004710354516155689
Beauty,Beauty,before_col,L1,136,40,0.0033055119411618873
Beauty,Beauty,before_col,L1,137,24,0.0019833071646971324
Beauty,Beauty,before_col,L1,138,43,0.003553425336749029
Beauty,Beauty,before_col,L1,139,52,0.004297165523510454
Beauty,Beauty,before_col,L1,140,36,0.0029749607470456988
Beauty,Beauty,before_col,L1,141,44,0.003636063135278076
Beauty,Beauty,before_col,L1,142,45,0.0037187009338071233
Beauty,Beauty,before_col,L1,143,33,0.002727047351458557
Beauty,Beauty,before_col,L1,144,34,0.0028096851499876045
Beauty,Beauty,before_col,L1,145,46,0.0038013387323361705
Beauty,Beauty,before_col,L1,146,93,0.0076853152632013885
Beauty,Beauty,before_col,L1,147,48,0.003966614329394265
Beauty,Beauty,before_col,L1,148,43,0.003553425336749029
Beauty,Beauty,before_col,L1,149,31,0.0025617717544004627
Beauty,Beauty,before_col,L1,150,21,0.001735393769109991
Beauty,Beauty,before_col,L1,151,34,0.0028096851499876045
Beauty,Beauty,before_col,L1,152,29,0.0023964961573423684
Beauty,Beauty,before_col,L1,153,30,0.0024791339558714156
Beauty,Beauty,before_col,L1,154,35,0.0028923229485166516
Beauty,Beauty,before_col,L1,155,29,0.0023964961573423684
Beauty,Beauty,before_col,L1,156,34,0.0028096851499876045
Beauty,Beauty,before_col,L1,157,39,0.00322287414263284
Beauty,Beauty,before_col,L1,158,73,0.006032559292620444
Beauty,Beauty,before_col,L1,159,68,0.005619370299975209
Beauty,Beauty,before_col,L1,160,45,0.0037187009338071233
Beauty,Beauty,before_col,L1,161,53,0.004379803322039501
Beauty,Beauty,before_col,L1,162,65,0.005371456904388067
Beauty,Beauty,before_col,L1,163,31,0.0025617717544004627
Beauty,Beauty,before_col,L1,164,57,0.004710354516155689
Beauty,Beauty,before_col,L1,165,46,0.0038013387323361705
Beauty,Beauty,before_col,L1,166,62,0.005123543508800925
Beauty,Beauty,before_col,L1,167,44,0.003636063135278076
Beauty,Beauty,before_col,L1,168,36,0.0029749607470456988
Beauty,Beauty,before_col,L1,169,47,0.0038839765308652176
Beauty,Beauty,before_col,L1,170,33,0.002727047351458557
Beauty,Beauty,before_col,L1,171,36,0.0029749607470456988
Beauty,Beauty,before_col,L1,172,39,0.00322287414263284
Beauty,Beauty,before_col,L1,173,37,0.003057598545574746
Beauty,Beauty,before_col,L1,174,56,0.004627716717626643
Beauty,Beauty,before_col,L1,175,58,0.004792992314684737
Beauty,Beauty,before_col,L1,176,34,0.0028096851499876045
Beauty,Beauty,before_col,L1,177,54,0.004462441120568548
Beauty,Beauty,before_col,L1,178,52,0.004297165523510454
Beauty,Beauty,before_col,L1,179,46,0.0038013387323361705
Beauty,Beauty,before_col,L1,180,52,0.004297165523510454
Beauty,Beauty,before_col,L1,181,34,0.0028096851499876045
Beauty,Beauty,before_col,L1,182,47,0.0038839765308652176
Beauty,Beauty,before_col,L1,183,40,0.0033055119411618873
Beauty,Beauty,before_col,L1,184,47,0.0038839765308652176
Beauty,Beauty,before_col,L1,185,39,0.00322287414263284
Beauty,Beauty,before_col,L1,186,30,0.0024791339558714156
Beauty,Beauty,before_col,L1,187,46,0.0038013387323361705
Beauty,Beauty,before_col,L1,188,46,0.0038013387323361705
Beauty,Beauty,before_col,L1,189,53,0.004379803322039501
Beauty,Beauty,before_col,L1,190,59,0.0048756301132137836
Beauty,Beauty,before_col,L1,191,108,0.008924882241137097
Beauty,Beauty,before_col,L1,192,39,0.00322287414263284
Beauty,Beauty,before_col,L1,193,49,0.004049252127923312
Beauty,Beauty,before_col,L1,194,60,0.004958267911742831
Beauty,Beauty,before_col,L1,195,89,0.0073547640690852
Beauty,Beauty,before_col,L1,196,51,0.0042145277249814065
Beauty,Beauty,before_col,L1,197,49,0.004049252127923312
Beauty,Beauty,before_col,L1,198,38,0.003140236344103793
Beauty,Beauty,before_col,L1,199,51,0.0042145277249814065
Beauty,Beauty,before_col,L1,200,69,0.005702008098504256
Beauty,Beauty,before_col,L1,201,45,0.0037187009338071233
Beauty,Beauty,before_col,L1,202,46,0.0038013387323361705
Beauty,Beauty,before_col,L1,203,38,0.003140236344103793
Beauty,Beauty,before_col,L1,204,43,0.003553425336749029
Beauty,Beauty,before_col,L1,205,53,0.004379803322039501
Beauty,Beauty,before_col,L1,206,42,0.003470787538219982
Beauty,Beauty,before_col,L1,207,59,0.0048756301132137836
Beauty,Beauty,before_col,L1,208,37,0.003057598545574746
Beauty,Beauty,before_col,L1,209,31,0.0025617717544004627
Beauty,Beauty,before_col,L1,210,39,0.00322287414263284
Beauty,Beauty,before_col,L1,211,29,0.0023964961573423684
Beauty,Beauty,before_col,L1,212,36,0.0029749607470456988
Beauty,Beauty,before_col,L1,213,52,0.004297165523510454
Beauty,Beauty,before_col,L1,214,21,0.001735393769109991
Beauty,Beauty,before_col,L1,215,39,0.00322287414263284
Beauty,Beauty,before_col,L1,216,34,0.0028096851499876045
Beauty,Beauty,before_col,L1,217,61,0.005040905710271879
Beauty,Beauty,before_col,L1,218,45,0.0037187009338071233
Beauty,Beauty,before_col,L1,219,44,0.003636063135278076
Beauty,Beauty,before_col,L1,220,37,0.003057598545574746
Beauty,Beauty,before_col,L1,221,40,0.0033055119411618873
Beauty,Beauty,before_col,L1,222,64,0.00528881910585902
Beauty,Beauty,before_col,L1,223,40,0.0033055119411618873
Beauty,Beauty,before_col,L1,224,36,0.0029749607470456988
Beauty,Beauty,before_col,L1,225,51,0.0042145277249814065
Beauty,Beauty,before_col,L1,226,69,0.005702008098504256
Beauty,Beauty,before_col,L1,227,151,0.012478307577886125
Beauty,Beauty,before_col,L1,228,66,0.005454094702917114
Beauty,Beauty,before_col,L1,229,44,0.003636063135278076
Beauty,Beauty,before_col,L1,230,58,0.004792992314684737
Beauty,Beauty,before_col,L1,231,37,0.003057598545574746
Beauty,Beauty,before_col,L1,232,41,0.003388149739690935
Beauty,Beauty,before_col,L1,233,32,0.00264440955292951
Beauty,Beauty,before_col,L1,234,46,0.0038013387323361705
Beauty,Beauty,before_col,L1,235,43,0.003553425336749029
Beauty,Beauty,before_col,L1,236,35,0.0028923229485166516
Beauty,Beauty,before_col,L1,237,54,0.004462441120568548
Beauty,Beauty,before_col,L1,238,29,0.0023964961573423684
Beauty,Beauty,before_col,L1,239,39,0.00322287414263284
Beauty,Beauty,before_col,L1,240,40,0.0033055119411618873
Beauty,Beauty,before_col,L1,241,39,0.00322287414263284
Beauty,Beauty,before_col,L1,242,47,0.0038839765308652176
Beauty,Beauty,before_col,L1,243,41,0.003388149739690935
Beauty,Beauty,before_col,L1,244,47,0.0038839765308652176
Beauty,Beauty,before_col,L1,245,44,0.003636063135278076
Beauty,Beauty,before_col,L1,246,27,0.002231220560284274
Beauty,Beauty,before_col,L1,247,64,0.00528881910585902
Beauty,Beauty,before_col,L1,248,35,0.0028923229485166516
Beauty,Beauty,before_col,L1,249,33,0.002727047351458557
Beauty,Beauty,before_col,L1,250,43,0.003553425336749029
Beauty,Beauty,before_col,L1,251,38,0.003140236344103793
Beauty,Beauty,before_col,L1,252,38,0.003140236344103793
Beauty,Beauty,before_col,L1,253,258,0.021320552020494175
Beauty,Beauty,before_col,L1,254,49,0.004049252127923312
Beauty,Beauty,before_col,L1,255,44,0.003636063135278076
Beauty,Beauty,before_col,L2,0,46,0.0038013387323361705
Beauty,Beauty,before_col,L2,1,36,0.0029749607470456988
Beauty,Beauty,before_col,L2,2,34,0.0028096851499876045
Beauty,Beauty,before_col,L2,3,53,0.004379803322039501
Beauty,Beauty,before_col,L2,4,143,0.011817205189653748
Beauty,Beauty,before_col,L2,5,35,0.0028923229485166516
Beauty,Beauty,before_col,L2,6,55,0.004545078919097595
Beauty,Beauty,before_col,L2,7,41,0.003388149739690935
Beauty,Beauty,before_col,L2,8,46,0.0038013387323361705
Beauty,Beauty,before_col,L2,9,34,0.0028096851499876045
Beauty,Beauty,before_col,L2,10,38,0.003140236344103793
Beauty,Beauty,before_col,L2,11,55,0.004545078919097595
Beauty,Beauty,before_col,L2,12,53,0.004379803322039501
Beauty,Beauty,before_col,L2,13,51,0.0042145277249814065
Beauty,Beauty,before_col,L2,14,41,0.003388149739690935
Beauty,Beauty,before_col,L2,15,40,0.0033055119411618873
Beauty,Beauty,before_col,L2,16,96,0.00793322865878853
Beauty,Beauty,before_col,L2,17,34,0.0028096851499876045
Beauty,Beauty,before_col,L2,18,32,0.00264440955292951
Beauty,Beauty,before_col,L2,19,45,0.0037187009338071233
Beauty,Beauty,before_col,L2,20,54,0.004462441120568548
Beauty,Beauty,before_col,L2,21,45,0.0037187009338071233
Beauty,Beauty,before_col,L2,22,54,0.004462441120568548
Beauty,Beauty,before_col,L2,23,41,0.003388149739690935
Beauty,Beauty,before_col,L2,24,61,0.005040905710271879
Beauty,Beauty,before_col,L2,25,52,0.004297165523510454
Beauty,Beauty,before_col,L2,26,46,0.0038013387323361705
Beauty,Beauty,before_col,L2,27,54,0.004462441120568548
Beauty,Beauty,before_col,L2,28,97,0.008015866457317578
Beauty,Beauty,before_col,L2,29,50,0.004131889926452359
Beauty,Beauty,before_col,L2,30,59,0.0048756301132137836
Beauty,Beauty,before_col,L2,31,31,0.0025617717544004627
Beauty,Beauty,before_col,L2,32,35,0.0028923229485166516
Beauty,Beauty,before_col,L2,33,54,0.004462441120568548
Beauty,Beauty,before_col,L2,34,32,0.00264440955292951
Beauty,Beauty,before_col,L2,35,41,0.003388149739690935
Beauty,Beauty,before_col,L2,36,36,0.0029749607470456988
Beauty,Beauty,before_col,L2,37,47,0.0038839765308652176
Beauty,Beauty,before_col,L2,38,37,0.003057598545574746
Beauty,Beauty,before_col,L2,39,41,0.003388149739690935
Beauty,Beauty,before_col,L2,40,44,0.003636063135278076
Beauty,Beauty,before_col,L2,41,45,0.0037187009338071233
Beauty,Beauty,before_col,L2,42,46,0.0038013387323361705
Beauty,Beauty,before_col,L2,43,194,0.016031732914635156
Beauty,Beauty,before_col,L2,44,31,0.0025617717544004627
Beauty,Beauty,before_col,L2,45,26,0.002148582761755227
Beauty,Beauty,before_col,L2,46,44,0.003636063135278076
Beauty,Beauty,before_col,L2,47,37,0.003057598545574746
Beauty,Beauty,before_col,L2,48,47,0.0038839765308652176
Beauty,Beauty,before_col,L2,49,34,0.0028096851499876045
Beauty,Beauty,before_col,L2,50,73,0.006032559292620444
Beauty,Beauty,before_col,L2,51,45,0.0037187009338071233
Beauty,Beauty,before_col,L2,52,38,0.003140236344103793
Beauty,Beauty,before_col,L2,53,68,0.005619370299975209
Beauty,Beauty,before_col,L2,54,50,0.004131889926452359
Beauty,Beauty,before_col,L2,55,43,0.003553425336749029
Beauty,Beauty,before_col,L2,56,63,0.005206181307329973
Beauty,Beauty,before_col,L2,57,55,0.004545078919097595
Beauty,Beauty,before_col,L2,58,41,0.003388149739690935
Beauty,Beauty,before_col,L2,59,37,0.003057598545574746
Beauty,Beauty,before_col,L2,60,57,0.004710354516155689
Beauty,Beauty,before_col,L2,61,51,0.0042145277249814065
Beauty,Beauty,before_col,L2,62,35,0.0028923229485166516
Beauty,Beauty,before_col,L2,63,41,0.003388149739690935
Beauty,Beauty,before_col,L2,64,41,0.003388149739690935
Beauty,Beauty,before_col,L2,65,42,0.003470787538219982
Beauty,Beauty,before_col,L2,66,55,0.004545078919097595
Beauty,Beauty,before_col,L2,67,43,0.003553425336749029
Beauty,Beauty,before_col,L2,68,40,0.0033055119411618873
Beauty,Beauty,before_col,L2,69,37,0.003057598545574746
Beauty,Beauty,before_col,L2,70,51,0.0042145277249814065
Beauty,Beauty,before_col,L2,71,39,0.00322287414263284
Beauty,Beauty,before_col,L2,72,51,0.0042145277249814065
Beauty,Beauty,before_col,L2,73,53,0.004379803322039501
Beauty,Beauty,before_col,L2,74,58,0.004792992314684737
Beauty,Beauty,before_col,L2,75,43,0.003553425336749029
Beauty,Beauty,before_col,L2,76,36,0.0029749607470456988
Beauty,Beauty,before_col,L2,77,49,0.004049252127923312
Beauty,Beauty,before_col,L2,78,45,0.0037187009338071233
Beauty,Beauty,before_col,L2,79,34,0.0028096851499876045
Beauty,Beauty,before_col,L2,80,56,0.004627716717626643
Beauty,Beauty,before_col,L2,81,46,0.0038013387323361705
Beauty,Beauty,before_col,L2,82,38,0.003140236344103793
Beauty,Beauty,before_col,L2,83,57,0.004710354516155689
Beauty,Beauty,before_col,L2,84,50,0.004131889926452359
Beauty,Beauty,before_col,L2,85,57,0.004710354516155689
Beauty,Beauty,before_col,L2,86,42,0.003470787538219982
Beauty,Beauty,before_col,L2,87,69,0.005702008098504256
Beauty,Beauty,before_col,L2,88,37,0.003057598545574746
Beauty,Beauty,before_col,L2,89,33,0.002727047351458557
Beauty,Beauty,before_col,L2,90,50,0.004131889926452359
Beauty,Beauty,before_col,L2,91,44,0.003636063135278076
Beauty,Beauty,before_col,L2,92,49,0.004049252127923312
Beauty,Beauty,before_col,L2,93,41,0.003388149739690935
Beauty,Beauty,before_col,L2,94,39,0.00322287414263284
Beauty,Beauty,before_col,L2,95,46,0.0038013387323361705
Beauty,Beauty,before_col,L2,96,42,0.003470787538219982
Beauty,Beauty,before_col,L2,97,65,0.005371456904388067
Beauty,Beauty,before_col,L2,98,42,0.003470787538219982
Beauty,Beauty,before_col,L2,99,50,0.004131889926452359
Beauty,Beauty,before_col,L2,100,40,0.0033055119411618873
Beauty,Beauty,before_col,L2,101,42,0.003470787538219982
Beauty,Beauty,before_col,L2,102,43,0.003553425336749029
Beauty,Beauty,before_col,L2,103,47,0.0038839765308652176
Beauty,Beauty,before_col,L2,104,54,0.004462441120568548
Beauty,Beauty,before_col,L2,105,66,0.005454094702917114
Beauty,Beauty,before_col,L2,106,69,0.005702008098504256
Beauty,Beauty,before_col,L2,107,31,0.0025617717544004627
Beauty,Beauty,before_col,L2,108,36,0.0029749607470456988
Beauty,Beauty,before_col,L2,109,47,0.0038839765308652176
Beauty,Beauty,before_col,L2,110,41,0.003388149739690935
Beauty,Beauty,before_col,L2,111,59,0.0048756301132137836
Beauty,Beauty,before_col,L2,112,48,0.003966614329394265
Beauty,Beauty,before_col,L2,113,52,0.004297165523510454
Beauty,Beauty,before_col,L2,114,42,0.003470787538219982
Beauty,Beauty,before_col,L2,115,42,0.003470787538219982
Beauty,Beauty,before_col,L2,116,48,0.003966614329394265
Beauty,Beauty,before_col,L2,117,50,0.004131889926452359
Beauty,Beauty,before_col,L2,118,53,0.004379803322039501
Beauty,Beauty,before_col,L2,119,44,0.003636063135278076
Beauty,Beauty,before_col,L2,120,49,0.004049252127923312
Beauty,Beauty,before_col,L2,121,58,0.004792992314684737
Beauty,Beauty,before_col,L2,122,34,0.0028096851499876045
Beauty,Beauty,before_col,L2,123,45,0.0037187009338071233
Beauty,Beauty,before_col,L2,124,39,0.00322287414263284
Beauty,Beauty,before_col,L2,125,45,0.0037187009338071233
Beauty,Beauty,before_col,L2,126,38,0.003140236344103793
Beauty,Beauty,before_col,L2,127,44,0.003636063135278076
Beauty,Beauty,before_col,L2,128,40,0.0033055119411618873
Beauty,Beauty,before_col,L2,129,44,0.003636063135278076
Beauty,Beauty,before_col,L2,130,61,0.005040905710271879
Beauty,Beauty,before_col,L2,131,38,0.003140236344103793
Beauty,Beauty,before_col,L2,132,31,0.0025617717544004627
Beauty,Beauty,before_col,L2,133,50,0.004131889926452359
Beauty,Beauty,before_col,L2,134,40,0.0033055119411618873
Beauty,Beauty,before_col,L2,135,35,0.0028923229485166516
Beauty,Beauty,before_col,L2,136,55,0.004545078919097595
Beauty,Beauty,before_col,L2,137,44,0.003636063135278076
Beauty,Beauty,before_col,L2,138,64,0.00528881910585902
Beauty,Beauty,before_col,L2,139,46,0.0038013387323361705
Beauty,Beauty,before_col,L2,140,41,0.003388149739690935
Beauty,Beauty,before_col,L2,141,45,0.0037187009338071233
Beauty,Beauty,before_col,L2,142,51,0.0042145277249814065
Beauty,Beauty,before_col,L2,143,54,0.004462441120568548
Beauty,Beauty,before_col,L2,144,42,0.003470787538219982
Beauty,Beauty,before_col,L2,145,46,0.0038013387323361705
Beauty,Beauty,before_col,L2,146,56,0.004627716717626643
Beauty,Beauty,before_col,L2,147,48,0.003966614329394265
Beauty,Beauty,before_col,L2,148,49,0.004049252127923312
Beauty,Beauty,before_col,L2,149,42,0.003470787538219982
Beauty,Beauty,before_col,L2,150,45,0.0037187009338071233
Beauty,Beauty,before_col,L2,151,40,0.0033055119411618873
Beauty,Beauty,before_col,L2,152,35,0.0028923229485166516
Beauty,Beauty,before_col,L2,153,58,0.004792992314684737
Beauty,Beauty,before_col,L2,154,52,0.004297165523510454
Beauty,Beauty,before_col,L2,155,35,0.0028923229485166516
Beauty,Beauty,before_col,L2,156,42,0.003470787538219982
Beauty,Beauty,before_col,L2,157,36,0.0029749607470456988
Beauty,Beauty,before_col,L2,158,33,0.002727047351458557
Beauty,Beauty,before_col,L2,159,46,0.0038013387323361705
Beauty,Beauty,before_col,L2,160,94,0.007767953061730435
Beauty,Beauty,before_col,L2,161,39,0.00322287414263284
Beauty,Beauty,before_col,L2,162,51,0.0042145277249814065
Beauty,Beauty,before_col,L2,163,66,0.005454094702917114
Beauty,Beauty,before_col,L2,164,29,0.0023964961573423684
Beauty,Beauty,before_col,L2,165,40,0.0033055119411618873
Beauty,Beauty,before_col,L2,166,45,0.0037187009338071233
Beauty,Beauty,before_col,L2,167,30,0.0024791339558714156
Beauty,Beauty,before_col,L2,168,36,0.0029749607470456988
Beauty,Beauty,before_col,L2,169,72,0.0059499214940913975
Beauty,Beauty,before_col,L2,170,42,0.003470787538219982
Beauty,Beauty,before_col,L2,171,42,0.003470787538219982
Beauty,Beauty,before_col,L2,172,45,0.0037187009338071233
Beauty,Beauty,before_col,L2,173,39,0.00322287414263284
Beauty,Beauty,before_col,L2,174,31,0.0025617717544004627
Beauty,Beauty,before_col,L2,175,58,0.004792992314684737
Beauty,Beauty,before_col,L2,176,34,0.0028096851499876045
Beauty,Beauty,before_col,L2,177,31,0.0025617717544004627
Beauty,Beauty,before_col,L2,178,49,0.004049252127923312
Beauty,Beauty,before_col,L2,179,55,0.004545078919097595
Beauty,Beauty,before_col,L2,180,58,0.004792992314684737
Beauty,Beauty,before_col,L2,181,46,0.0038013387323361705
Beauty,Beauty,before_col,L2,182,30,0.0024791339558714156
Beauty,Beauty,before_col,L2,183,61,0.005040905710271879
Beauty,Beauty,before_col,L2,184,38,0.003140236344103793
Beauty,Beauty,before_col,L2,185,61,0.005040905710271879
Beauty,Beauty,before_col,L2,186,59,0.0048756301132137836
Beauty,Beauty,before_col,L2,187,51,0.0042145277249814065
Beauty,Beauty,before_col,L2,188,50,0.004131889926452359
Beauty,Beauty,before_col,L2,189,39,0.00322287414263284
Beauty,Beauty,before_col,L2,190,46,0.0038013387323361705
Beauty,Beauty,before_col,L2,191,27,0.002231220560284274
Beauty,Beauty,before_col,L2,192,43,0.003553425336749029
Beauty,Beauty,before_col,L2,193,54,0.004462441120568548
Beauty,Beauty,before_col,L2,194,31,0.0025617717544004627
Beauty,Beauty,before_col,L2,195,35,0.0028923229485166516
Beauty,Beauty,before_col,L2,196,46,0.0038013387323361705
Beauty,Beauty,before_col,L2,197,38,0.003140236344103793
Beauty,Beauty,before_col,L2,198,60,0.004958267911742831
Beauty,Beauty,before_col,L2,199,50,0.004131889926452359
Beauty,Beauty,before_col,L2,200,41,0.003388149739690935
Beauty,Beauty,before_col,L2,201,42,0.003470787538219982
Beauty,Beauty,before_col,L2,202,35,0.0028923229485166516
Beauty,Beauty,before_col,L2,203,49,0.004049252127923312
Beauty,Beauty,before_col,L2,204,28,0.0023138583588133213
Beauty,Beauty,before_col,L2,205,56,0.004627716717626643
Beauty,Beauty,before_col,L2,206,47,0.0038839765308652176
Beauty,Beauty,before_col,L2,207,47,0.0038839765308652176
Beauty,Beauty,before_col,L2,208,40,0.0033055119411618873
Beauty,Beauty,before_col,L2,209,41,0.003388149739690935
Beauty,Beauty,before_col,L2,210,50,0.004131889926452359
Beauty,Beauty,before_col,L2,211,37,0.003057598545574746
Beauty,Beauty,before_col,L2,212,65,0.005371456904388067
Beauty,Beauty,before_col,L2,213,62,0.005123543508800925
Beauty,Beauty,before_col,L2,214,36,0.0029749607470456988
Beauty,Beauty,before_col,L2,215,30,0.0024791339558714156
Beauty,Beauty,before_col,L2,216,62,0.005123543508800925
Beauty,Beauty,before_col,L2,217,111,0.009172795636724239
Beauty,Beauty,before_col,L2,218,40,0.0033055119411618873
Beauty,Beauty,before_col,L2,219,40,0.0033055119411618873
Beauty,Beauty,before_col,L2,220,44,0.003636063135278076
Beauty,Beauty,before_col,L2,221,36,0.0029749607470456988
Beauty,Beauty,before_col,L2,222,44,0.003636063135278076
Beauty,Beauty,before_col,L2,223,36,0.0029749607470456988
Beauty,Beauty,before_col,L2,224,32,0.00264440955292951
Beauty,Beauty,before_col,L2,225,37,0.003057598545574746
Beauty,Beauty,before_col,L2,226,38,0.003140236344103793
Beauty,Beauty,before_col,L2,227,42,0.003470787538219982
Beauty,Beauty,before_col,L2,228,41,0.003388149739690935
Beauty,Beauty,before_col,L2,229,41,0.003388149739690935
Beauty,Beauty,before_col,L2,230,36,0.0029749607470456988
Beauty,Beauty,before_col,L2,231,49,0.004049252127923312
Beauty,Beauty,before_col,L2,232,38,0.003140236344103793
Beauty,Beauty,before_col,L2,233,184,0.015205354929344682
Beauty,Beauty,before_col,L2,234,52,0.004297165523510454
Beauty,Beauty,before_col,L2,235,44,0.003636063135278076
Beauty,Beauty,before_col,L2,236,28,0.0023138583588133213
Beauty,Beauty,before_col,L2,237,33,0.002727047351458557
Beauty,Beauty,before_col,L2,238,69,0.005702008098504256
Beauty,Beauty,before_col,L2,239,40,0.0033055119411618873
Beauty,Beauty,before_col,L2,240,43,0.003553425336749029
Beauty,Beauty,before_col,L2,241,23,0.0019006693661680852
Beauty,Beauty,before_col,L2,242,59,0.0048756301132137836
Beauty,Beauty,before_col,L2,243,36,0.0029749607470456988
Beauty,Beauty,before_col,L2,244,39,0.00322287414263284
Beauty,Beauty,before_col,L2,245,50,0.004131889926452359
Beauty,Beauty,before_col,L2,246,55,0.004545078919097595
Beauty,Beauty,before_col,L2,247,43,0.003553425336749029
Beauty,Beauty,before_col,L2,248,44,0.003636063135278076
Beauty,Beauty,before_col,L2,249,38,0.003140236344103793
Beauty,Beauty,before_col,L2,250,50,0.004131889926452359
Beauty,Beauty,before_col,L2,251,31,0.0025617717544004627
Beauty,Beauty,before_col,L2,252,59,0.0048756301132137836
Beauty,Beauty,before_col,L2,253,50,0.004131889926452359
Beauty,Beauty,before_col,L2,254,30,0.0024791339558714156
Beauty,Beauty,before_col,L2,255,37,0.003057598545574746
Beauty,Beauty,before_col,L3,0,50,0.004131889926452359
Beauty,Beauty,before_col,L3,1,40,0.0033055119411618873
Beauty,Beauty,before_col,L3,2,50,0.004131889926452359
Beauty,Beauty,before_col,L3,3,40,0.0033055119411618873
Beauty,Beauty,before_col,L3,4,48,0.003966614329394265
Beauty,Beauty,before_col,L3,5,42,0.003470787538219982
Beauty,Beauty,before_col,L3,6,42,0.003470787538219982
Beauty,Beauty,before_col,L3,7,54,0.004462441120568548
Beauty,Beauty,before_col,L3,8,50,0.004131889926452359
Beauty,Beauty,before_col,L3,9,43,0.003553425336749029
Beauty,Beauty,before_col,L3,10,35,0.0028923229485166516
Beauty,Beauty,before_col,L3,11,33,0.002727047351458557
Beauty,Beauty,before_col,L3,12,40,0.0033055119411618873
Beauty,Beauty,before_col,L3,13,43,0.003553425336749029
Beauty,Beauty,before_col,L3,14,51,0.0042145277249814065
Beauty,Beauty,before_col,L3,15,61,0.005040905710271879
Beauty,Beauty,before_col,L3,16,58,0.004792992314684737
Beauty,Beauty,before_col,L3,17,42,0.003470787538219982
Beauty,Beauty,before_col,L3,18,45,0.0037187009338071233
Beauty,Beauty,before_col,L3,19,40,0.0033055119411618873
Beauty,Beauty,before_col,L3,20,37,0.003057598545574746
Beauty,Beauty,before_col,L3,21,43,0.003553425336749029
Beauty,Beauty,before_col,L3,22,54,0.004462441120568548
Beauty,Beauty,before_col,L3,23,34,0.0028096851499876045
Beauty,Beauty,before_col,L3,24,42,0.003470787538219982
Beauty,Beauty,before_col,L3,25,42,0.003470787538219982
Beauty,Beauty,before_col,L3,26,38,0.003140236344103793
Beauty,Beauty,before_col,L3,27,51,0.0042145277249814065
Beauty,Beauty,before_col,L3,28,42,0.003470787538219982
Beauty,Beauty,before_col,L3,29,56,0.004627716717626643
Beauty,Beauty,before_col,L3,30,38,0.003140236344103793
Beauty,Beauty,before_col,L3,31,39,0.00322287414263284
Beauty,Beauty,before_col,L3,32,41,0.003388149739690935
Beauty,Beauty,before_col,L3,33,47,0.0038839765308652176
Beauty,Beauty,before_col,L3,34,45,0.0037187009338071233
Beauty,Beauty,before_col,L3,35,52,0.004297165523510454
Beauty,Beauty,before_col,L3,36,50,0.004131889926452359
Beauty,Beauty,before_col,L3,37,28,0.0023138583588133213
Beauty,Beauty,before_col,L3,38,44,0.003636063135278076
Beauty,Beauty,before_col,L3,39,28,0.0023138583588133213
Beauty,Beauty,before_col,L3,40,34,0.0028096851499876045
Beauty,Beauty,before_col,L3,41,57,0.004710354516155689
Beauty,Beauty,before_col,L3,42,46,0.0038013387323361705
Beauty,Beauty,before_col,L3,43,44,0.003636063135278076
Beauty,Beauty,before_col,L3,44,57,0.004710354516155689
Beauty,Beauty,before_col,L3,45,54,0.004462441120568548
Beauty,Beauty,before_col,L3,46,60,0.004958267911742831
Beauty,Beauty,before_col,L3,47,47,0.0038839765308652176
Beauty,Beauty,before_col,L3,48,33,0.002727047351458557
Beauty,Beauty,before_col,L3,49,57,0.004710354516155689
Beauty,Beauty,before_col,L3,50,46,0.0038013387323361705
Beauty,Beauty,before_col,L3,51,37,0.003057598545574746
Beauty,Beauty,before_col,L3,52,41,0.003388149739690935
Beauty,Beauty,before_col,L3,53,44,0.003636063135278076
Beauty,Beauty,before_col,L3,54,46,0.0038013387323361705
Beauty,Beauty,before_col,L3,55,59,0.0048756301132137836
Beauty,Beauty,before_col,L3,56,48,0.003966614329394265
Beauty,Beauty,before_col,L3,57,52,0.004297165523510454
Beauty,Beauty,before_col,L3,58,50,0.004131889926452359
Beauty,Beauty,before_col,L3,59,39,0.00322287414263284
Beauty,Beauty,before_col,L3,60,35,0.0028923229485166516
Beauty,Beauty,before_col,L3,61,36,0.0029749607470456988
Beauty,Beauty,before_col,L3,62,40,0.0033055119411618873
Beauty,Beauty,before_col,L3,63,56,0.004627716717626643
Beauty,Beauty,before_col,L3,64,44,0.003636063135278076
Beauty,Beauty,before_col,L3,65,47,0.0038839765308652176
Beauty,Beauty,before_col,L3,66,53,0.004379803322039501
Beauty,Beauty,before_col,L3,67,51,0.0042145277249814065
Beauty,Beauty,before_col,L3,68,55,0.004545078919097595
Beauty,Beauty,before_col,L3,69,50,0.004131889926452359
Beauty,Beauty,before_col,L3,70,36,0.0029749607470456988
Beauty,Beauty,before_col,L3,71,44,0.003636063135278076
Beauty,Beauty,before_col,L3,72,47,0.0038839765308652176
Beauty,Beauty,before_col,L3,73,38,0.003140236344103793
Beauty,Beauty,before_col,L3,74,36,0.0029749607470456988
Beauty,Beauty,before_col,L3,75,52,0.004297165523510454
Beauty,Beauty,before_col,L3,76,39,0.00322287414263284
Beauty,Beauty,before_col,L3,77,47,0.0038839765308652176
Beauty,Beauty,before_col,L3,78,35,0.0028923229485166516
Beauty,Beauty,before_col,L3,79,41,0.003388149739690935
Beauty,Beauty,before_col,L3,80,44,0.003636063135278076
Beauty,Beauty,before_col,L3,81,48,0.003966614329394265
Beauty,Beauty,before_col,L3,82,37,0.003057598545574746
Beauty,Beauty,before_col,L3,83,47,0.0038839765308652176
Beauty,Beauty,before_col,L3,84,60,0.004958267911742831
Beauty,Beauty,before_col,L3,85,34,0.0028096851499876045
Beauty,Beauty,before_col,L3,86,44,0.003636063135278076
Beauty,Beauty,before_col,L3,87,45,0.0037187009338071233
Beauty,Beauty,before_col,L3,88,48,0.003966614329394265
Beauty,Beauty,before_col,L3,89,39,0.00322287414263284
Beauty,Beauty,before_col,L3,90,48,0.003966614329394265
Beauty,Beauty,before_col,L3,91,50,0.004131889926452359
Beauty,Beauty,before_col,L3,92,59,0.0048756301132137836
Beauty,Beauty,before_col,L3,93,43,0.003553425336749029
Beauty,Beauty,before_col,L3,94,50,0.004131889926452359
Beauty,Beauty,before_col,L3,95,63,0.005206181307329973
Beauty,Beauty,before_col,L3,96,41,0.003388149739690935
Beauty,Beauty,before_col,L3,97,43,0.003553425336749029
Beauty,Beauty,before_col,L3,98,55,0.004545078919097595
Beauty,Beauty,before_col,L3,99,46,0.0038013387323361705
Beauty,Beauty,before_col,L3,100,43,0.003553425336749029
Beauty,Beauty,before_col,L3,101,38,0.003140236344103793
Beauty,Beauty,before_col,L3,102,48,0.003966614329394265
Beauty,Beauty,before_col,L3,103,47,0.0038839765308652176
Beauty,Beauty,before_col,L3,104,54,0.004462441120568548
Beauty,Beauty,before_col,L3,105,41,0.003388149739690935
Beauty,Beauty,before_col,L3,106,45,0.0037187009338071233
Beauty,Beauty,before_col,L3,107,47,0.0038839765308652176
Beauty,Beauty,before_col,L3,108,42,0.003470787538219982
Beauty,Beauty,before_col,L3,109,53,0.004379803322039501
Beauty,Beauty,before_col,L3,110,32,0.00264440955292951
Beauty,Beauty,before_col,L3,111,56,0.004627716717626643
Beauty,Beauty,before_col,L3,112,45,0.0037187009338071233
Beauty,Beauty,before_col,L3,113,38,0.003140236344103793
Beauty,Beauty,before_col,L3,114,56,0.004627716717626643
Beauty,Beauty,before_col,L3,115,46,0.0038013387323361705
Beauty,Beauty,before_col,L3,116,45,0.0037187009338071233
Beauty,Beauty,before_col,L3,117,59,0.0048756301132137836
Beauty,Beauty,before_col,L3,118,46,0.0038013387323361705
Beauty,Beauty,before_col,L3,119,34,0.0028096851499876045
Beauty,Beauty,before_col,L3,120,40,0.0033055119411618873
Beauty,Beauty,before_col,L3,121,52,0.004297165523510454
Beauty,Beauty,before_col,L3,122,48,0.003966614329394265
Beauty,Beauty,before_col,L3,123,55,0.004545078919097595
Beauty,Beauty,before_col,L3,124,46,0.0038013387323361705
Beauty,Beauty,before_col,L3,125,42,0.003470787538219982
Beauty,Beauty,before_col,L3,126,49,0.004049252127923312
Beauty,Beauty,before_col,L3,127,42,0.003470787538219982
Beauty,Beauty,before_col,L3,128,49,0.004049252127923312
Beauty,Beauty,before_col,L3,129,46,0.0038013387323361705
Beauty,Beauty,before_col,L3,130,47,0.0038839765308652176
Beauty,Beauty,before_col,L3,131,58,0.004792992314684737
Beauty,Beauty,before_col,L3,132,50,0.004131889926452359
Beauty,Beauty,before_col,L3,133,40,0.0033055119411618873
Beauty,Beauty,before_col,L3,134,45,0.0037187009338071233
Beauty,Beauty,before_col,L3,135,45,0.0037187009338071233
Beauty,Beauty,before_col,L3,136,46,0.0038013387323361705
Beauty,Beauty,before_col,L3,137,54,0.004462441120568548
Beauty,Beauty,before_col,L3,138,52,0.004297165523510454
Beauty,Beauty,before_col,L3,139,47,0.0038839765308652176
Beauty,Beauty,before_col,L3,140,52,0.004297165523510454
Beauty,Beauty,before_col,L3,141,39,0.00322287414263284
Beauty,Beauty,before_col,L3,142,43,0.003553425336749029
Beauty,Beauty,before_col,L3,143,48,0.003966614329394265
Beauty,Beauty,before_col,L3,144,38,0.003140236344103793
Beauty,Beauty,before_col,L3,145,44,0.003636063135278076
Beauty,Beauty,before_col,L3,146,46,0.0038013387323361705
Beauty,Beauty,before_col,L3,147,44,0.003636063135278076
Beauty,Beauty,before_col,L3,148,61,0.005040905710271879
Beauty,Beauty,before_col,L3,149,33,0.002727047351458557
Beauty,Beauty,before_col,L3,150,49,0.004049252127923312
Beauty,Beauty,before_col,L3,151,46,0.0038013387323361705
Beauty,Beauty,before_col,L3,152,44,0.003636063135278076
Beauty,Beauty,before_col,L3,153,33,0.002727047351458557
Beauty,Beauty,before_col,L3,154,36,0.0029749607470456988
Beauty,Beauty,before_col,L3,155,63,0.005206181307329973
Beauty,Beauty,before_col,L3,156,50,0.004131889926452359
Beauty,Beauty,before_col,L3,157,47,0.0038839765308652176
Beauty,Beauty,before_col,L3,158,54,0.004462441120568548
Beauty,Beauty,before_col,L3,159,58,0.004792992314684737
Beauty,Beauty,before_col,L3,160,44,0.003636063135278076
Beauty,Beauty,before_col,L3,161,35,0.0028923229485166516
Beauty,Beauty,before_col,L3,162,44,0.003636063135278076
Beauty,Beauty,before_col,L3,163,74,0.006115197091149492
Beauty,Beauty,before_col,L3,164,44,0.003636063135278076
Beauty,Beauty,before_col,L3,165,52,0.004297165523510454
Beauty,Beauty,before_col,L3,166,30,0.0024791339558714156
Beauty,Beauty,before_col,L3,167,45,0.0037187009338071233
Beauty,Beauty,before_col,L3,168,53,0.004379803322039501
Beauty,Beauty,before_col,L3,169,38,0.003140236344103793
Beauty,Beauty,before_col,L3,170,69,0.005702008098504256
Beauty,Beauty,before_col,L3,171,48,0.003966614329394265
Beauty,Beauty,before_col,L3,172,54,0.004462441120568548
Beauty,Beauty,before_col,L3,173,45,0.0037187009338071233
Beauty,Beauty,before_col,L3,174,30,0.0024791339558714156
Beauty,Beauty,before_col,L3,175,49,0.004049252127923312
Beauty,Beauty,before_col,L3,176,55,0.004545078919097595
Beauty,Beauty,before_col,L3,177,55,0.004545078919097595
Beauty,Beauty,before_col,L3,178,40,0.0033055119411618873
Beauty,Beauty,before_col,L3,179,57,0.004710354516155689
Beauty,Beauty,before_col,L3,180,49,0.004049252127923312
Beauty,Beauty,before_col,L3,181,40,0.0033055119411618873
Beauty,Beauty,before_col,L3,182,53,0.004379803322039501
Beauty,Beauty,before_col,L3,183,44,0.003636063135278076
Beauty,Beauty,before_col,L3,184,42,0.003470787538219982
Beauty,Beauty,before_col,L3,185,48,0.003966614329394265
Beauty,Beauty,before_col,L3,186,39,0.00322287414263284
Beauty,Beauty,before_col,L3,187,47,0.0038839765308652176
Beauty,Beauty,before_col,L3,188,47,0.0038839765308652176
Beauty,Beauty,before_col,L3,189,39,0.00322287414263284
Beauty,Beauty,before_col,L3,190,45,0.0037187009338071233
Beauty,Beauty,before_col,L3,191,41,0.003388149739690935
Beauty,Beauty,before_col,L3,192,49,0.004049252127923312
Beauty,Beauty,before_col,L3,193,37,0.003057598545574746
Beauty,Beauty,before_col,L3,194,46,0.0038013387323361705
Beauty,Beauty,before_col,L3,195,47,0.0038839765308652176
Beauty,Beauty,before_col,L3,196,52,0.004297165523510454
Beauty,Beauty,before_col,L3,197,41,0.003388149739690935
Beauty,Beauty,before_col,L3,198,44,0.003636063135278076
Beauty,Beauty,before_col,L3,199,43,0.003553425336749029
Beauty,Beauty,before_col,L3,200,44,0.003636063135278076
Beauty,Beauty,before_col,L3,201,51,0.0042145277249814065
Beauty,Beauty,before_col,L3,202,41,0.003388149739690935
Beauty,Beauty,before_col,L3,203,44,0.003636063135278076
Beauty,Beauty,before_col,L3,204,50,0.004131889926452359
Beauty,Beauty,before_col,L3,205,50,0.004131889926452359
Beauty,Beauty,before_col,L3,206,47,0.0038839765308652176
Beauty,Beauty,before_col,L3,207,52,0.004297165523510454
Beauty,Beauty,before_col,L3,208,39,0.00322287414263284
Beauty,Beauty,before_col,L3,209,37,0.003057598545574746
Beauty,Beauty,before_col,L3,210,47,0.0038839765308652176
Beauty,Beauty,before_col,L3,211,38,0.003140236344103793
Beauty,Beauty,before_col,L3,212,42,0.003470787538219982
Beauty,Beauty,before_col,L3,213,38,0.003140236344103793
Beauty,Beauty,before_col,L3,214,49,0.004049252127923312
Beauty,Beauty,before_col,L3,215,39,0.00322287414263284
Beauty,Beauty,before_col,L3,216,49,0.004049252127923312
Beauty,Beauty,before_col,L3,217,58,0.004792992314684737
Beauty,Beauty,before_col,L3,218,52,0.004297165523510454
Beauty,Beauty,before_col,L3,219,50,0.004131889926452359
Beauty,Beauty,before_col,L3,220,49,0.004049252127923312
Beauty,Beauty,before_col,L3,221,32,0.00264440955292951
Beauty,Beauty,before_col,L3,222,51,0.0042145277249814065
Beauty,Beauty,before_col,L3,223,41,0.003388149739690935
Beauty,Beauty,before_col,L3,224,42,0.003470787538219982
Beauty,Beauty,before_col,L3,225,328,0.02710519791752748
Beauty,Beauty,before_col,L3,226,45,0.0037187009338071233
Beauty,Beauty,before_col,L3,227,36,0.0029749607470456988
Beauty,Beauty,before_col,L3,228,50,0.004131889926452359
Beauty,Beauty,before_col,L3,229,39,0.00322287414263284
Beauty,Beauty,before_col,L3,230,55,0.004545078919097595
Beauty,Beauty,before_col,L3,231,61,0.005040905710271879
Beauty,Beauty,before_col,L3,232,48,0.003966614329394265
Beauty,Beauty,before_col,L3,233,51,0.0042145277249814065
Beauty,Beauty,before_col,L3,234,48,0.003966614329394265
Beauty,Beauty,before_col,L3,235,35,0.0028923229485166516
Beauty,Beauty,before_col,L3,236,65,0.005371456904388067
Beauty,Beauty,before_col,L3,237,35,0.0028923229485166516
Beauty,Beauty,before_col,L3,238,66,0.005454094702917114
Beauty,Beauty,before_col,L3,239,41,0.003388149739690935
Beauty,Beauty,before_col,L3,240,46,0.0038013387323361705
Beauty,Beauty,before_col,L3,241,45,0.0037187009338071233
Beauty,Beauty,before_col,L3,242,44,0.003636063135278076
Beauty,Beauty,before_col,L3,243,41,0.003388149739690935
Beauty,Beauty,before_col,L3,244,55,0.004545078919097595
Beauty,Beauty,before_col,L3,245,63,0.005206181307329973
Beauty,Beauty,before_col,L3,246,49,0.004049252127923312
Beauty,Beauty,before_col,L3,247,42,0.003470787538219982
Beauty,Beauty,before_col,L3,248,35,0.0028923229485166516
Beauty,Beauty,before_col,L3,249,47,0.0038839765308652176
Beauty,Beauty,before_col,L3,250,44,0.003636063135278076
Beauty,Beauty,before_col,L3,251,57,0.004710354516155689
Beauty,Beauty,before_col,L3,252,51,0.0042145277249814065
Beauty,Beauty,before_col,L3,253,39,0.00322287414263284
Beauty,Beauty,before_col,L3,254,56,0.004627716717626643
Beauty,Beauty,before_col,L3,255,67,0.0055367325014461614
Beauty,Beauty,after_col,L0,0,64,0.00528881910585902
Beauty,Beauty,after_col,L0,1,39,0.00322287414263284
Beauty,Beauty,after_col,L0,2,49,0.004049252127923312
Beauty,Beauty,after_col,L0,3,52,0.004297165523510454
Beauty,Beauty,after_col,L0,4,47,0.0038839765308652176
Beauty,Beauty,after_col,L0,5,30,0.0024791339558714156
Beauty,Beauty,after_col,L0,6,28,0.0023138583588133213
Beauty,Beauty,after_col,L0,7,58,0.004792992314684737
Beauty,Beauty,after_col,L0,8,48,0.003966614329394265
Beauty,Beauty,after_col,L0,9,36,0.0029749607470456988
Beauty,Beauty,after_col,L0,10,39,0.00322287414263284
Beauty,Beauty,after_col,L0,11,57,0.004710354516155689
Beauty,Beauty,after_col,L0,12,30,0.0024791339558714156
Beauty,Beauty,after_col,L0,13,50,0.004131889926452359
Beauty,Beauty,after_col,L0,14,53,0.004379803322039501
Beauty,Beauty,after_col,L0,15,52,0.004297165523510454
Beauty,Beauty,after_col,L0,16,59,0.0048756301132137836
Beauty,Beauty,after_col,L0,17,83,0.006858937277910916
Beauty,Beauty,after_col,L0,18,100,0.008263779852904718
Beauty,Beauty,after_col,L0,19,56,0.004627716717626643
Beauty,Beauty,after_col,L0,20,29,0.0023964961573423684
Beauty,Beauty,after_col,L0,21,69,0.005702008098504256
Beauty,Beauty,after_col,L0,22,19,0.0015701181720518965
Beauty,Beauty,after_col,L0,23,60,0.004958267911742831
Beauty,Beauty,after_col,L0,24,37,0.003057598545574746
Beauty,Beauty,after_col,L0,25,42,0.003470787538219982
Beauty,Beauty,after_col,L0,26,32,0.00264440955292951
Beauty,Beauty,after_col,L0,27,46,0.0038013387323361705
Beauty,Beauty,after_col,L0,28,44,0.003636063135278076
Beauty,Beauty,after_col,L0,29,80,0.0066110238823237745
Beauty,Beauty,after_col,L0,30,45,0.0037187009338071233
Beauty,Beauty,after_col,L0,31,39,0.00322287414263284
Beauty,Beauty,after_col,L0,32,30,0.0024791339558714156
Beauty,Beauty,after_col,L0,33,48,0.003966614329394265
Beauty,Beauty,after_col,L0,34,60,0.004958267911742831
Beauty,Beauty,after_col,L0,35,38,0.003140236344103793
Beauty,Beauty,after_col,L0,36,46,0.0038013387323361705
Beauty,Beauty,after_col,L0,37,37,0.003057598545574746
Beauty,Beauty,after_col,L0,38,52,0.004297165523510454
Beauty,Beauty,after_col,L0,39,51,0.0042145277249814065
Beauty,Beauty,after_col,L0,40,56,0.004627716717626643
Beauty,Beauty,after_col,L0,41,41,0.003388149739690935
Beauty,Beauty,after_col,L0,42,50,0.004131889926452359
Beauty,Beauty,after_col,L0,43,58,0.004792992314684737
Beauty,Beauty,after_col,L0,44,62,0.005123543508800925
Beauty,Beauty,after_col,L0,45,12,0.0009916535823485662
Beauty,Beauty,after_col,L0,46,64,0.00528881910585902
Beauty,Beauty,after_col,L0,47,46,0.0038013387323361705
Beauty,Beauty,after_col,L0,48,35,0.0028923229485166516
Beauty,Beauty,after_col,L0,49,57,0.004710354516155689
Beauty,Beauty,after_col,L0,50,69,0.005702008098504256
Beauty,Beauty,after_col,L0,51,37,0.003057598545574746
Beauty,Beauty,after_col,L0,52,66,0.005454094702917114
Beauty,Beauty,after_col,L0,53,28,0.0023138583588133213
Beauty,Beauty,after_col,L0,54,51,0.0042145277249814065
Beauty,Beauty,after_col,L0,55,31,0.0025617717544004627
Beauty,Beauty,after_col,L0,56,40,0.0033055119411618873
Beauty,Beauty,after_col,L0,57,27,0.002231220560284274
Beauty,Beauty,after_col,L0,58,45,0.0037187009338071233
Beauty,Beauty,after_col,L0,59,33,0.002727047351458557
Beauty,Beauty,after_col,L0,60,52,0.004297165523510454
Beauty,Beauty,after_col,L0,61,36,0.0029749607470456988
Beauty,Beauty,after_col,L0,62,25,0.0020659449632261795
Beauty,Beauty,after_col,L0,63,28,0.0023138583588133213
Beauty,Beauty,after_col,L0,64,34,0.0028096851499876045
Beauty,Beauty,after_col,L0,65,28,0.0023138583588133213
Beauty,Beauty,after_col,L0,66,72,0.0059499214940913975
Beauty,Beauty,after_col,L0,67,83,0.006858937277910916
Beauty,Beauty,after_col,L0,68,36,0.0029749607470456988
Beauty,Beauty,after_col,L0,69,26,0.002148582761755227
Beauty,Beauty,after_col,L0,70,49,0.004049252127923312
Beauty,Beauty,after_col,L0,71,52,0.004297165523510454
Beauty,Beauty,after_col,L0,72,30,0.0024791339558714156
Beauty,Beauty,after_col,L0,73,31,0.0025617717544004627
Beauty,Beauty,after_col,L0,74,39,0.00322287414263284
Beauty,Beauty,after_col,L0,75,65,0.005371456904388067
Beauty,Beauty,after_col,L0,76,76,0.006280472688207586
Beauty,Beauty,after_col,L0,77,44,0.003636063135278076
Beauty,Beauty,after_col,L0,78,77,0.006363110486736634
Beauty,Beauty,after_col,L0,79,36,0.0029749607470456988
Beauty,Beauty,after_col,L0,80,45,0.0037187009338071233
Beauty,Beauty,after_col,L0,81,51,0.0042145277249814065
Beauty,Beauty,after_col,L0,82,37,0.003057598545574746
Beauty,Beauty,after_col,L0,83,54,0.004462441120568548
Beauty,Beauty,after_col,L0,84,29,0.0023964961573423684
Beauty,Beauty,after_col,L0,85,46,0.0038013387323361705
Beauty,Beauty,after_col,L0,86,30,0.0024791339558714156
Beauty,Beauty,after_col,L0,87,28,0.0023138583588133213
Beauty,Beauty,after_col,L0,88,24,0.0019833071646971324
Beauty,Beauty,after_col,L0,89,40,0.0033055119411618873
Beauty,Beauty,after_col,L0,90,41,0.003388149739690935
Beauty,Beauty,after_col,L0,91,35,0.0028923229485166516
Beauty,Beauty,after_col,L0,92,65,0.005371456904388067
Beauty,Beauty,after_col,L0,93,37,0.003057598545574746
Beauty,Beauty,after_col,L0,94,40,0.0033055119411618873
Beauty,Beauty,after_col,L0,95,55,0.004545078919097595
Beauty,Beauty,after_col,L0,96,38,0.003140236344103793
Beauty,Beauty,after_col,L0,97,53,0.004379803322039501
Beauty,Beauty,after_col,L0,98,57,0.004710354516155689
Beauty,Beauty,after_col,L0,99,108,0.008924882241137097
Beauty,Beauty,after_col,L0,100,31,0.0025617717544004627
Beauty,Beauty,after_col,L0,101,77,0.006363110486736634
Beauty,Beauty,after_col,L0,102,26,0.002148582761755227
Beauty,Beauty,after_col,L0,103,42,0.003470787538219982
Beauty,Beauty,after_col,L0,104,9,0.0007437401867614247
Beauty,Beauty,after_col,L0,105,66,0.005454094702917114
Beauty,Beauty,after_col,L0,106,41,0.003388149739690935
Beauty,Beauty,after_col,L0,107,100,0.008263779852904718
Beauty,Beauty,after_col,L0,108,16,0.001322204776464755
Beauty,Beauty,after_col,L0,109,37,0.003057598545574746
Beauty,Beauty,after_col,L0,110,21,0.001735393769109991
Beauty,Beauty,after_col,L0,111,64,0.00528881910585902
Beauty,Beauty,after_col,L0,112,47,0.0038839765308652176
Beauty,Beauty,after_col,L0,113,49,0.004049252127923312
Beauty,Beauty,after_col,L0,114,36,0.0029749607470456988
Beauty,Beauty,after_col,L0,115,35,0.0028923229485166516
Beauty,Beauty,after_col,L0,116,50,0.004131889926452359
Beauty,Beauty,after_col,L0,117,49,0.004049252127923312
Beauty,Beauty,after_col,L0,118,40,0.0033055119411618873
Beauty,Beauty,after_col,L0,119,35,0.0028923229485166516
Beauty,Beauty,after_col,L0,120,24,0.0019833071646971324
Beauty,Beauty,after_col,L0,121,76,0.006280472688207586
Beauty,Beauty,after_col,L0,122,125,0.010329724816130897
Beauty,Beauty,after_col,L0,123,41,0.003388149739690935
Beauty,Beauty,after_col,L0,124,26,0.002148582761755227
Beauty,Beauty,after_col,L0,125,56,0.004627716717626643
Beauty,Beauty,after_col,L0,126,44,0.003636063135278076
Beauty,Beauty,after_col,L0,127,46,0.0038013387323361705
Beauty,Beauty,after_col,L0,128,10,0.0008263779852904718
Beauty,Beauty,after_col,L0,129,50,0.004131889926452359
Beauty,Beauty,after_col,L0,130,59,0.0048756301132137836
Beauty,Beauty,after_col,L0,131,46,0.0038013387323361705
Beauty,Beauty,after_col,L0,132,23,0.0019006693661680852
Beauty,Beauty,after_col,L0,133,40,0.0033055119411618873
Beauty,Beauty,after_col,L0,134,62,0.005123543508800925
Beauty,Beauty,after_col,L0,135,52,0.004297165523510454
Beauty,Beauty,after_col,L0,136,59,0.0048756301132137836
Beauty,Beauty,after_col,L0,137,70,0.005784645897033303
Beauty,Beauty,after_col,L0,138,54,0.004462441120568548
Beauty,Beauty,after_col,L0,139,55,0.004545078919097595
Beauty,Beauty,after_col,L0,140,42,0.003470787538219982
Beauty,Beauty,after_col,L0,141,64,0.00528881910585902
Beauty,Beauty,after_col,L0,142,32,0.00264440955292951
Beauty,Beauty,after_col,L0,143,36,0.0029749607470456988
Beauty,Beauty,after_col,L0,144,39,0.00322287414263284
Beauty,Beauty,after_col,L0,145,59,0.0048756301132137836
Beauty,Beauty,after_col,L0,146,22,0.001818031567639038
Beauty,Beauty,after_col,L0,147,19,0.0015701181720518965
Beauty,Beauty,after_col,L0,148,47,0.0038839765308652176
Beauty,Beauty,after_col,L0,149,55,0.004545078919097595
Beauty,Beauty,after_col,L0,150,77,0.006363110486736634
Beauty,Beauty,after_col,L0,151,42,0.003470787538219982
Beauty,Beauty,after_col,L0,152,51,0.0042145277249814065
Beauty,Beauty,after_col,L0,153,30,0.0024791339558714156
Beauty,Beauty,after_col,L0,154,50,0.004131889926452359
Beauty,Beauty,after_col,L0,155,60,0.004958267911742831
Beauty,Beauty,after_col,L0,156,30,0.0024791339558714156
Beauty,Beauty,after_col,L0,157,49,0.004049252127923312
Beauty,Beauty,after_col,L0,158,33,0.002727047351458557
Beauty,Beauty,after_col,L0,159,44,0.003636063135278076
Beauty,Beauty,after_col,L0,160,48,0.003966614329394265
Beauty,Beauty,after_col,L0,161,53,0.004379803322039501
Beauty,Beauty,after_col,L0,162,52,0.004297165523510454
Beauty,Beauty,after_col,L0,163,43,0.003553425336749029
Beauty,Beauty,after_col,L0,164,44,0.003636063135278076
Beauty,Beauty,after_col,L0,165,62,0.005123543508800925
Beauty,Beauty,after_col,L0,166,33,0.002727047351458557
Beauty,Beauty,after_col,L0,167,37,0.003057598545574746
Beauty,Beauty,after_col,L0,168,40,0.0033055119411618873
Beauty,Beauty,after_col,L0,169,52,0.004297165523510454
Beauty,Beauty,after_col,L0,170,44,0.003636063135278076
Beauty,Beauty,after_col,L0,171,47,0.0038839765308652176
Beauty,Beauty,after_col,L0,172,33,0.002727047351458557
Beauty,Beauty,after_col,L0,173,28,0.0023138583588133213
Beauty,Beauty,after_col,L0,174,36,0.0029749607470456988
Beauty,Beauty,after_col,L0,175,49,0.004049252127923312
Beauty,Beauty,after_col,L0,176,76,0.006280472688207586
Beauty,Beauty,after_col,L0,177,48,0.003966614329394265
Beauty,Beauty,after_col,L0,178,64,0.00528881910585902
Beauty,Beauty,after_col,L0,179,40,0.0033055119411618873
Beauty,Beauty,after_col,L0,180,48,0.003966614329394265
Beauty,Beauty,after_col,L0,181,40,0.0033055119411618873
Beauty,Beauty,after_col,L0,182,21,0.001735393769109991
Beauty,Beauty,after_col,L0,183,18,0.0014874803735228494
Beauty,Beauty,after_col,L0,184,37,0.003057598545574746
Beauty,Beauty,after_col,L0,185,60,0.004958267911742831
Beauty,Beauty,after_col,L0,186,42,0.003470787538219982
Beauty,Beauty,after_col,L0,187,64,0.00528881910585902
Beauty,Beauty,after_col,L0,188,56,0.004627716717626643
Beauty,Beauty,after_col,L0,189,43,0.003553425336749029
Beauty,Beauty,after_col,L0,190,50,0.004131889926452359
Beauty,Beauty,after_col,L0,191,34,0.0028096851499876045
Beauty,Beauty,after_col,L0,192,33,0.002727047351458557
Beauty,Beauty,after_col,L0,193,147,0.012147756383769937
Beauty,Beauty,after_col,L0,194,39,0.00322287414263284
Beauty,Beauty,after_col,L0,195,36,0.0029749607470456988
Beauty,Beauty,after_col,L0,196,61,0.005040905710271879
Beauty,Beauty,after_col,L0,197,29,0.0023964961573423684
Beauty,Beauty,after_col,L0,198,32,0.00264440955292951
Beauty,Beauty,after_col,L0,199,38,0.003140236344103793
Beauty,Beauty,after_col,L0,200,56,0.004627716717626643
Beauty,Beauty,after_col,L0,201,18,0.0014874803735228494
Beauty,Beauty,after_col,L0,202,32,0.00264440955292951
Beauty,Beauty,after_col,L0,203,32,0.00264440955292951
Beauty,Beauty,after_col,L0,204,52,0.004297165523510454
Beauty,Beauty,after_col,L0,205,61,0.005040905710271879
Beauty,Beauty,after_col,L0,206,38,0.003140236344103793
Beauty,Beauty,after_col,L0,207,37,0.003057598545574746
Beauty,Beauty,after_col,L0,208,33,0.002727047351458557
Beauty,Beauty,after_col,L0,209,61,0.005040905710271879
Beauty,Beauty,after_col,L0,210,33,0.002727047351458557
Beauty,Beauty,after_col,L0,211,86,0.007106850673498058
Beauty,Beauty,after_col,L0,212,45,0.0037187009338071233
Beauty,Beauty,after_col,L0,213,45,0.0037187009338071233
Beauty,Beauty,after_col,L0,214,102,0.008429055449962813
Beauty,Beauty,after_col,L0,215,47,0.0038839765308652176
Beauty,Beauty,after_col,L0,216,32,0.00264440955292951
Beauty,Beauty,after_col,L0,217,38,0.003140236344103793
Beauty,Beauty,after_col,L0,218,38,0.003140236344103793
Beauty,Beauty,after_col,L0,219,44,0.003636063135278076
Beauty,Beauty,after_col,L0,220,34,0.0028096851499876045
Beauty,Beauty,after_col,L0,221,54,0.004462441120568548
Beauty,Beauty,after_col,L0,222,57,0.004710354516155689
Beauty,Beauty,after_col,L0,223,35,0.0028923229485166516
Beauty,Beauty,after_col,L0,224,40,0.0033055119411618873
Beauty,Beauty,after_col,L0,225,109,0.009007520039666143
Beauty,Beauty,after_col,L0,226,37,0.003057598545574746
Beauty,Beauty,after_col,L0,227,51,0.0042145277249814065
Beauty,Beauty,after_col,L0,228,35,0.0028923229485166516
Beauty,Beauty,after_col,L0,229,39,0.00322287414263284
Beauty,Beauty,after_col,L0,230,38,0.003140236344103793
Beauty,Beauty,after_col,L0,231,38,0.003140236344103793
Beauty,Beauty,after_col,L0,232,52,0.004297165523510454
Beauty,Beauty,after_col,L0,233,48,0.003966614329394265
Beauty,Beauty,after_col,L0,234,42,0.003470787538219982
Beauty,Beauty,after_col,L0,235,41,0.003388149739690935
Beauty,Beauty,after_col,L0,236,55,0.004545078919097595
Beauty,Beauty,after_col,L0,237,50,0.004131889926452359
Beauty,Beauty,after_col,L0,238,58,0.004792992314684737
Beauty,Beauty,after_col,L0,239,86,0.007106850673498058
Beauty,Beauty,after_col,L0,240,31,0.0025617717544004627
Beauty,Beauty,after_col,L0,241,48,0.003966614329394265
Beauty,Beauty,after_col,L0,242,56,0.004627716717626643
Beauty,Beauty,after_col,L0,243,44,0.003636063135278076
Beauty,Beauty,after_col,L0,244,48,0.003966614329394265
Beauty,Beauty,after_col,L0,245,35,0.0028923229485166516
Beauty,Beauty,after_col,L0,246,46,0.0038013387323361705
Beauty,Beauty,after_col,L0,247,40,0.0033055119411618873
Beauty,Beauty,after_col,L0,248,66,0.005454094702917114
Beauty,Beauty,after_col,L0,249,71,0.00586728369556235
Beauty,Beauty,after_col,L0,250,36,0.0029749607470456988
Beauty,Beauty,after_col,L0,251,53,0.004379803322039501
Beauty,Beauty,after_col,L0,252,54,0.004462441120568548
Beauty,Beauty,after_col,L0,253,48,0.003966614329394265
Beauty,Beauty,after_col,L0,254,132,0.010908189405834228
Beauty,Beauty,after_col,L0,255,63,0.005206181307329973
Beauty,Beauty,after_col,L1,0,59,0.0048756301132137836
Beauty,Beauty,after_col,L1,1,29,0.0023964961573423684
Beauty,Beauty,after_col,L1,2,32,0.00264440955292951
Beauty,Beauty,after_col,L1,3,40,0.0033055119411618873
Beauty,Beauty,after_col,L1,4,31,0.0025617717544004627
Beauty,Beauty,after_col,L1,5,45,0.0037187009338071233
Beauty,Beauty,after_col,L1,6,78,0.00644574828526568
Beauty,Beauty,after_col,L1,7,87,0.007189488472027105
Beauty,Beauty,after_col,L1,8,40,0.0033055119411618873
Beauty,Beauty,after_col,L1,9,42,0.003470787538219982
Beauty,Beauty,after_col,L1,10,50,0.004131889926452359
Beauty,Beauty,after_col,L1,11,57,0.004710354516155689
Beauty,Beauty,after_col,L1,12,55,0.004545078919097595
Beauty,Beauty,after_col,L1,13,47,0.0038839765308652176
Beauty,Beauty,after_col,L1,14,53,0.004379803322039501
Beauty,Beauty,after_col,L1,15,103,0.00851169324849186
Beauty,Beauty,after_col,L1,16,40,0.0033055119411618873
Beauty,Beauty,after_col,L1,17,48,0.003966614329394265
Beauty,Beauty,after_col,L1,18,38,0.003140236344103793
Beauty,Beauty,after_col,L1,19,20,0.0016527559705809436
Beauty,Beauty,after_col,L1,20,33,0.002727047351458557
Beauty,Beauty,after_col,L1,21,42,0.003470787538219982
Beauty,Beauty,after_col,L1,22,47,0.0038839765308652176
Beauty,Beauty,after_col,L1,23,42,0.003470787538219982
Beauty,Beauty,after_col,L1,24,44,0.003636063135278076
Beauty,Beauty,after_col,L1,25,36,0.0029749607470456988
Beauty,Beauty,after_col,L1,26,38,0.003140236344103793
Beauty,Beauty,after_col,L1,27,75,0.006197834889678539
Beauty,Beauty,after_col,L1,28,66,0.005454094702917114
Beauty,Beauty,after_col,L1,29,40,0.0033055119411618873
Beauty,Beauty,after_col,L1,30,25,0.0020659449632261795
Beauty,Beauty,after_col,L1,31,38,0.003140236344103793
Beauty,Beauty,after_col,L1,32,53,0.004379803322039501
Beauty,Beauty,after_col,L1,33,53,0.004379803322039501
Beauty,Beauty,after_col,L1,34,36,0.0029749607470456988
Beauty,Beauty,after_col,L1,35,42,0.003470787538219982
Beauty,Beauty,after_col,L1,36,49,0.004049252127923312
Beauty,Beauty,after_col,L1,37,50,0.004131889926452359
Beauty,Beauty,after_col,L1,38,26,0.002148582761755227
Beauty,Beauty,after_col,L1,39,21,0.001735393769109991
Beauty,Beauty,after_col,L1,40,52,0.004297165523510454
Beauty,Beauty,after_col,L1,41,57,0.004710354516155689
Beauty,Beauty,after_col,L1,42,64,0.00528881910585902
Beauty,Beauty,after_col,L1,43,35,0.0028923229485166516
Beauty,Beauty,after_col,L1,44,52,0.004297165523510454
Beauty,Beauty,after_col,L1,45,61,0.005040905710271879
Beauty,Beauty,after_col,L1,46,56,0.004627716717626643
Beauty,Beauty,after_col,L1,47,39,0.00322287414263284
Beauty,Beauty,after_col,L1,48,61,0.005040905710271879
Beauty,Beauty,after_col,L1,49,35,0.0028923229485166516
Beauty,Beauty,after_col,L1,50,43,0.003553425336749029
Beauty,Beauty,after_col,L1,51,68,0.005619370299975209
Beauty,Beauty,after_col,L1,52,43,0.003553425336749029
Beauty,Beauty,after_col,L1,53,50,0.004131889926452359
Beauty,Beauty,after_col,L1,54,59,0.0048756301132137836
Beauty,Beauty,after_col,L1,55,44,0.003636063135278076
Beauty,Beauty,after_col,L1,56,37,0.003057598545574746
Beauty,Beauty,after_col,L1,57,44,0.003636063135278076
Beauty,Beauty,after_col,L1,58,55,0.004545078919097595
Beauty,Beauty,after_col,L1,59,42,0.003470787538219982
Beauty,Beauty,after_col,L1,60,14,0.0011569291794066607
Beauty,Beauty,after_col,L1,61,38,0.003140236344103793
Beauty,Beauty,after_col,L1,62,51,0.0042145277249814065
Beauty,Beauty,after_col,L1,63,31,0.0025617717544004627
Beauty,Beauty,after_col,L1,64,49,0.004049252127923312
Beauty,Beauty,after_col,L1,65,50,0.004131889926452359
Beauty,Beauty,after_col,L1,66,32,0.00264440955292951
Beauty,Beauty,after_col,L1,67,57,0.004710354516155689
Beauty,Beauty,after_col,L1,68,40,0.0033055119411618873
Beauty,Beauty,after_col,L1,69,51,0.0042145277249814065
Beauty,Beauty,after_col,L1,70,33,0.002727047351458557
Beauty,Beauty,after_col,L1,71,44,0.003636063135278076
Beauty,Beauty,after_col,L1,72,52,0.004297165523510454
Beauty,Beauty,after_col,L1,73,74,0.006115197091149492
Beauty,Beauty,after_col,L1,74,31,0.0025617717544004627
Beauty,Beauty,after_col,L1,75,49,0.004049252127923312
Beauty,Beauty,after_col,L1,76,30,0.0024791339558714156
Beauty,Beauty,after_col,L1,77,32,0.00264440955292951
Beauty,Beauty,after_col,L1,78,112,0.009255433435253285
Beauty,Beauty,after_col,L1,79,59,0.0048756301132137836
Beauty,Beauty,after_col,L1,80,36,0.0029749607470456988
Beauty,Beauty,after_col,L1,81,43,0.003553425336749029
Beauty,Beauty,after_col,L1,82,77,0.006363110486736634
Beauty,Beauty,after_col,L1,83,36,0.0029749607470456988
Beauty,Beauty,after_col,L1,84,49,0.004049252127923312
Beauty,Beauty,after_col,L1,85,54,0.004462441120568548
Beauty,Beauty,after_col,L1,86,32,0.00264440955292951
Beauty,Beauty,after_col,L1,87,102,0.008429055449962813
Beauty,Beauty,after_col,L1,88,56,0.004627716717626643
Beauty,Beauty,after_col,L1,89,46,0.0038013387323361705
Beauty,Beauty,after_col,L1,90,52,0.004297165523510454
Beauty,Beauty,after_col,L1,91,48,0.003966614329394265
Beauty,Beauty,after_col,L1,92,38,0.003140236344103793
Beauty,Beauty,after_col,L1,93,39,0.00322287414263284
Beauty,Beauty,after_col,L1,94,58,0.004792992314684737
Beauty,Beauty,after_col,L1,95,55,0.004545078919097595
Beauty,Beauty,after_col,L1,96,42,0.003470787538219982
Beauty,Beauty,after_col,L1,97,54,0.004462441120568548
Beauty,Beauty,after_col,L1,98,30,0.0024791339558714156
Beauty,Beauty,after_col,L1,99,42,0.003470787538219982
Beauty,Beauty,after_col,L1,100,26,0.002148582761755227
Beauty,Beauty,after_col,L1,101,46,0.0038013387323361705
Beauty,Beauty,after_col,L1,102,48,0.003966614329394265
Beauty,Beauty,after_col,L1,103,43,0.003553425336749029
Beauty,Beauty,after_col,L1,104,31,0.0025617717544004627
Beauty,Beauty,after_col,L1,105,40,0.0033055119411618873
Beauty,Beauty,after_col,L1,106,42,0.003470787538219982
Beauty,Beauty,after_col,L1,107,48,0.003966614329394265
Beauty,Beauty,after_col,L1,108,47,0.0038839765308652176
Beauty,Beauty,after_col,L1,109,64,0.00528881910585902
Beauty,Beauty,after_col,L1,110,31,0.0025617717544004627
Beauty,Beauty,after_col,L1,111,55,0.004545078919097595
Beauty,Beauty,after_col,L1,112,47,0.0038839765308652176
Beauty,Beauty,after_col,L1,113,37,0.003057598545574746
Beauty,Beauty,after_col,L1,114,47,0.0038839765308652176
Beauty,Beauty,after_col,L1,115,48,0.003966614329394265
Beauty,Beauty,after_col,L1,116,39,0.00322287414263284
Beauty,Beauty,after_col,L1,117,43,0.003553425336749029
Beauty,Beauty,after_col,L1,118,54,0.004462441120568548
Beauty,Beauty,after_col,L1,119,47,0.0038839765308652176
Beauty,Beauty,after_col,L1,120,41,0.003388149739690935
Beauty,Beauty,after_col,L1,121,29,0.0023964961573423684
Beauty,Beauty,after_col,L1,122,68,0.005619370299975209
Beauty,Beauty,after_col,L1,123,37,0.003057598545574746
Beauty,Beauty,after_col,L1,124,77,0.006363110486736634
Beauty,Beauty,after_col,L1,125,39,0.00322287414263284
Beauty,Beauty,after_col,L1,126,51,0.0042145277249814065
Beauty,Beauty,after_col,L1,127,69,0.005702008098504256
Beauty,Beauty,after_col,L1,128,51,0.0042145277249814065
Beauty,Beauty,after_col,L1,129,33,0.002727047351458557
Beauty,Beauty,after_col,L1,130,27,0.002231220560284274
Beauty,Beauty,after_col,L1,131,52,0.004297165523510454
Beauty,Beauty,after_col,L1,132,33,0.002727047351458557
Beauty,Beauty,after_col,L1,133,26,0.002148582761755227
Beauty,Beauty,after_col,L1,134,39,0.00322287414263284
Beauty,Beauty,after_col,L1,135,57,0.004710354516155689
Beauty,Beauty,after_col,L1,136,40,0.0033055119411618873
Beauty,Beauty,after_col,L1,137,24,0.0019833071646971324
Beauty,Beauty,after_col,L1,138,43,0.003553425336749029
Beauty,Beauty,after_col,L1,139,52,0.004297165523510454
Beauty,Beauty,after_col,L1,140,36,0.0029749607470456988
Beauty,Beauty,after_col,L1,141,44,0.003636063135278076
Beauty,Beauty,after_col,L1,142,45,0.0037187009338071233
Beauty,Beauty,after_col,L1,143,33,0.002727047351458557
Beauty,Beauty,after_col,L1,144,34,0.0028096851499876045
Beauty,Beauty,after_col,L1,145,46,0.0038013387323361705
Beauty,Beauty,after_col,L1,146,93,0.0076853152632013885
Beauty,Beauty,after_col,L1,147,48,0.003966614329394265
Beauty,Beauty,after_col,L1,148,43,0.003553425336749029
Beauty,Beauty,after_col,L1,149,31,0.0025617717544004627
Beauty,Beauty,after_col,L1,150,21,0.001735393769109991
Beauty,Beauty,after_col,L1,151,34,0.0028096851499876045
Beauty,Beauty,after_col,L1,152,29,0.0023964961573423684
Beauty,Beauty,after_col,L1,153,30,0.0024791339558714156
Beauty,Beauty,after_col,L1,154,35,0.0028923229485166516
Beauty,Beauty,after_col,L1,155,29,0.0023964961573423684
Beauty,Beauty,after_col,L1,156,34,0.0028096851499876045
Beauty,Beauty,after_col,L1,157,39,0.00322287414263284
Beauty,Beauty,after_col,L1,158,73,0.006032559292620444
Beauty,Beauty,after_col,L1,159,68,0.005619370299975209
Beauty,Beauty,after_col,L1,160,45,0.0037187009338071233
Beauty,Beauty,after_col,L1,161,53,0.004379803322039501
Beauty,Beauty,after_col,L1,162,65,0.005371456904388067
Beauty,Beauty,after_col,L1,163,31,0.0025617717544004627
Beauty,Beauty,after_col,L1,164,57,0.004710354516155689
Beauty,Beauty,after_col,L1,165,46,0.0038013387323361705
Beauty,Beauty,after_col,L1,166,62,0.005123543508800925
Beauty,Beauty,after_col,L1,167,44,0.003636063135278076
Beauty,Beauty,after_col,L1,168,36,0.0029749607470456988
Beauty,Beauty,after_col,L1,169,47,0.0038839765308652176
Beauty,Beauty,after_col,L1,170,33,0.002727047351458557
Beauty,Beauty,after_col,L1,171,36,0.0029749607470456988
Beauty,Beauty,after_col,L1,172,39,0.00322287414263284
Beauty,Beauty,after_col,L1,173,37,0.003057598545574746
Beauty,Beauty,after_col,L1,174,56,0.004627716717626643
Beauty,Beauty,after_col,L1,175,58,0.004792992314684737
Beauty,Beauty,after_col,L1,176,34,0.0028096851499876045
Beauty,Beauty,after_col,L1,177,54,0.004462441120568548
Beauty,Beauty,after_col,L1,178,52,0.004297165523510454
Beauty,Beauty,after_col,L1,179,46,0.0038013387323361705
Beauty,Beauty,after_col,L1,180,52,0.004297165523510454
Beauty,Beauty,after_col,L1,181,34,0.0028096851499876045
Beauty,Beauty,after_col,L1,182,47,0.0038839765308652176
Beauty,Beauty,after_col,L1,183,40,0.0033055119411618873
Beauty,Beauty,after_col,L1,184,47,0.0038839765308652176
Beauty,Beauty,after_col,L1,185,39,0.00322287414263284
Beauty,Beauty,after_col,L1,186,30,0.0024791339558714156
Beauty,Beauty,after_col,L1,187,46,0.0038013387323361705
Beauty,Beauty,after_col,L1,188,46,0.0038013387323361705
Beauty,Beauty,after_col,L1,189,53,0.004379803322039501
Beauty,Beauty,after_col,L1,190,59,0.0048756301132137836
Beauty,Beauty,after_col,L1,191,108,0.008924882241137097
Beauty,Beauty,after_col,L1,192,39,0.00322287414263284
Beauty,Beauty,after_col,L1,193,49,0.004049252127923312
Beauty,Beauty,after_col,L1,194,60,0.004958267911742831
Beauty,Beauty,after_col,L1,195,89,0.0073547640690852
Beauty,Beauty,after_col,L1,196,51,0.0042145277249814065
Beauty,Beauty,after_col,L1,197,49,0.004049252127923312
Beauty,Beauty,after_col,L1,198,38,0.003140236344103793
Beauty,Beauty,after_col,L1,199,51,0.0042145277249814065
Beauty,Beauty,after_col,L1,200,69,0.005702008098504256
Beauty,Beauty,after_col,L1,201,45,0.0037187009338071233
Beauty,Beauty,after_col,L1,202,46,0.0038013387323361705
Beauty,Beauty,after_col,L1,203,38,0.003140236344103793
Beauty,Beauty,after_col,L1,204,43,0.003553425336749029
Beauty,Beauty,after_col,L1,205,53,0.004379803322039501
Beauty,Beauty,after_col,L1,206,42,0.003470787538219982
Beauty,Beauty,after_col,L1,207,59,0.0048756301132137836
Beauty,Beauty,after_col,L1,208,37,0.003057598545574746
Beauty,Beauty,after_col,L1,209,31,0.0025617717544004627
Beauty,Beauty,after_col,L1,210,39,0.00322287414263284
Beauty,Beauty,after_col,L1,211,29,0.0023964961573423684
Beauty,Beauty,after_col,L1,212,36,0.0029749607470456988
Beauty,Beauty,after_col,L1,213,52,0.004297165523510454
Beauty,Beauty,after_col,L1,214,21,0.001735393769109991
Beauty,Beauty,after_col,L1,215,39,0.00322287414263284
Beauty,Beauty,after_col,L1,216,34,0.0028096851499876045
Beauty,Beauty,after_col,L1,217,61,0.005040905710271879
Beauty,Beauty,after_col,L1,218,45,0.0037187009338071233
Beauty,Beauty,after_col,L1,219,44,0.003636063135278076
Beauty,Beauty,after_col,L1,220,37,0.003057598545574746
Beauty,Beauty,after_col,L1,221,40,0.0033055119411618873
Beauty,Beauty,after_col,L1,222,64,0.00528881910585902
Beauty,Beauty,after_col,L1,223,40,0.0033055119411618873
Beauty,Beauty,after_col,L1,224,36,0.0029749607470456988
Beauty,Beauty,after_col,L1,225,51,0.0042145277249814065
Beauty,Beauty,after_col,L1,226,69,0.005702008098504256
Beauty,Beauty,after_col,L1,227,151,0.012478307577886125
Beauty,Beauty,after_col,L1,228,66,0.005454094702917114
Beauty,Beauty,after_col,L1,229,44,0.003636063135278076
Beauty,Beauty,after_col,L1,230,58,0.004792992314684737
Beauty,Beauty,after_col,L1,231,37,0.003057598545574746
Beauty,Beauty,after_col,L1,232,41,0.003388149739690935
Beauty,Beauty,after_col,L1,233,32,0.00264440955292951
Beauty,Beauty,after_col,L1,234,46,0.0038013387323361705
Beauty,Beauty,after_col,L1,235,43,0.003553425336749029
Beauty,Beauty,after_col,L1,236,35,0.0028923229485166516
Beauty,Beauty,after_col,L1,237,54,0.004462441120568548
Beauty,Beauty,after_col,L1,238,29,0.0023964961573423684
Beauty,Beauty,after_col,L1,239,39,0.00322287414263284
Beauty,Beauty,after_col,L1,240,40,0.0033055119411618873
Beauty,Beauty,after_col,L1,241,39,0.00322287414263284
Beauty,Beauty,after_col,L1,242,47,0.0038839765308652176
Beauty,Beauty,after_col,L1,243,41,0.003388149739690935
Beauty,Beauty,after_col,L1,244,47,0.0038839765308652176
Beauty,Beauty,after_col,L1,245,44,0.003636063135278076
Beauty,Beauty,after_col,L1,246,27,0.002231220560284274
Beauty,Beauty,after_col,L1,247,64,0.00528881910585902
Beauty,Beauty,after_col,L1,248,35,0.0028923229485166516
Beauty,Beauty,after_col,L1,249,33,0.002727047351458557
Beauty,Beauty,after_col,L1,250,43,0.003553425336749029
Beauty,Beauty,after_col,L1,251,38,0.003140236344103793
Beauty,Beauty,after_col,L1,252,38,0.003140236344103793
Beauty,Beauty,after_col,L1,253,258,0.021320552020494175
Beauty,Beauty,after_col,L1,254,49,0.004049252127923312
Beauty,Beauty,after_col,L1,255,44,0.003636063135278076
Beauty,Beauty,after_col,L2,0,46,0.0038013387323361705
Beauty,Beauty,after_col,L2,1,36,0.0029749607470456988
Beauty,Beauty,after_col,L2,2,34,0.0028096851499876045
Beauty,Beauty,after_col,L2,3,53,0.004379803322039501
Beauty,Beauty,after_col,L2,4,143,0.011817205189653748
Beauty,Beauty,after_col,L2,5,35,0.0028923229485166516
Beauty,Beauty,after_col,L2,6,55,0.004545078919097595
Beauty,Beauty,after_col,L2,7,41,0.003388149739690935
Beauty,Beauty,after_col,L2,8,46,0.0038013387323361705
Beauty,Beauty,after_col,L2,9,34,0.0028096851499876045
Beauty,Beauty,after_col,L2,10,38,0.003140236344103793
Beauty,Beauty,after_col,L2,11,55,0.004545078919097595
Beauty,Beauty,after_col,L2,12,53,0.004379803322039501
Beauty,Beauty,after_col,L2,13,51,0.0042145277249814065
Beauty,Beauty,after_col,L2,14,41,0.003388149739690935
Beauty,Beauty,after_col,L2,15,40,0.0033055119411618873
Beauty,Beauty,after_col,L2,16,96,0.00793322865878853
Beauty,Beauty,after_col,L2,17,34,0.0028096851499876045
Beauty,Beauty,after_col,L2,18,32,0.00264440955292951
Beauty,Beauty,after_col,L2,19,45,0.0037187009338071233
Beauty,Beauty,after_col,L2,20,54,0.004462441120568548
Beauty,Beauty,after_col,L2,21,45,0.0037187009338071233
Beauty,Beauty,after_col,L2,22,54,0.004462441120568548
Beauty,Beauty,after_col,L2,23,41,0.003388149739690935
Beauty,Beauty,after_col,L2,24,61,0.005040905710271879
Beauty,Beauty,after_col,L2,25,52,0.004297165523510454
Beauty,Beauty,after_col,L2,26,46,0.0038013387323361705
Beauty,Beauty,after_col,L2,27,54,0.004462441120568548
Beauty,Beauty,after_col,L2,28,97,0.008015866457317578
Beauty,Beauty,after_col,L2,29,50,0.004131889926452359
Beauty,Beauty,after_col,L2,30,59,0.0048756301132137836
Beauty,Beauty,after_col,L2,31,31,0.0025617717544004627
Beauty,Beauty,after_col,L2,32,35,0.0028923229485166516
Beauty,Beauty,after_col,L2,33,54,0.004462441120568548
Beauty,Beauty,after_col,L2,34,32,0.00264440955292951
Beauty,Beauty,after_col,L2,35,41,0.003388149739690935
Beauty,Beauty,after_col,L2,36,36,0.0029749607470456988
Beauty,Beauty,after_col,L2,37,47,0.0038839765308652176
Beauty,Beauty,after_col,L2,38,37,0.003057598545574746
Beauty,Beauty,after_col,L2,39,41,0.003388149739690935
Beauty,Beauty,after_col,L2,40,44,0.003636063135278076
Beauty,Beauty,after_col,L2,41,45,0.0037187009338071233
Beauty,Beauty,after_col,L2,42,46,0.0038013387323361705
Beauty,Beauty,after_col,L2,43,194,0.016031732914635156
Beauty,Beauty,after_col,L2,44,31,0.0025617717544004627
Beauty,Beauty,after_col,L2,45,26,0.002148582761755227
Beauty,Beauty,after_col,L2,46,44,0.003636063135278076
Beauty,Beauty,after_col,L2,47,37,0.003057598545574746
Beauty,Beauty,after_col,L2,48,47,0.0038839765308652176
Beauty,Beauty,after_col,L2,49,34,0.0028096851499876045
Beauty,Beauty,after_col,L2,50,73,0.006032559292620444
Beauty,Beauty,after_col,L2,51,45,0.0037187009338071233
Beauty,Beauty,after_col,L2,52,38,0.003140236344103793
Beauty,Beauty,after_col,L2,53,68,0.005619370299975209
Beauty,Beauty,after_col,L2,54,50,0.004131889926452359
Beauty,Beauty,after_col,L2,55,43,0.003553425336749029
Beauty,Beauty,after_col,L2,56,63,0.005206181307329973
Beauty,Beauty,after_col,L2,57,55,0.004545078919097595
Beauty,Beauty,after_col,L2,58,41,0.003388149739690935
Beauty,Beauty,after_col,L2,59,37,0.003057598545574746
Beauty,Beauty,after_col,L2,60,57,0.004710354516155689
Beauty,Beauty,after_col,L2,61,51,0.0042145277249814065
Beauty,Beauty,after_col,L2,62,35,0.0028923229485166516
Beauty,Beauty,after_col,L2,63,41,0.003388149739690935
Beauty,Beauty,after_col,L2,64,41,0.003388149739690935
Beauty,Beauty,after_col,L2,65,42,0.003470787538219982
Beauty,Beauty,after_col,L2,66,55,0.004545078919097595
Beauty,Beauty,after_col,L2,67,43,0.003553425336749029
Beauty,Beauty,after_col,L2,68,40,0.0033055119411618873
Beauty,Beauty,after_col,L2,69,37,0.003057598545574746
Beauty,Beauty,after_col,L2,70,51,0.0042145277249814065
Beauty,Beauty,after_col,L2,71,39,0.00322287414263284
Beauty,Beauty,after_col,L2,72,51,0.0042145277249814065
Beauty,Beauty,after_col,L2,73,53,0.004379803322039501
Beauty,Beauty,after_col,L2,74,58,0.004792992314684737
Beauty,Beauty,after_col,L2,75,43,0.003553425336749029
Beauty,Beauty,after_col,L2,76,36,0.0029749607470456988
Beauty,Beauty,after_col,L2,77,49,0.004049252127923312
Beauty,Beauty,after_col,L2,78,45,0.0037187009338071233
Beauty,Beauty,after_col,L2,79,34,0.0028096851499876045
Beauty,Beauty,after_col,L2,80,56,0.004627716717626643
Beauty,Beauty,after_col,L2,81,46,0.0038013387323361705
Beauty,Beauty,after_col,L2,82,38,0.003140236344103793
Beauty,Beauty,after_col,L2,83,57,0.004710354516155689
Beauty,Beauty,after_col,L2,84,50,0.004131889926452359
Beauty,Beauty,after_col,L2,85,57,0.004710354516155689
Beauty,Beauty,after_col,L2,86,42,0.003470787538219982
Beauty,Beauty,after_col,L2,87,69,0.005702008098504256
Beauty,Beauty,after_col,L2,88,37,0.003057598545574746
Beauty,Beauty,after_col,L2,89,33,0.002727047351458557
Beauty,Beauty,after_col,L2,90,50,0.004131889926452359
Beauty,Beauty,after_col,L2,91,44,0.003636063135278076
Beauty,Beauty,after_col,L2,92,49,0.004049252127923312
Beauty,Beauty,after_col,L2,93,41,0.003388149739690935
Beauty,Beauty,after_col,L2,94,39,0.00322287414263284
Beauty,Beauty,after_col,L2,95,46,0.0038013387323361705
Beauty,Beauty,after_col,L2,96,42,0.003470787538219982
Beauty,Beauty,after_col,L2,97,65,0.005371456904388067
Beauty,Beauty,after_col,L2,98,42,0.003470787538219982
Beauty,Beauty,after_col,L2,99,50,0.004131889926452359
Beauty,Beauty,after_col,L2,100,40,0.0033055119411618873
Beauty,Beauty,after_col,L2,101,42,0.003470787538219982
Beauty,Beauty,after_col,L2,102,43,0.003553425336749029
Beauty,Beauty,after_col,L2,103,47,0.0038839765308652176
Beauty,Beauty,after_col,L2,104,54,0.004462441120568548
Beauty,Beauty,after_col,L2,105,66,0.005454094702917114
Beauty,Beauty,after_col,L2,106,69,0.005702008098504256
Beauty,Beauty,after_col,L2,107,31,0.0025617717544004627
Beauty,Beauty,after_col,L2,108,36,0.0029749607470456988
Beauty,Beauty,after_col,L2,109,47,0.0038839765308652176
Beauty,Beauty,after_col,L2,110,41,0.003388149739690935
Beauty,Beauty,after_col,L2,111,59,0.0048756301132137836
Beauty,Beauty,after_col,L2,112,48,0.003966614329394265
Beauty,Beauty,after_col,L2,113,52,0.004297165523510454
Beauty,Beauty,after_col,L2,114,42,0.003470787538219982
Beauty,Beauty,after_col,L2,115,42,0.003470787538219982
Beauty,Beauty,after_col,L2,116,48,0.003966614329394265
Beauty,Beauty,after_col,L2,117,50,0.004131889926452359
Beauty,Beauty,after_col,L2,118,53,0.004379803322039501
Beauty,Beauty,after_col,L2,119,44,0.003636063135278076
Beauty,Beauty,after_col,L2,120,49,0.004049252127923312
Beauty,Beauty,after_col,L2,121,58,0.004792992314684737
Beauty,Beauty,after_col,L2,122,34,0.0028096851499876045
Beauty,Beauty,after_col,L2,123,45,0.0037187009338071233
Beauty,Beauty,after_col,L2,124,39,0.00322287414263284
Beauty,Beauty,after_col,L2,125,45,0.0037187009338071233
Beauty,Beauty,after_col,L2,126,38,0.003140236344103793
Beauty,Beauty,after_col,L2,127,44,0.003636063135278076
Beauty,Beauty,after_col,L2,128,40,0.0033055119411618873
Beauty,Beauty,after_col,L2,129,44,0.003636063135278076
Beauty,Beauty,after_col,L2,130,61,0.005040905710271879
Beauty,Beauty,after_col,L2,131,38,0.003140236344103793
Beauty,Beauty,after_col,L2,132,31,0.0025617717544004627
Beauty,Beauty,after_col,L2,133,50,0.004131889926452359
Beauty,Beauty,after_col,L2,134,40,0.0033055119411618873
Beauty,Beauty,after_col,L2,135,35,0.0028923229485166516
Beauty,Beauty,after_col,L2,136,55,0.004545078919097595
Beauty,Beauty,after_col,L2,137,44,0.003636063135278076
Beauty,Beauty,after_col,L2,138,64,0.00528881910585902
Beauty,Beauty,after_col,L2,139,46,0.0038013387323361705
Beauty,Beauty,after_col,L2,140,41,0.003388149739690935
Beauty,Beauty,after_col,L2,141,45,0.0037187009338071233
Beauty,Beauty,after_col,L2,142,51,0.0042145277249814065
Beauty,Beauty,after_col,L2,143,54,0.004462441120568548
Beauty,Beauty,after_col,L2,144,42,0.003470787538219982
Beauty,Beauty,after_col,L2,145,46,0.0038013387323361705
Beauty,Beauty,after_col,L2,146,56,0.004627716717626643
Beauty,Beauty,after_col,L2,147,48,0.003966614329394265
Beauty,Beauty,after_col,L2,148,49,0.004049252127923312
Beauty,Beauty,after_col,L2,149,42,0.003470787538219982
Beauty,Beauty,after_col,L2,150,45,0.0037187009338071233
Beauty,Beauty,after_col,L2,151,40,0.0033055119411618873
Beauty,Beauty,after_col,L2,152,35,0.0028923229485166516
Beauty,Beauty,after_col,L2,153,58,0.004792992314684737
Beauty,Beauty,after_col,L2,154,52,0.004297165523510454
Beauty,Beauty,after_col,L2,155,35,0.0028923229485166516
Beauty,Beauty,after_col,L2,156,42,0.003470787538219982
Beauty,Beauty,after_col,L2,157,36,0.0029749607470456988
Beauty,Beauty,after_col,L2,158,33,0.002727047351458557
Beauty,Beauty,after_col,L2,159,46,0.0038013387323361705
Beauty,Beauty,after_col,L2,160,94,0.007767953061730435
Beauty,Beauty,after_col,L2,161,39,0.00322287414263284
Beauty,Beauty,after_col,L2,162,51,0.0042145277249814065
Beauty,Beauty,after_col,L2,163,66,0.005454094702917114
Beauty,Beauty,after_col,L2,164,29,0.0023964961573423684
Beauty,Beauty,after_col,L2,165,40,0.0033055119411618873
Beauty,Beauty,after_col,L2,166,45,0.0037187009338071233
Beauty,Beauty,after_col,L2,167,30,0.0024791339558714156
Beauty,Beauty,after_col,L2,168,36,0.0029749607470456988
Beauty,Beauty,after_col,L2,169,72,0.0059499214940913975
Beauty,Beauty,after_col,L2,170,42,0.003470787538219982
Beauty,Beauty,after_col,L2,171,42,0.003470787538219982
Beauty,Beauty,after_col,L2,172,45,0.0037187009338071233
Beauty,Beauty,after_col,L2,173,39,0.00322287414263284
Beauty,Beauty,after_col,L2,174,31,0.0025617717544004627
Beauty,Beauty,after_col,L2,175,58,0.004792992314684737
Beauty,Beauty,after_col,L2,176,34,0.0028096851499876045
Beauty,Beauty,after_col,L2,177,31,0.0025617717544004627
Beauty,Beauty,after_col,L2,178,49,0.004049252127923312
Beauty,Beauty,after_col,L2,179,55,0.004545078919097595
Beauty,Beauty,after_col,L2,180,58,0.004792992314684737
Beauty,Beauty,after_col,L2,181,46,0.0038013387323361705
Beauty,Beauty,after_col,L2,182,30,0.0024791339558714156
Beauty,Beauty,after_col,L2,183,61,0.005040905710271879
Beauty,Beauty,after_col,L2,184,38,0.003140236344103793
Beauty,Beauty,after_col,L2,185,61,0.005040905710271879
Beauty,Beauty,after_col,L2,186,59,0.0048756301132137836
Beauty,Beauty,after_col,L2,187,51,0.0042145277249814065
Beauty,Beauty,after_col,L2,188,50,0.004131889926452359
Beauty,Beauty,after_col,L2,189,39,0.00322287414263284
Beauty,Beauty,after_col,L2,190,46,0.0038013387323361705
Beauty,Beauty,after_col,L2,191,27,0.002231220560284274
Beauty,Beauty,after_col,L2,192,43,0.003553425336749029
Beauty,Beauty,after_col,L2,193,54,0.004462441120568548
Beauty,Beauty,after_col,L2,194,31,0.0025617717544004627
Beauty,Beauty,after_col,L2,195,35,0.0028923229485166516
Beauty,Beauty,after_col,L2,196,46,0.0038013387323361705
Beauty,Beauty,after_col,L2,197,38,0.003140236344103793
Beauty,Beauty,after_col,L2,198,60,0.004958267911742831
Beauty,Beauty,after_col,L2,199,50,0.004131889926452359
Beauty,Beauty,after_col,L2,200,41,0.003388149739690935
Beauty,Beauty,after_col,L2,201,42,0.003470787538219982
Beauty,Beauty,after_col,L2,202,35,0.0028923229485166516
Beauty,Beauty,after_col,L2,203,49,0.004049252127923312
Beauty,Beauty,after_col,L2,204,28,0.0023138583588133213
Beauty,Beauty,after_col,L2,205,56,0.004627716717626643
Beauty,Beauty,after_col,L2,206,47,0.0038839765308652176
Beauty,Beauty,after_col,L2,207,47,0.0038839765308652176
Beauty,Beauty,after_col,L2,208,40,0.0033055119411618873
Beauty,Beauty,after_col,L2,209,41,0.003388149739690935
Beauty,Beauty,after_col,L2,210,50,0.004131889926452359
Beauty,Beauty,after_col,L2,211,37,0.003057598545574746
Beauty,Beauty,after_col,L2,212,65,0.005371456904388067
Beauty,Beauty,after_col,L2,213,62,0.005123543508800925
Beauty,Beauty,after_col,L2,214,36,0.0029749607470456988
Beauty,Beauty,after_col,L2,215,30,0.0024791339558714156
Beauty,Beauty,after_col,L2,216,62,0.005123543508800925
Beauty,Beauty,after_col,L2,217,111,0.009172795636724239
Beauty,Beauty,after_col,L2,218,40,0.0033055119411618873
Beauty,Beauty,after_col,L2,219,40,0.0033055119411618873
Beauty,Beauty,after_col,L2,220,44,0.003636063135278076
Beauty,Beauty,after_col,L2,221,36,0.0029749607470456988
Beauty,Beauty,after_col,L2,222,44,0.003636063135278076
Beauty,Beauty,after_col,L2,223,36,0.0029749607470456988
Beauty,Beauty,after_col,L2,224,32,0.00264440955292951
Beauty,Beauty,after_col,L2,225,37,0.003057598545574746
Beauty,Beauty,after_col,L2,226,38,0.003140236344103793
Beauty,Beauty,after_col,L2,227,42,0.003470787538219982
Beauty,Beauty,after_col,L2,228,41,0.003388149739690935
Beauty,Beauty,after_col,L2,229,41,0.003388149739690935
Beauty,Beauty,after_col,L2,230,36,0.0029749607470456988
Beauty,Beauty,after_col,L2,231,49,0.004049252127923312
Beauty,Beauty,after_col,L2,232,38,0.003140236344103793
Beauty,Beauty,after_col,L2,233,184,0.015205354929344682
Beauty,Beauty,after_col,L2,234,52,0.004297165523510454
Beauty,Beauty,after_col,L2,235,44,0.003636063135278076
Beauty,Beauty,after_col,L2,236,28,0.0023138583588133213
Beauty,Beauty,after_col,L2,237,33,0.002727047351458557
Beauty,Beauty,after_col,L2,238,69,0.005702008098504256
Beauty,Beauty,after_col,L2,239,40,0.0033055119411618873
Beauty,Beauty,after_col,L2,240,43,0.003553425336749029
Beauty,Beauty,after_col,L2,241,23,0.0019006693661680852
Beauty,Beauty,after_col,L2,242,59,0.0048756301132137836
Beauty,Beauty,after_col,L2,243,36,0.0029749607470456988
Beauty,Beauty,after_col,L2,244,39,0.00322287414263284
Beauty,Beauty,after_col,L2,245,50,0.004131889926452359
Beauty,Beauty,after_col,L2,246,55,0.004545078919097595
Beauty,Beauty,after_col,L2,247,43,0.003553425336749029
Beauty,Beauty,after_col,L2,248,44,0.003636063135278076
Beauty,Beauty,after_col,L2,249,38,0.003140236344103793
Beauty,Beauty,after_col,L2,250,50,0.004131889926452359
Beauty,Beauty,after_col,L2,251,31,0.0025617717544004627
Beauty,Beauty,after_col,L2,252,59,0.0048756301132137836
Beauty,Beauty,after_col,L2,253,50,0.004131889926452359
Beauty,Beauty,after_col,L2,254,30,0.0024791339558714156
Beauty,Beauty,after_col,L2,255,37,0.003057598545574746
Beauty,Beauty,after_col,L3,0,50,0.004131889926452359
Beauty,Beauty,after_col,L3,1,40,0.0033055119411618873
Beauty,Beauty,after_col,L3,2,50,0.004131889926452359
Beauty,Beauty,after_col,L3,3,40,0.0033055119411618873
Beauty,Beauty,after_col,L3,4,47,0.0038839765308652176
Beauty,Beauty,after_col,L3,5,43,0.003553425336749029
Beauty,Beauty,after_col,L3,6,42,0.003470787538219982
Beauty,Beauty,after_col,L3,7,54,0.004462441120568548
Beauty,Beauty,after_col,L3,8,50,0.004131889926452359
Beauty,Beauty,after_col,L3,9,46,0.0038013387323361705
Beauty,Beauty,after_col,L3,10,37,0.003057598545574746
Beauty,Beauty,after_col,L3,11,36,0.0029749607470456988
Beauty,Beauty,after_col,L3,12,41,0.003388149739690935
Beauty,Beauty,after_col,L3,13,42,0.003470787538219982
Beauty,Beauty,after_col,L3,14,51,0.0042145277249814065
Beauty,Beauty,after_col,L3,15,61,0.005040905710271879
Beauty,Beauty,after_col,L3,16,58,0.004792992314684737
Beauty,Beauty,after_col,L3,17,44,0.003636063135278076
Beauty,Beauty,after_col,L3,18,45,0.0037187009338071233
Beauty,Beauty,after_col,L3,19,40,0.0033055119411618873
Beauty,Beauty,after_col,L3,20,38,0.003140236344103793
Beauty,Beauty,after_col,L3,21,43,0.003553425336749029
Beauty,Beauty,after_col,L3,22,54,0.004462441120568548
Beauty,Beauty,after_col,L3,23,34,0.0028096851499876045
Beauty,Beauty,after_col,L3,24,42,0.003470787538219982
Beauty,Beauty,after_col,L3,25,42,0.003470787538219982
Beauty,Beauty,after_col,L3,26,38,0.003140236344103793
Beauty,Beauty,after_col,L3,27,52,0.004297165523510454
Beauty,Beauty,after_col,L3,28,42,0.003470787538219982
Beauty,Beauty,after_col,L3,29,56,0.004627716717626643
Beauty,Beauty,after_col,L3,30,38,0.003140236344103793
Beauty,Beauty,after_col,L3,31,38,0.003140236344103793
Beauty,Beauty,after_col,L3,32,40,0.0033055119411618873
Beauty,Beauty,after_col,L3,33,47,0.0038839765308652176
Beauty,Beauty,after_col,L3,34,47,0.0038839765308652176
Beauty,Beauty,after_col,L3,35,56,0.004627716717626643
Beauty,Beauty,after_col,L3,36,49,0.004049252127923312
Beauty,Beauty,after_col,L3,37,28,0.0023138583588133213
Beauty,Beauty,after_col,L3,38,45,0.0037187009338071233
Beauty,Beauty,after_col,L3,39,28,0.0023138583588133213
Beauty,Beauty,after_col,L3,40,34,0.0028096851499876045
Beauty,Beauty,after_col,L3,41,57,0.004710354516155689
Beauty,Beauty,after_col,L3,42,48,0.003966614329394265
Beauty,Beauty,after_col,L3,43,45,0.0037187009338071233
Beauty,Beauty,after_col,L3,44,57,0.004710354516155689
Beauty,Beauty,after_col,L3,45,54,0.004462441120568548
Beauty,Beauty,after_col,L3,46,60,0.004958267911742831
Beauty,Beauty,after_col,L3,47,47,0.0038839765308652176
Beauty,Beauty,after_col,L3,48,33,0.002727047351458557
Beauty,Beauty,after_col,L3,49,62,0.005123543508800925
Beauty,Beauty,after_col,L3,50,47,0.0038839765308652176
Beauty,Beauty,after_col,L3,51,38,0.003140236344103793
Beauty,Beauty,after_col,L3,52,41,0.003388149739690935
Beauty,Beauty,after_col,L3,53,44,0.003636063135278076
Beauty,Beauty,after_col,L3,54,46,0.0038013387323361705
Beauty,Beauty,after_col,L3,55,59,0.0048756301132137836
Beauty,Beauty,after_col,L3,56,47,0.0038839765308652176
Beauty,Beauty,after_col,L3,57,52,0.004297165523510454
Beauty,Beauty,after_col,L3,58,50,0.004131889926452359
Beauty,Beauty,after_col,L3,59,38,0.003140236344103793
Beauty,Beauty,after_col,L3,60,35,0.0028923229485166516
Beauty,Beauty,after_col,L3,61,36,0.0029749607470456988
Beauty,Beauty,after_col,L3,62,41,0.003388149739690935
Beauty,Beauty,after_col,L3,63,57,0.004710354516155689
Beauty,Beauty,after_col,L3,64,44,0.003636063135278076
Beauty,Beauty,after_col,L3,65,47,0.0038839765308652176
Beauty,Beauty,after_col,L3,66,54,0.004462441120568548
Beauty,Beauty,after_col,L3,67,52,0.004297165523510454
Beauty,Beauty,after_col,L3,68,56,0.004627716717626643
Beauty,Beauty,after_col,L3,69,50,0.004131889926452359
Beauty,Beauty,after_col,L3,70,36,0.0029749607470456988
Beauty,Beauty,after_col,L3,71,44,0.003636063135278076
Beauty,Beauty,after_col,L3,72,50,0.004131889926452359
Beauty,Beauty,after_col,L3,73,39,0.00322287414263284
Beauty,Beauty,after_col,L3,74,37,0.003057598545574746
Beauty,Beauty,after_col,L3,75,53,0.004379803322039501
Beauty,Beauty,after_col,L3,76,39,0.00322287414263284
Beauty,Beauty,after_col,L3,77,47,0.0038839765308652176
Beauty,Beauty,after_col,L3,78,34,0.0028096851499876045
Beauty,Beauty,after_col,L3,79,41,0.003388149739690935
Beauty,Beauty,after_col,L3,80,44,0.003636063135278076
Beauty,Beauty,after_col,L3,81,48,0.003966614329394265
Beauty,Beauty,after_col,L3,82,38,0.003140236344103793
Beauty,Beauty,after_col,L3,83,47,0.0038839765308652176
Beauty,Beauty,after_col,L3,84,59,0.0048756301132137836
Beauty,Beauty,after_col,L3,85,33,0.002727047351458557
Beauty,Beauty,after_col,L3,86,45,0.0037187009338071233
Beauty,Beauty,after_col,L3,87,45,0.0037187009338071233
Beauty,Beauty,after_col,L3,88,47,0.0038839765308652176
Beauty,Beauty,after_col,L3,89,39,0.00322287414263284
Beauty,Beauty,after_col,L3,90,48,0.003966614329394265
Beauty,Beauty,after_col,L3,91,53,0.004379803322039501
Beauty,Beauty,after_col,L3,92,59,0.0048756301132137836
Beauty,Beauty,after_col,L3,93,44,0.003636063135278076
Beauty,Beauty,after_col,L3,94,51,0.0042145277249814065
Beauty,Beauty,after_col,L3,95,65,0.005371456904388067
Beauty,Beauty,after_col,L3,96,42,0.003470787538219982
Beauty,Beauty,after_col,L3,97,43,0.003553425336749029
Beauty,Beauty,after_col,L3,98,59,0.0048756301132137836
Beauty,Beauty,after_col,L3,99,46,0.0038013387323361705
Beauty,Beauty,after_col,L3,100,43,0.003553425336749029
Beauty,Beauty,after_col,L3,101,38,0.003140236344103793
Beauty,Beauty,after_col,L3,102,49,0.004049252127923312
Beauty,Beauty,after_col,L3,103,47,0.0038839765308652176
Beauty,Beauty,after_col,L3,104,54,0.004462441120568548
Beauty,Beauty,after_col,L3,105,40,0.0033055119411618873
Beauty,Beauty,after_col,L3,106,45,0.0037187009338071233
Beauty,Beauty,after_col,L3,107,47,0.0038839765308652176
Beauty,Beauty,after_col,L3,108,44,0.003636063135278076
Beauty,Beauty,after_col,L3,109,54,0.004462441120568548
Beauty,Beauty,after_col,L3,110,32,0.00264440955292951
Beauty,Beauty,after_col,L3,111,57,0.004710354516155689
Beauty,Beauty,after_col,L3,112,45,0.0037187009338071233
Beauty,Beauty,after_col,L3,113,39,0.00322287414263284
Beauty,Beauty,after_col,L3,114,56,0.004627716717626643
Beauty,Beauty,after_col,L3,115,50,0.004131889926452359
Beauty,Beauty,after_col,L3,116,45,0.0037187009338071233
Beauty,Beauty,after_col,L3,117,60,0.004958267911742831
Beauty,Beauty,after_col,L3,118,46,0.0038013387323361705
Beauty,Beauty,after_col,L3,119,34,0.0028096851499876045
Beauty,Beauty,after_col,L3,120,40,0.0033055119411618873
Beauty,Beauty,after_col,L3,121,52,0.004297165523510454
Beauty,Beauty,after_col,L3,122,49,0.004049252127923312
Beauty,Beauty,after_col,L3,123,56,0.004627716717626643
Beauty,Beauty,after_col,L3,124,46,0.0038013387323361705
Beauty,Beauty,after_col,L3,125,42,0.003470787538219982
Beauty,Beauty,after_col,L3,126,55,0.004545078919097595
Beauty,Beauty,after_col,L3,127,42,0.003470787538219982
Beauty,Beauty,after_col,L3,128,50,0.004131889926452359
Beauty,Beauty,after_col,L3,129,46,0.0038013387323361705
Beauty,Beauty,after_col,L3,130,46,0.0038013387323361705
Beauty,Beauty,after_col,L3,131,59,0.0048756301132137836
Beauty,Beauty,after_col,L3,132,51,0.0042145277249814065
Beauty,Beauty,after_col,L3,133,42,0.003470787538219982
Beauty,Beauty,after_col,L3,134,45,0.0037187009338071233
Beauty,Beauty,after_col,L3,135,44,0.003636063135278076
Beauty,Beauty,after_col,L3,136,50,0.004131889926452359
Beauty,Beauty,after_col,L3,137,54,0.004462441120568548
Beauty,Beauty,after_col,L3,138,55,0.004545078919097595
Beauty,Beauty,after_col,L3,139,46,0.0038013387323361705
Beauty,Beauty,after_col,L3,140,53,0.004379803322039501
Beauty,Beauty,after_col,L3,141,40,0.0033055119411618873
Beauty,Beauty,after_col,L3,142,43,0.003553425336749029
Beauty,Beauty,after_col,L3,143,48,0.003966614329394265
Beauty,Beauty,after_col,L3,144,39,0.00322287414263284
Beauty,Beauty,after_col,L3,145,45,0.0037187009338071233
Beauty,Beauty,after_col,L3,146,48,0.003966614329394265
Beauty,Beauty,after_col,L3,147,45,0.0037187009338071233
Beauty,Beauty,after_col,L3,148,62,0.005123543508800925
Beauty,Beauty,after_col,L3,149,34,0.0028096851499876045
Beauty,Beauty,after_col,L3,150,49,0.004049252127923312
Beauty,Beauty,after_col,L3,151,46,0.0038013387323361705
Beauty,Beauty,after_col,L3,152,45,0.0037187009338071233
Beauty,Beauty,after_col,L3,153,33,0.002727047351458557
Beauty,Beauty,after_col,L3,154,37,0.003057598545574746
Beauty,Beauty,after_col,L3,155,64,0.00528881910585902
Beauty,Beauty,after_col,L3,156,49,0.004049252127923312
Beauty,Beauty,after_col,L3,157,49,0.004049252127923312
Beauty,Beauty,after_col,L3,158,55,0.004545078919097595
Beauty,Beauty,after_col,L3,159,58,0.004792992314684737
Beauty,Beauty,after_col,L3,160,45,0.0037187009338071233
Beauty,Beauty,after_col,L3,161,35,0.0028923229485166516
Beauty,Beauty,after_col,L3,162,46,0.0038013387323361705
Beauty,Beauty,after_col,L3,163,73,0.006032559292620444
Beauty,Beauty,after_col,L3,164,44,0.003636063135278076
Beauty,Beauty,after_col,L3,165,53,0.004379803322039501
Beauty,Beauty,after_col,L3,166,30,0.0024791339558714156
Beauty,Beauty,after_col,L3,167,45,0.0037187009338071233
Beauty,Beauty,after_col,L3,168,53,0.004379803322039501
Beauty,Beauty,after_col,L3,169,39,0.00322287414263284
Beauty,Beauty,after_col,L3,170,71,0.00586728369556235
Beauty,Beauty,after_col,L3,171,48,0.003966614329394265
Beauty,Beauty,after_col,L3,172,56,0.004627716717626643
Beauty,Beauty,after_col,L3,173,45,0.0037187009338071233
Beauty,Beauty,after_col,L3,174,30,0.0024791339558714156
Beauty,Beauty,after_col,L3,175,49,0.004049252127923312
Beauty,Beauty,after_col,L3,176,54,0.004462441120568548
Beauty,Beauty,after_col,L3,177,56,0.004627716717626643
Beauty,Beauty,after_col,L3,178,41,0.003388149739690935
Beauty,Beauty,after_col,L3,179,55,0.004545078919097595
Beauty,Beauty,after_col,L3,180,50,0.004131889926452359
Beauty,Beauty,after_col,L3,181,40,0.0033055119411618873
Beauty,Beauty,after_col,L3,182,54,0.004462441120568548
Beauty,Beauty,after_col,L3,183,44,0.003636063135278076
Beauty,Beauty,after_col,L3,184,43,0.003553425336749029
Beauty,Beauty,after_col,L3,185,49,0.004049252127923312
Beauty,Beauty,after_col,L3,186,39,0.00322287414263284
Beauty,Beauty,after_col,L3,187,46,0.0038013387323361705
Beauty,Beauty,after_col,L3,188,50,0.004131889926452359
Beauty,Beauty,after_col,L3,189,39,0.00322287414263284
Beauty,Beauty,after_col,L3,190,46,0.0038013387323361705
Beauty,Beauty,after_col,L3,191,42,0.003470787538219982
Beauty,Beauty,after_col,L3,192,48,0.003966614329394265
Beauty,Beauty,after_col,L3,193,36,0.0029749607470456988
Beauty,Beauty,after_col,L3,194,46,0.0038013387323361705
Beauty,Beauty,after_col,L3,195,48,0.003966614329394265
Beauty,Beauty,after_col,L3,196,53,0.004379803322039501
Beauty,Beauty,after_col,L3,197,41,0.003388149739690935
Beauty,Beauty,after_col,L3,198,44,0.003636063135278076
Beauty,Beauty,after_col,L3,199,44,0.003636063135278076
Beauty,Beauty,after_col,L3,200,45,0.0037187009338071233
Beauty,Beauty,after_col,L3,201,52,0.004297165523510454
Beauty,Beauty,after_col,L3,202,41,0.003388149739690935
Beauty,Beauty,after_col,L3,203,43,0.003553425336749029
Beauty,Beauty,after_col,L3,204,51,0.0042145277249814065
Beauty,Beauty,after_col,L3,205,50,0.004131889926452359
Beauty,Beauty,after_col,L3,206,49,0.004049252127923312
Beauty,Beauty,after_col,L3,207,55,0.004545078919097595
Beauty,Beauty,after_col,L3,208,41,0.003388149739690935
Beauty,Beauty,after_col,L3,209,37,0.003057598545574746
Beauty,Beauty,after_col,L3,210,47,0.0038839765308652176
Beauty,Beauty,after_col,L3,211,39,0.00322287414263284
Beauty,Beauty,after_col,L3,212,42,0.003470787538219982
Beauty,Beauty,after_col,L3,213,37,0.003057598545574746
Beauty,Beauty,after_col,L3,214,50,0.004131889926452359
Beauty,Beauty,after_col,L3,215,39,0.00322287414263284
Beauty,Beauty,after_col,L3,216,49,0.004049252127923312
Beauty,Beauty,after_col,L3,217,55,0.004545078919097595
Beauty,Beauty,after_col,L3,218,53,0.004379803322039501
Beauty,Beauty,after_col,L3,219,51,0.0042145277249814065
Beauty,Beauty,after_col,L3,220,49,0.004049252127923312
Beauty,Beauty,after_col,L3,221,34,0.0028096851499876045
Beauty,Beauty,after_col,L3,222,52,0.004297165523510454
Beauty,Beauty,after_col,L3,223,43,0.003553425336749029
Beauty,Beauty,after_col,L3,224,43,0.003553425336749029
Beauty,Beauty,after_col,L3,225,199,0.01644492190728039
Beauty,Beauty,after_col,L3,226,46,0.0038013387323361705
Beauty,Beauty,after_col,L3,227,36,0.0029749607470456988
Beauty,Beauty,after_col,L3,228,50,0.004131889926452359
Beauty,Beauty,after_col,L3,229,39,0.00322287414263284
Beauty,Beauty,after_col,L3,230,56,0.004627716717626643
Beauty,Beauty,after_col,L3,231,62,0.005123543508800925
Beauty,Beauty,after_col,L3,232,48,0.003966614329394265
Beauty,Beauty,after_col,L3,233,51,0.0042145277249814065
Beauty,Beauty,after_col,L3,234,50,0.004131889926452359
Beauty,Beauty,after_col,L3,235,36,0.0029749607470456988
Beauty,Beauty,after_col,L3,236,67,0.0055367325014461614
Beauty,Beauty,after_col,L3,237,36,0.0029749607470456988
Beauty,Beauty,after_col,L3,238,66,0.005454094702917114
Beauty,Beauty,after_col,L3,239,41,0.003388149739690935
Beauty,Beauty,after_col,L3,240,46,0.0038013387323361705
Beauty,Beauty,after_col,L3,241,45,0.0037187009338071233
Beauty,Beauty,after_col,L3,242,44,0.003636063135278076
Beauty,Beauty,after_col,L3,243,41,0.003388149739690935
Beauty,Beauty,after_col,L3,244,55,0.004545078919097595
Beauty,Beauty,after_col,L3,245,63,0.005206181307329973
Beauty,Beauty,after_col,L3,246,49,0.004049252127923312
Beauty,Beauty,after_col,L3,247,43,0.003553425336749029
Beauty,Beauty,after_col,L3,248,35,0.0028923229485166516
Beauty,Beauty,after_col,L3,249,47,0.0038839765308652176
Beauty,Beauty,after_col,L3,250,44,0.003636063135278076
Beauty,Beauty,after_col,L3,251,59,0.0048756301132137836
Beauty,Beauty,after_col,L3,252,53,0.004379803322039501
Beauty,Beauty,after_col,L3,253,39,0.00322287414263284
Beauty,Beauty,after_col,L3,254,55,0.004545078919097595
Beauty,Beauty,after_col,L3,255,66,0.005454094702917114
Sports_and_Outdoors,Sports,before_col,L0,0,87,0.004739336492890996
Sports_and_Outdoors,Sports,before_col,L0,1,68,0.0037043089829492835
Sports_and_Outdoors,Sports,before_col,L0,2,60,0.0032685079261317207
Sports_and_Outdoors,Sports,before_col,L0,3,40,0.002179005284087814
Sports_and_Outdoors,Sports,before_col,L0,4,86,0.0046848613607888
Sports_and_Outdoors,Sports,before_col,L0,5,117,0.006373590455956856
Sports_and_Outdoors,Sports,before_col,L0,6,103,0.005610938606526121
Sports_and_Outdoors,Sports,before_col,L0,7,69,0.003758784115051479
Sports_and_Outdoors,Sports,before_col,L0,8,108,0.005883314267037098
Sports_and_Outdoors,Sports,before_col,L0,9,44,0.002396905812496595
Sports_and_Outdoors,Sports,before_col,L0,10,102,0.005556463474423926
Sports_and_Outdoors,Sports,before_col,L0,11,93,0.005066187285504167
Sports_and_Outdoors,Sports,before_col,L0,12,80,0.004358010568175628
Sports_and_Outdoors,Sports,before_col,L0,13,16,0.0008716021136351256
Sports_and_Outdoors,Sports,before_col,L0,14,51,0.002778231737211963
Sports_and_Outdoors,Sports,before_col,L0,15,84,0.004575911096584409
Sports_and_Outdoors,Sports,before_col,L0,16,74,0.004031159775562456
Sports_and_Outdoors,Sports,before_col,L0,17,51,0.002778231737211963
Sports_and_Outdoors,Sports,before_col,L0,18,110,0.005992264531241488
Sports_and_Outdoors,Sports,before_col,L0,19,39,0.0021245301519856184
Sports_and_Outdoors,Sports,before_col,L0,20,70,0.0038132592471536745
Sports_and_Outdoors,Sports,before_col,L0,21,89,0.004848286757095386
Sports_and_Outdoors,Sports,before_col,L0,22,55,0.002996132265620744
Sports_and_Outdoors,Sports,before_col,L0,23,51,0.002778231737211963
Sports_and_Outdoors,Sports,before_col,L0,24,51,0.002778231737211963
Sports_and_Outdoors,Sports,before_col,L0,25,80,0.004358010568175628
Sports_and_Outdoors,Sports,before_col,L0,26,76,0.004140110039766847
Sports_and_Outdoors,Sports,before_col,L0,27,64,0.0034864084545405023
Sports_and_Outdoors,Sports,before_col,L0,28,66,0.003595358718744893
Sports_and_Outdoors,Sports,before_col,L0,29,51,0.002778231737211963
Sports_and_Outdoors,Sports,before_col,L0,30,62,0.0033774581903361117
Sports_and_Outdoors,Sports,before_col,L0,31,112,0.006101214795445879
Sports_and_Outdoors,Sports,before_col,L0,32,102,0.005556463474423926
Sports_and_Outdoors,Sports,before_col,L0,33,80,0.004358010568175628
Sports_and_Outdoors,Sports,before_col,L0,34,20,0.001089502642043907
Sports_and_Outdoors,Sports,before_col,L0,35,25,0.0013618783025548837
Sports_and_Outdoors,Sports,before_col,L0,36,48,0.0026148063409053767
Sports_and_Outdoors,Sports,before_col,L0,37,52,0.002832706869314158
Sports_and_Outdoors,Sports,before_col,L0,38,41,0.0022334804161900095
Sports_and_Outdoors,Sports,before_col,L0,39,68,0.0037043089829492835
Sports_and_Outdoors,Sports,before_col,L0,40,71,0.0038677343792558696
Sports_and_Outdoors,Sports,before_col,L0,41,22,0.0011984529062482976
Sports_and_Outdoors,Sports,before_col,L0,42,63,0.003431933322438307
Sports_and_Outdoors,Sports,before_col,L0,43,51,0.002778231737211963
Sports_and_Outdoors,Sports,before_col,L0,44,133,0.007245192569591981
Sports_and_Outdoors,Sports,before_col,L0,45,96,0.0052296126818107535
Sports_and_Outdoors,Sports,before_col,L0,46,67,0.0036498338508470884
Sports_and_Outdoors,Sports,before_col,L0,47,80,0.004358010568175628
Sports_and_Outdoors,Sports,before_col,L0,48,96,0.0052296126818107535
Sports_and_Outdoors,Sports,before_col,L0,49,83,0.004521435964482214
Sports_and_Outdoors,Sports,before_col,L0,50,42,0.0022879555482922045
Sports_and_Outdoors,Sports,before_col,L0,51,53,0.0028871820014163534
Sports_and_Outdoors,Sports,before_col,L0,52,72,0.003922209511358065
Sports_and_Outdoors,Sports,before_col,L0,53,134,0.007299667701694177
Sports_and_Outdoors,Sports,before_col,L0,54,86,0.0046848613607888
Sports_and_Outdoors,Sports,before_col,L0,55,72,0.003922209511358065
Sports_and_Outdoors,Sports,before_col,L0,56,69,0.003758784115051479
Sports_and_Outdoors,Sports,before_col,L0,57,46,0.002505856076700986
Sports_and_Outdoors,Sports,before_col,L0,58,72,0.003922209511358065
Sports_and_Outdoors,Sports,before_col,L0,59,75,0.004085634907664651
Sports_and_Outdoors,Sports,before_col,L0,60,46,0.002505856076700986
Sports_and_Outdoors,Sports,before_col,L0,61,36,0.0019611047556790323
Sports_and_Outdoors,Sports,before_col,L0,62,57,0.0031050825298251346
Sports_and_Outdoors,Sports,before_col,L0,63,67,0.0036498338508470884
Sports_and_Outdoors,Sports,before_col,L0,64,78,0.004249060303971237
Sports_and_Outdoors,Sports,before_col,L0,65,44,0.002396905812496595
Sports_and_Outdoors,Sports,before_col,L0,66,89,0.004848286757095386
Sports_and_Outdoors,Sports,before_col,L0,67,77,0.004194585171869041
Sports_and_Outdoors,Sports,before_col,L0,68,41,0.0022334804161900095
Sports_and_Outdoors,Sports,before_col,L0,69,74,0.004031159775562456
Sports_and_Outdoors,Sports,before_col,L0,70,87,0.004739336492890996
Sports_and_Outdoors,Sports,before_col,L0,71,86,0.0046848613607888
Sports_and_Outdoors,Sports,before_col,L0,72,125,0.006809391512774418
Sports_and_Outdoors,Sports,before_col,L0,73,85,0.004630386228686605
Sports_and_Outdoors,Sports,before_col,L0,74,54,0.002941657133518549
Sports_and_Outdoors,Sports,before_col,L0,75,135,0.007354142833796372
Sports_and_Outdoors,Sports,before_col,L0,76,108,0.005883314267037098
Sports_and_Outdoors,Sports,before_col,L0,77,35,0.0019066296235768373
Sports_and_Outdoors,Sports,before_col,L0,78,109,0.0059377893991392925
Sports_and_Outdoors,Sports,before_col,L0,79,41,0.0022334804161900095
Sports_and_Outdoors,Sports,before_col,L0,80,42,0.0022879555482922045
Sports_and_Outdoors,Sports,before_col,L0,81,51,0.002778231737211963
Sports_and_Outdoors,Sports,before_col,L0,82,54,0.002941657133518549
Sports_and_Outdoors,Sports,before_col,L0,83,45,0.0024513809445987906
Sports_and_Outdoors,Sports,before_col,L0,84,80,0.004358010568175628
Sports_and_Outdoors,Sports,before_col,L0,85,66,0.003595358718744893
Sports_and_Outdoors,Sports,before_col,L0,86,174,0.009478672985781991
Sports_and_Outdoors,Sports,before_col,L0,87,54,0.002941657133518549
Sports_and_Outdoors,Sports,before_col,L0,88,65,0.0035408835866426974
Sports_and_Outdoors,Sports,before_col,L0,89,42,0.0022879555482922045
Sports_and_Outdoors,Sports,before_col,L0,90,71,0.0038677343792558696
Sports_and_Outdoors,Sports,before_col,L0,91,37,0.002015579887781228
Sports_and_Outdoors,Sports,before_col,L0,92,93,0.005066187285504167
Sports_and_Outdoors,Sports,before_col,L0,93,57,0.0031050825298251346
Sports_and_Outdoors,Sports,before_col,L0,94,103,0.005610938606526121
Sports_and_Outdoors,Sports,before_col,L0,95,45,0.0024513809445987906
Sports_and_Outdoors,Sports,before_col,L0,96,43,0.0023424306803944
Sports_and_Outdoors,Sports,before_col,L0,97,74,0.004031159775562456
Sports_and_Outdoors,Sports,before_col,L0,98,88,0.00479381162499319
Sports_and_Outdoors,Sports,before_col,L0,99,85,0.004630386228686605
Sports_and_Outdoors,Sports,before_col,L0,100,70,0.0038132592471536745
Sports_and_Outdoors,Sports,before_col,L0,101,91,0.004957237021299777
Sports_and_Outdoors,Sports,before_col,L0,102,56,0.0030506073977229395
Sports_and_Outdoors,Sports,before_col,L0,103,55,0.002996132265620744
Sports_and_Outdoors,Sports,before_col,L0,104,105,0.005719888870730511
Sports_and_Outdoors,Sports,before_col,L0,105,68,0.0037043089829492835
Sports_and_Outdoors,Sports,before_col,L0,106,47,0.0025603312088031812
Sports_and_Outdoors,Sports,before_col,L0,107,52,0.002832706869314158
Sports_and_Outdoors,Sports,before_col,L0,108,60,0.0032685079261317207
Sports_and_Outdoors,Sports,before_col,L0,109,33,0.0017976793593724465
Sports_and_Outdoors,Sports,before_col,L0,110,60,0.0032685079261317207
Sports_and_Outdoors,Sports,before_col,L0,111,31,0.0016887290951680559
Sports_and_Outdoors,Sports,before_col,L0,112,97,0.005284087813912949
Sports_and_Outdoors,Sports,before_col,L0,113,79,0.004303535436073432
Sports_and_Outdoors,Sports,before_col,L0,114,84,0.004575911096584409
Sports_and_Outdoors,Sports,before_col,L0,115,90,0.004902761889197581
Sports_and_Outdoors,Sports,before_col,L0,116,63,0.003431933322438307
Sports_and_Outdoors,Sports,before_col,L0,117,39,0.0021245301519856184
Sports_and_Outdoors,Sports,before_col,L0,118,58,0.00315955766192733
Sports_and_Outdoors,Sports,before_col,L0,119,69,0.003758784115051479
Sports_and_Outdoors,Sports,before_col,L0,120,63,0.003431933322438307
Sports_and_Outdoors,Sports,before_col,L0,121,63,0.003431933322438307
Sports_and_Outdoors,Sports,before_col,L0,122,110,0.005992264531241488
Sports_and_Outdoors,Sports,before_col,L0,123,52,0.002832706869314158
Sports_and_Outdoors,Sports,before_col,L0,124,49,0.0026692814730075723
Sports_and_Outdoors,Sports,before_col,L0,125,78,0.004249060303971237
Sports_and_Outdoors,Sports,before_col,L0,126,76,0.004140110039766847
Sports_and_Outdoors,Sports,before_col,L0,127,93,0.005066187285504167
Sports_and_Outdoors,Sports,before_col,L0,128,103,0.005610938606526121
Sports_and_Outdoors,Sports,before_col,L0,129,67,0.0036498338508470884
Sports_and_Outdoors,Sports,before_col,L0,130,68,0.0037043089829492835
Sports_and_Outdoors,Sports,before_col,L0,131,56,0.0030506073977229395
Sports_and_Outdoors,Sports,before_col,L0,132,58,0.00315955766192733
Sports_and_Outdoors,Sports,before_col,L0,133,57,0.0031050825298251346
Sports_and_Outdoors,Sports,before_col,L0,134,154,0.008389170343738083
Sports_and_Outdoors,Sports,before_col,L0,135,66,0.003595358718744893
Sports_and_Outdoors,Sports,before_col,L0,136,69,0.003758784115051479
Sports_and_Outdoors,Sports,before_col,L0,137,97,0.005284087813912949
Sports_and_Outdoors,Sports,before_col,L0,138,45,0.0024513809445987906
Sports_and_Outdoors,Sports,before_col,L0,139,39,0.0021245301519856184
Sports_and_Outdoors,Sports,before_col,L0,140,27,0.0014708285667592745
Sports_and_Outdoors,Sports,before_col,L0,141,120,0.006537015852263441
Sports_and_Outdoors,Sports,before_col,L0,142,111,0.0060467396633436836
Sports_and_Outdoors,Sports,before_col,L0,143,66,0.003595358718744893
Sports_and_Outdoors,Sports,before_col,L0,144,58,0.00315955766192733
Sports_and_Outdoors,Sports,before_col,L0,145,85,0.004630386228686605
Sports_and_Outdoors,Sports,before_col,L0,146,61,0.0033229830582339162
Sports_and_Outdoors,Sports,before_col,L0,147,39,0.0021245301519856184
Sports_and_Outdoors,Sports,before_col,L0,148,71,0.0038677343792558696
Sports_and_Outdoors,Sports,before_col,L0,149,39,0.0021245301519856184
Sports_and_Outdoors,Sports,before_col,L0,150,63,0.003431933322438307
Sports_and_Outdoors,Sports,before_col,L0,151,45,0.0024513809445987906
Sports_and_Outdoors,Sports,before_col,L0,152,50,0.0027237566051097673
Sports_and_Outdoors,Sports,before_col,L0,153,71,0.0038677343792558696
Sports_and_Outdoors,Sports,before_col,L0,154,83,0.004521435964482214
Sports_and_Outdoors,Sports,before_col,L0,155,63,0.003431933322438307
Sports_and_Outdoors,Sports,before_col,L0,156,95,0.005175137549708558
Sports_and_Outdoors,Sports,before_col,L0,157,75,0.004085634907664651
Sports_and_Outdoors,Sports,before_col,L0,158,58,0.00315955766192733
Sports_and_Outdoors,Sports,before_col,L0,159,100,0.005447513210219535
Sports_and_Outdoors,Sports,before_col,L0,160,62,0.0033774581903361117
Sports_and_Outdoors,Sports,before_col,L0,161,71,0.0038677343792558696
Sports_and_Outdoors,Sports,before_col,L0,162,159,0.00866154600424906
Sports_and_Outdoors,Sports,before_col,L0,163,51,0.002778231737211963
Sports_and_Outdoors,Sports,before_col,L0,164,51,0.002778231737211963
Sports_and_Outdoors,Sports,before_col,L0,165,61,0.0033229830582339162
Sports_and_Outdoors,Sports,before_col,L0,166,131,0.00713624230538759
Sports_and_Outdoors,Sports,before_col,L0,167,66,0.003595358718744893
Sports_and_Outdoors,Sports,before_col,L0,168,48,0.0026148063409053767
Sports_and_Outdoors,Sports,before_col,L0,169,144,0.00784441902271613
Sports_and_Outdoors,Sports,before_col,L0,170,88,0.00479381162499319
Sports_and_Outdoors,Sports,before_col,L0,171,38,0.0020700550198834234
Sports_and_Outdoors,Sports,before_col,L0,172,76,0.004140110039766847
Sports_and_Outdoors,Sports,before_col,L0,173,59,0.0032140327940295256
Sports_and_Outdoors,Sports,before_col,L0,174,46,0.002505856076700986
Sports_and_Outdoors,Sports,before_col,L0,175,76,0.004140110039766847
Sports_and_Outdoors,Sports,before_col,L0,176,66,0.003595358718744893
Sports_and_Outdoors,Sports,before_col,L0,177,77,0.004194585171869041
Sports_and_Outdoors,Sports,before_col,L0,178,34,0.0018521544914746418
Sports_and_Outdoors,Sports,before_col,L0,179,114,0.006210165059650269
Sports_and_Outdoors,Sports,before_col,L0,180,71,0.0038677343792558696
Sports_and_Outdoors,Sports,before_col,L0,181,119,0.006482540720161247
Sports_and_Outdoors,Sports,before_col,L0,182,77,0.004194585171869041
Sports_and_Outdoors,Sports,before_col,L0,183,105,0.005719888870730511
Sports_and_Outdoors,Sports,before_col,L0,184,51,0.002778231737211963
Sports_and_Outdoors,Sports,before_col,L0,185,53,0.0028871820014163534
Sports_and_Outdoors,Sports,before_col,L0,186,101,0.00550198834232173
Sports_and_Outdoors,Sports,before_col,L0,187,18,0.0009805523778395162
Sports_and_Outdoors,Sports,before_col,L0,188,79,0.004303535436073432
Sports_and_Outdoors,Sports,before_col,L0,189,66,0.003595358718744893
Sports_and_Outdoors,Sports,before_col,L0,190,75,0.004085634907664651
Sports_and_Outdoors,Sports,before_col,L0,191,81,0.004412485700277823
Sports_and_Outdoors,Sports,before_col,L0,192,104,0.005665413738628316
Sports_and_Outdoors,Sports,before_col,L0,193,66,0.003595358718744893
Sports_and_Outdoors,Sports,before_col,L0,194,43,0.0023424306803944
Sports_and_Outdoors,Sports,before_col,L0,195,70,0.0038132592471536745
Sports_and_Outdoors,Sports,before_col,L0,196,85,0.004630386228686605
Sports_and_Outdoors,Sports,before_col,L0,197,81,0.004412485700277823
Sports_and_Outdoors,Sports,before_col,L0,198,71,0.0038677343792558696
Sports_and_Outdoors,Sports,before_col,L0,199,101,0.00550198834232173
Sports_and_Outdoors,Sports,before_col,L0,200,81,0.004412485700277823
Sports_and_Outdoors,Sports,before_col,L0,201,134,0.007299667701694177
Sports_and_Outdoors,Sports,before_col,L0,202,60,0.0032685079261317207
Sports_and_Outdoors,Sports,before_col,L0,203,54,0.002941657133518549
Sports_and_Outdoors,Sports,before_col,L0,204,61,0.0033229830582339162
Sports_and_Outdoors,Sports,before_col,L0,205,78,0.004249060303971237
Sports_and_Outdoors,Sports,before_col,L0,206,74,0.004031159775562456
Sports_and_Outdoors,Sports,before_col,L0,207,97,0.005284087813912949
Sports_and_Outdoors,Sports,before_col,L0,208,104,0.005665413738628316
Sports_and_Outdoors,Sports,before_col,L0,209,85,0.004630386228686605
Sports_and_Outdoors,Sports,before_col,L0,210,60,0.0032685079261317207
Sports_and_Outdoors,Sports,before_col,L0,211,55,0.002996132265620744
Sports_and_Outdoors,Sports,before_col,L0,212,114,0.006210165059650269
Sports_and_Outdoors,Sports,before_col,L0,213,106,0.005774364002832707
Sports_and_Outdoors,Sports,before_col,L0,214,153,0.008334695211635889
Sports_and_Outdoors,Sports,before_col,L0,215,33,0.0017976793593724465
Sports_and_Outdoors,Sports,before_col,L0,216,60,0.0032685079261317207
Sports_and_Outdoors,Sports,before_col,L0,217,76,0.004140110039766847
Sports_and_Outdoors,Sports,before_col,L0,218,110,0.005992264531241488
Sports_and_Outdoors,Sports,before_col,L0,219,68,0.0037043089829492835
Sports_and_Outdoors,Sports,before_col,L0,220,44,0.002396905812496595
Sports_and_Outdoors,Sports,before_col,L0,221,91,0.004957237021299777
Sports_and_Outdoors,Sports,before_col,L0,222,58,0.00315955766192733
Sports_and_Outdoors,Sports,before_col,L0,223,56,0.0030506073977229395
Sports_and_Outdoors,Sports,before_col,L0,224,49,0.0026692814730075723
Sports_and_Outdoors,Sports,before_col,L0,225,70,0.0038132592471536745
Sports_and_Outdoors,Sports,before_col,L0,226,104,0.005665413738628316
Sports_and_Outdoors,Sports,before_col,L0,227,97,0.005284087813912949
Sports_and_Outdoors,Sports,before_col,L0,228,38,0.0020700550198834234
Sports_and_Outdoors,Sports,before_col,L0,229,67,0.0036498338508470884
Sports_and_Outdoors,Sports,before_col,L0,230,107,0.005828839134934902
Sports_and_Outdoors,Sports,before_col,L0,231,84,0.004575911096584409
Sports_and_Outdoors,Sports,before_col,L0,232,61,0.0033229830582339162
Sports_and_Outdoors,Sports,before_col,L0,233,76,0.004140110039766847
Sports_and_Outdoors,Sports,before_col,L0,234,111,0.0060467396633436836
Sports_and_Outdoors,Sports,before_col,L0,235,55,0.002996132265620744
Sports_and_Outdoors,Sports,before_col,L0,236,122,0.0066459661164678325
Sports_and_Outdoors,Sports,before_col,L0,237,69,0.003758784115051479
Sports_and_Outdoors,Sports,before_col,L0,238,33,0.0017976793593724465
Sports_and_Outdoors,Sports,before_col,L0,239,63,0.003431933322438307
Sports_and_Outdoors,Sports,before_col,L0,240,3,0.00016342539630658605
Sports_and_Outdoors,Sports,before_col,L0,241,42,0.0022879555482922045
Sports_and_Outdoors,Sports,before_col,L0,242,54,0.002941657133518549
Sports_and_Outdoors,Sports,before_col,L0,243,55,0.002996132265620744
Sports_and_Outdoors,Sports,before_col,L0,244,117,0.006373590455956856
Sports_and_Outdoors,Sports,before_col,L0,245,49,0.0026692814730075723
Sports_and_Outdoors,Sports,before_col,L0,246,55,0.002996132265620744
Sports_and_Outdoors,Sports,before_col,L0,247,68,0.0037043089829492835
Sports_and_Outdoors,Sports,before_col,L0,248,36,0.0019611047556790323
Sports_and_Outdoors,Sports,before_col,L0,249,83,0.004521435964482214
Sports_and_Outdoors,Sports,before_col,L0,250,57,0.0031050825298251346
Sports_and_Outdoors,Sports,before_col,L0,251,57,0.0031050825298251346
Sports_and_Outdoors,Sports,before_col,L0,252,73,0.00397668464346026
Sports_and_Outdoors,Sports,before_col,L0,253,87,0.004739336492890996
Sports_and_Outdoors,Sports,before_col,L0,254,100,0.005447513210219535
Sports_and_Outdoors,Sports,before_col,L0,255,47,0.0025603312088031812
Sports_and_Outdoors,Sports,before_col,L1,0,58,0.00315955766192733
Sports_and_Outdoors,Sports,before_col,L1,1,44,0.002396905812496595
Sports_and_Outdoors,Sports,before_col,L1,2,62,0.0033774581903361117
Sports_and_Outdoors,Sports,before_col,L1,3,67,0.0036498338508470884
Sports_and_Outdoors,Sports,before_col,L1,4,67,0.0036498338508470884
Sports_and_Outdoors,Sports,before_col,L1,5,70,0.0038132592471536745
Sports_and_Outdoors,Sports,before_col,L1,6,51,0.002778231737211963
Sports_and_Outdoors,Sports,before_col,L1,7,71,0.0038677343792558696
Sports_and_Outdoors,Sports,before_col,L1,8,57,0.0031050825298251346
Sports_and_Outdoors,Sports,before_col,L1,9,146,0.00795336928692052
Sports_and_Outdoors,Sports,before_col,L1,10,62,0.0033774581903361117
Sports_and_Outdoors,Sports,before_col,L1,11,116,0.00631911532385466
Sports_and_Outdoors,Sports,before_col,L1,12,121,0.006591490984365637
Sports_and_Outdoors,Sports,before_col,L1,13,84,0.004575911096584409
Sports_and_Outdoors,Sports,before_col,L1,14,102,0.005556463474423926
Sports_and_Outdoors,Sports,before_col,L1,15,69,0.003758784115051479
Sports_and_Outdoors,Sports,before_col,L1,16,57,0.0031050825298251346
Sports_and_Outdoors,Sports,before_col,L1,17,55,0.002996132265620744
Sports_and_Outdoors,Sports,before_col,L1,18,85,0.004630386228686605
Sports_and_Outdoors,Sports,before_col,L1,19,61,0.0033229830582339162
Sports_and_Outdoors,Sports,before_col,L1,20,79,0.004303535436073432
Sports_and_Outdoors,Sports,before_col,L1,21,117,0.006373590455956856
Sports_and_Outdoors,Sports,before_col,L1,22,53,0.0028871820014163534
Sports_and_Outdoors,Sports,before_col,L1,23,85,0.004630386228686605
Sports_and_Outdoors,Sports,before_col,L1,24,67,0.0036498338508470884
Sports_and_Outdoors,Sports,before_col,L1,25,69,0.003758784115051479
Sports_and_Outdoors,Sports,before_col,L1,26,59,0.0032140327940295256
Sports_and_Outdoors,Sports,before_col,L1,27,41,0.0022334804161900095
Sports_and_Outdoors,Sports,before_col,L1,28,45,0.0024513809445987906
Sports_and_Outdoors,Sports,before_col,L1,29,41,0.0022334804161900095
Sports_and_Outdoors,Sports,before_col,L1,30,63,0.003431933322438307
Sports_and_Outdoors,Sports,before_col,L1,31,77,0.004194585171869041
Sports_and_Outdoors,Sports,before_col,L1,32,72,0.003922209511358065
Sports_and_Outdoors,Sports,before_col,L1,33,56,0.0030506073977229395
Sports_and_Outdoors,Sports,before_col,L1,34,54,0.002941657133518549
Sports_and_Outdoors,Sports,before_col,L1,35,112,0.006101214795445879
Sports_and_Outdoors,Sports,before_col,L1,36,91,0.004957237021299777
Sports_and_Outdoors,Sports,before_col,L1,37,89,0.004848286757095386
Sports_and_Outdoors,Sports,before_col,L1,38,33,0.0017976793593724465
Sports_and_Outdoors,Sports,before_col,L1,39,83,0.004521435964482214
Sports_and_Outdoors,Sports,before_col,L1,40,86,0.0046848613607888
Sports_and_Outdoors,Sports,before_col,L1,41,50,0.0027237566051097673
Sports_and_Outdoors,Sports,before_col,L1,42,84,0.004575911096584409
Sports_and_Outdoors,Sports,before_col,L1,43,74,0.004031159775562456
Sports_and_Outdoors,Sports,before_col,L1,44,65,0.0035408835866426974
Sports_and_Outdoors,Sports,before_col,L1,45,43,0.0023424306803944
Sports_and_Outdoors,Sports,before_col,L1,46,45,0.0024513809445987906
Sports_and_Outdoors,Sports,before_col,L1,47,84,0.004575911096584409
Sports_and_Outdoors,Sports,before_col,L1,48,94,0.0051206624176063625
Sports_and_Outdoors,Sports,before_col,L1,49,103,0.005610938606526121
Sports_and_Outdoors,Sports,before_col,L1,50,100,0.005447513210219535
Sports_and_Outdoors,Sports,before_col,L1,51,100,0.005447513210219535
Sports_and_Outdoors,Sports,before_col,L1,52,54,0.002941657133518549
Sports_and_Outdoors,Sports,before_col,L1,53,50,0.0027237566051097673
Sports_and_Outdoors,Sports,before_col,L1,54,59,0.0032140327940295256
Sports_and_Outdoors,Sports,before_col,L1,55,60,0.0032685079261317207
Sports_and_Outdoors,Sports,before_col,L1,56,74,0.004031159775562456
Sports_and_Outdoors,Sports,before_col,L1,57,58,0.00315955766192733
Sports_and_Outdoors,Sports,before_col,L1,58,54,0.002941657133518549
Sports_and_Outdoors,Sports,before_col,L1,59,66,0.003595358718744893
Sports_and_Outdoors,Sports,before_col,L1,60,49,0.0026692814730075723
Sports_and_Outdoors,Sports,before_col,L1,61,107,0.005828839134934902
Sports_and_Outdoors,Sports,before_col,L1,62,89,0.004848286757095386
Sports_and_Outdoors,Sports,before_col,L1,63,66,0.003595358718744893
Sports_and_Outdoors,Sports,before_col,L1,64,48,0.0026148063409053767
Sports_and_Outdoors,Sports,before_col,L1,65,65,0.0035408835866426974
Sports_and_Outdoors,Sports,before_col,L1,66,57,0.0031050825298251346
Sports_and_Outdoors,Sports,before_col,L1,67,53,0.0028871820014163534
Sports_and_Outdoors,Sports,before_col,L1,68,78,0.004249060303971237
Sports_and_Outdoors,Sports,before_col,L1,69,96,0.0052296126818107535
Sports_and_Outdoors,Sports,before_col,L1,70,44,0.002396905812496595
Sports_and_Outdoors,Sports,before_col,L1,71,74,0.004031159775562456
Sports_and_Outdoors,Sports,before_col,L1,72,96,0.0052296126818107535
Sports_and_Outdoors,Sports,before_col,L1,73,49,0.0026692814730075723
Sports_and_Outdoors,Sports,before_col,L1,74,115,0.006264640191752465
Sports_and_Outdoors,Sports,before_col,L1,75,75,0.004085634907664651
Sports_and_Outdoors,Sports,before_col,L1,76,126,0.006863866644876614
Sports_and_Outdoors,Sports,before_col,L1,77,81,0.004412485700277823
Sports_and_Outdoors,Sports,before_col,L1,78,69,0.003758784115051479
Sports_and_Outdoors,Sports,before_col,L1,79,107,0.005828839134934902
Sports_and_Outdoors,Sports,before_col,L1,80,90,0.004902761889197581
Sports_and_Outdoors,Sports,before_col,L1,81,73,0.00397668464346026
Sports_and_Outdoors,Sports,before_col,L1,82,45,0.0024513809445987906
Sports_and_Outdoors,Sports,before_col,L1,83,68,0.0037043089829492835
Sports_and_Outdoors,Sports,before_col,L1,84,125,0.006809391512774418
Sports_and_Outdoors,Sports,before_col,L1,85,65,0.0035408835866426974
Sports_and_Outdoors,Sports,before_col,L1,86,75,0.004085634907664651
Sports_and_Outdoors,Sports,before_col,L1,87,74,0.004031159775562456
Sports_and_Outdoors,Sports,before_col,L1,88,39,0.0021245301519856184
Sports_and_Outdoors,Sports,before_col,L1,89,102,0.005556463474423926
Sports_and_Outdoors,Sports,before_col,L1,90,79,0.004303535436073432
Sports_and_Outdoors,Sports,before_col,L1,91,57,0.0031050825298251346
Sports_and_Outdoors,Sports,before_col,L1,92,62,0.0033774581903361117
Sports_and_Outdoors,Sports,before_col,L1,93,52,0.002832706869314158
Sports_and_Outdoors,Sports,before_col,L1,94,68,0.0037043089829492835
Sports_and_Outdoors,Sports,before_col,L1,95,55,0.002996132265620744
Sports_and_Outdoors,Sports,before_col,L1,96,66,0.003595358718744893
Sports_and_Outdoors,Sports,before_col,L1,97,99,0.005393038078117339
Sports_and_Outdoors,Sports,before_col,L1,98,39,0.0021245301519856184
Sports_and_Outdoors,Sports,before_col,L1,99,60,0.0032685079261317207
Sports_and_Outdoors,Sports,before_col,L1,100,97,0.005284087813912949
Sports_and_Outdoors,Sports,before_col,L1,101,50,0.0027237566051097673
Sports_and_Outdoors,Sports,before_col,L1,102,87,0.004739336492890996
Sports_and_Outdoors,Sports,before_col,L1,103,70,0.0038132592471536745
Sports_and_Outdoors,Sports,before_col,L1,104,93,0.005066187285504167
Sports_and_Outdoors,Sports,before_col,L1,105,85,0.004630386228686605
Sports_and_Outdoors,Sports,before_col,L1,106,62,0.0033774581903361117
Sports_and_Outdoors,Sports,before_col,L1,107,50,0.0027237566051097673
Sports_and_Outdoors,Sports,before_col,L1,108,98,0.0053385629460151445
Sports_and_Outdoors,Sports,before_col,L1,109,53,0.0028871820014163534
Sports_and_Outdoors,Sports,before_col,L1,110,68,0.0037043089829492835
Sports_and_Outdoors,Sports,before_col,L1,111,72,0.003922209511358065
Sports_and_Outdoors,Sports,before_col,L1,112,74,0.004031159775562456
Sports_and_Outdoors,Sports,before_col,L1,113,66,0.003595358718744893
Sports_and_Outdoors,Sports,before_col,L1,114,33,0.0017976793593724465
Sports_and_Outdoors,Sports,before_col,L1,115,73,0.00397668464346026
Sports_and_Outdoors,Sports,before_col,L1,116,93,0.005066187285504167
Sports_and_Outdoors,Sports,before_col,L1,117,79,0.004303535436073432
Sports_and_Outdoors,Sports,before_col,L1,118,50,0.0027237566051097673
Sports_and_Outdoors,Sports,before_col,L1,119,74,0.004031159775562456
Sports_and_Outdoors,Sports,before_col,L1,120,95,0.005175137549708558
Sports_and_Outdoors,Sports,before_col,L1,121,49,0.0026692814730075723
Sports_and_Outdoors,Sports,before_col,L1,122,55,0.002996132265620744
Sports_and_Outdoors,Sports,before_col,L1,123,74,0.004031159775562456
Sports_and_Outdoors,Sports,before_col,L1,124,88,0.00479381162499319
Sports_and_Outdoors,Sports,before_col,L1,125,120,0.006537015852263441
Sports_and_Outdoors,Sports,before_col,L1,126,69,0.003758784115051479
Sports_and_Outdoors,Sports,before_col,L1,127,60,0.0032685079261317207
Sports_and_Outdoors,Sports,before_col,L1,128,110,0.005992264531241488
Sports_and_Outdoors,Sports,before_col,L1,129,89,0.004848286757095386
Sports_and_Outdoors,Sports,before_col,L1,130,88,0.00479381162499319
Sports_and_Outdoors,Sports,before_col,L1,131,69,0.003758784115051479
Sports_and_Outdoors,Sports,before_col,L1,132,120,0.006537015852263441
Sports_and_Outdoors,Sports,before_col,L1,133,56,0.0030506073977229395
Sports_and_Outdoors,Sports,before_col,L1,134,73,0.00397668464346026
Sports_and_Outdoors,Sports,before_col,L1,135,49,0.0026692814730075723
Sports_and_Outdoors,Sports,before_col,L1,136,60,0.0032685079261317207
Sports_and_Outdoors,Sports,before_col,L1,137,55,0.002996132265620744
Sports_and_Outdoors,Sports,before_col,L1,138,44,0.002396905812496595
Sports_and_Outdoors,Sports,before_col,L1,139,66,0.003595358718744893
Sports_and_Outdoors,Sports,before_col,L1,140,73,0.00397668464346026
Sports_and_Outdoors,Sports,before_col,L1,141,53,0.0028871820014163534
Sports_and_Outdoors,Sports,before_col,L1,142,40,0.002179005284087814
Sports_and_Outdoors,Sports,before_col,L1,143,67,0.0036498338508470884
Sports_and_Outdoors,Sports,before_col,L1,144,29,0.001579778830963665
Sports_and_Outdoors,Sports,before_col,L1,145,92,0.005011712153401972
Sports_and_Outdoors,Sports,before_col,L1,146,77,0.004194585171869041
Sports_and_Outdoors,Sports,before_col,L1,147,62,0.0033774581903361117
Sports_and_Outdoors,Sports,before_col,L1,148,64,0.0034864084545405023
Sports_and_Outdoors,Sports,before_col,L1,149,45,0.0024513809445987906
Sports_and_Outdoors,Sports,before_col,L1,150,38,0.0020700550198834234
Sports_and_Outdoors,Sports,before_col,L1,151,72,0.003922209511358065
Sports_and_Outdoors,Sports,before_col,L1,152,60,0.0032685079261317207
Sports_and_Outdoors,Sports,before_col,L1,153,64,0.0034864084545405023
Sports_and_Outdoors,Sports,before_col,L1,154,79,0.004303535436073432
Sports_and_Outdoors,Sports,before_col,L1,155,59,0.0032140327940295256
Sports_and_Outdoors,Sports,before_col,L1,156,46,0.002505856076700986
Sports_and_Outdoors,Sports,before_col,L1,157,51,0.002778231737211963
Sports_and_Outdoors,Sports,before_col,L1,158,38,0.0020700550198834234
Sports_and_Outdoors,Sports,before_col,L1,159,51,0.002778231737211963
Sports_and_Outdoors,Sports,before_col,L1,160,53,0.0028871820014163534
Sports_and_Outdoors,Sports,before_col,L1,161,68,0.0037043089829492835
Sports_and_Outdoors,Sports,before_col,L1,162,58,0.00315955766192733
Sports_and_Outdoors,Sports,before_col,L1,163,59,0.0032140327940295256
Sports_and_Outdoors,Sports,before_col,L1,164,72,0.003922209511358065
Sports_and_Outdoors,Sports,before_col,L1,165,61,0.0033229830582339162
Sports_and_Outdoors,Sports,before_col,L1,166,89,0.004848286757095386
Sports_and_Outdoors,Sports,before_col,L1,167,46,0.002505856076700986
Sports_and_Outdoors,Sports,before_col,L1,168,93,0.005066187285504167
Sports_and_Outdoors,Sports,before_col,L1,169,75,0.004085634907664651
Sports_and_Outdoors,Sports,before_col,L1,170,57,0.0031050825298251346
Sports_and_Outdoors,Sports,before_col,L1,171,77,0.004194585171869041
Sports_and_Outdoors,Sports,before_col,L1,172,79,0.004303535436073432
Sports_and_Outdoors,Sports,before_col,L1,173,73,0.00397668464346026
Sports_and_Outdoors,Sports,before_col,L1,174,93,0.005066187285504167
Sports_and_Outdoors,Sports,before_col,L1,175,26,0.001416353434657079
Sports_and_Outdoors,Sports,before_col,L1,176,89,0.004848286757095386
Sports_and_Outdoors,Sports,before_col,L1,177,76,0.004140110039766847
Sports_and_Outdoors,Sports,before_col,L1,178,98,0.0053385629460151445
Sports_and_Outdoors,Sports,before_col,L1,179,76,0.004140110039766847
Sports_and_Outdoors,Sports,before_col,L1,180,72,0.003922209511358065
Sports_and_Outdoors,Sports,before_col,L1,181,68,0.0037043089829492835
Sports_and_Outdoors,Sports,before_col,L1,182,70,0.0038132592471536745
Sports_and_Outdoors,Sports,before_col,L1,183,62,0.0033774581903361117
Sports_and_Outdoors,Sports,before_col,L1,184,83,0.004521435964482214
Sports_and_Outdoors,Sports,before_col,L1,185,34,0.0018521544914746418
Sports_and_Outdoors,Sports,before_col,L1,186,71,0.0038677343792558696
Sports_and_Outdoors,Sports,before_col,L1,187,74,0.004031159775562456
Sports_and_Outdoors,Sports,before_col,L1,188,75,0.004085634907664651
Sports_and_Outdoors,Sports,before_col,L1,189,64,0.0034864084545405023
Sports_and_Outdoors,Sports,before_col,L1,190,73,0.00397668464346026
Sports_and_Outdoors,Sports,before_col,L1,191,51,0.002778231737211963
Sports_and_Outdoors,Sports,before_col,L1,192,68,0.0037043089829492835
Sports_and_Outdoors,Sports,before_col,L1,193,66,0.003595358718744893
Sports_and_Outdoors,Sports,before_col,L1,194,65,0.0035408835866426974
Sports_and_Outdoors,Sports,before_col,L1,195,90,0.004902761889197581
Sports_and_Outdoors,Sports,before_col,L1,196,86,0.0046848613607888
Sports_and_Outdoors,Sports,before_col,L1,197,50,0.0027237566051097673
Sports_and_Outdoors,Sports,before_col,L1,198,48,0.0026148063409053767
Sports_and_Outdoors,Sports,before_col,L1,199,80,0.004358010568175628
Sports_and_Outdoors,Sports,before_col,L1,200,102,0.005556463474423926
Sports_and_Outdoors,Sports,before_col,L1,201,61,0.0033229830582339162
Sports_and_Outdoors,Sports,before_col,L1,202,58,0.00315955766192733
Sports_and_Outdoors,Sports,before_col,L1,203,51,0.002778231737211963
Sports_and_Outdoors,Sports,before_col,L1,204,87,0.004739336492890996
Sports_and_Outdoors,Sports,before_col,L1,205,75,0.004085634907664651
Sports_and_Outdoors,Sports,before_col,L1,206,70,0.0038132592471536745
Sports_and_Outdoors,Sports,before_col,L1,207,56,0.0030506073977229395
Sports_and_Outdoors,Sports,before_col,L1,208,44,0.002396905812496595
Sports_and_Outdoors,Sports,before_col,L1,209,68,0.0037043089829492835
Sports_and_Outdoors,Sports,before_col,L1,210,84,0.004575911096584409
Sports_and_Outdoors,Sports,before_col,L1,211,122,0.0066459661164678325
Sports_and_Outdoors,Sports,before_col,L1,212,126,0.006863866644876614
Sports_and_Outdoors,Sports,before_col,L1,213,68,0.0037043089829492835
Sports_and_Outdoors,Sports,before_col,L1,214,36,0.0019611047556790323
Sports_and_Outdoors,Sports,before_col,L1,215,73,0.00397668464346026
Sports_and_Outdoors,Sports,before_col,L1,216,73,0.00397668464346026
Sports_and_Outdoors,Sports,before_col,L1,217,65,0.0035408835866426974
Sports_and_Outdoors,Sports,before_col,L1,218,95,0.005175137549708558
Sports_and_Outdoors,Sports,before_col,L1,219,38,0.0020700550198834234
Sports_and_Outdoors,Sports,before_col,L1,220,105,0.005719888870730511
Sports_and_Outdoors,Sports,before_col,L1,221,101,0.00550198834232173
Sports_and_Outdoors,Sports,before_col,L1,222,68,0.0037043089829492835
Sports_and_Outdoors,Sports,before_col,L1,223,56,0.0030506073977229395
Sports_and_Outdoors,Sports,before_col,L1,224,106,0.005774364002832707
Sports_and_Outdoors,Sports,before_col,L1,225,95,0.005175137549708558
Sports_and_Outdoors,Sports,before_col,L1,226,56,0.0030506073977229395
Sports_and_Outdoors,Sports,before_col,L1,227,55,0.002996132265620744
Sports_and_Outdoors,Sports,before_col,L1,228,50,0.0027237566051097673
Sports_and_Outdoors,Sports,before_col,L1,229,63,0.003431933322438307
Sports_and_Outdoors,Sports,before_col,L1,230,62,0.0033774581903361117
Sports_and_Outdoors,Sports,before_col,L1,231,72,0.003922209511358065
Sports_and_Outdoors,Sports,before_col,L1,232,64,0.0034864084545405023
Sports_and_Outdoors,Sports,before_col,L1,233,392,0.021354251784060578
Sports_and_Outdoors,Sports,before_col,L1,234,72,0.003922209511358065
Sports_and_Outdoors,Sports,before_col,L1,235,46,0.002505856076700986
Sports_and_Outdoors,Sports,before_col,L1,236,108,0.005883314267037098
Sports_and_Outdoors,Sports,before_col,L1,237,69,0.003758784115051479
Sports_and_Outdoors,Sports,before_col,L1,238,63,0.003431933322438307
Sports_and_Outdoors,Sports,before_col,L1,239,57,0.0031050825298251346
Sports_and_Outdoors,Sports,before_col,L1,240,60,0.0032685079261317207
Sports_and_Outdoors,Sports,before_col,L1,241,57,0.0031050825298251346
Sports_and_Outdoors,Sports,before_col,L1,242,64,0.0034864084545405023
Sports_and_Outdoors,Sports,before_col,L1,243,89,0.004848286757095386
Sports_and_Outdoors,Sports,before_col,L1,244,96,0.0052296126818107535
Sports_and_Outdoors,Sports,before_col,L1,245,50,0.0027237566051097673
Sports_and_Outdoors,Sports,before_col,L1,246,49,0.0026692814730075723
Sports_and_Outdoors,Sports,before_col,L1,247,64,0.0034864084545405023
Sports_and_Outdoors,Sports,before_col,L1,248,51,0.002778231737211963
Sports_and_Outdoors,Sports,before_col,L1,249,43,0.0023424306803944
Sports_and_Outdoors,Sports,before_col,L1,250,60,0.0032685079261317207
Sports_and_Outdoors,Sports,before_col,L1,251,76,0.004140110039766847
Sports_and_Outdoors,Sports,before_col,L1,252,124,0.0067549163806722235
Sports_and_Outdoors,Sports,before_col,L1,253,59,0.0032140327940295256
Sports_and_Outdoors,Sports,before_col,L1,254,73,0.00397668464346026
Sports_and_Outdoors,Sports,before_col,L1,255,55,0.002996132265620744
Sports_and_Outdoors,Sports,before_col,L2,0,85,0.004630386228686605
Sports_and_Outdoors,Sports,before_col,L2,1,76,0.004140110039766847
Sports_and_Outdoors,Sports,before_col,L2,2,82,0.004466960832380019
Sports_and_Outdoors,Sports,before_col,L2,3,79,0.004303535436073432
Sports_and_Outdoors,Sports,before_col,L2,4,41,0.0022334804161900095
Sports_and_Outdoors,Sports,before_col,L2,5,148,0.008062319551124911
Sports_and_Outdoors,Sports,before_col,L2,6,62,0.0033774581903361117
Sports_and_Outdoors,Sports,before_col,L2,7,61,0.0033229830582339162
Sports_and_Outdoors,Sports,before_col,L2,8,70,0.0038132592471536745
Sports_and_Outdoors,Sports,before_col,L2,9,49,0.0026692814730075723
Sports_and_Outdoors,Sports,before_col,L2,10,65,0.0035408835866426974
Sports_and_Outdoors,Sports,before_col,L2,11,96,0.0052296126818107535
Sports_and_Outdoors,Sports,before_col,L2,12,97,0.005284087813912949
Sports_and_Outdoors,Sports,before_col,L2,13,78,0.004249060303971237
Sports_and_Outdoors,Sports,before_col,L2,14,57,0.0031050825298251346
Sports_and_Outdoors,Sports,before_col,L2,15,55,0.002996132265620744
Sports_and_Outdoors,Sports,before_col,L2,16,54,0.002941657133518549
Sports_and_Outdoors,Sports,before_col,L2,17,76,0.004140110039766847
Sports_and_Outdoors,Sports,before_col,L2,18,73,0.00397668464346026
Sports_and_Outdoors,Sports,before_col,L2,19,92,0.005011712153401972
Sports_and_Outdoors,Sports,before_col,L2,20,61,0.0033229830582339162
Sports_and_Outdoors,Sports,before_col,L2,21,73,0.00397668464346026
Sports_and_Outdoors,Sports,before_col,L2,22,75,0.004085634907664651
Sports_and_Outdoors,Sports,before_col,L2,23,98,0.0053385629460151445
Sports_and_Outdoors,Sports,before_col,L2,24,54,0.002941657133518549
Sports_and_Outdoors,Sports,before_col,L2,25,45,0.0024513809445987906
Sports_and_Outdoors,Sports,before_col,L2,26,57,0.0031050825298251346
Sports_and_Outdoors,Sports,before_col,L2,27,72,0.003922209511358065
Sports_and_Outdoors,Sports,before_col,L2,28,61,0.0033229830582339162
Sports_and_Outdoors,Sports,before_col,L2,29,76,0.004140110039766847
Sports_and_Outdoors,Sports,before_col,L2,30,87,0.004739336492890996
Sports_and_Outdoors,Sports,before_col,L2,31,82,0.004466960832380019
Sports_and_Outdoors,Sports,before_col,L2,32,82,0.004466960832380019
Sports_and_Outdoors,Sports,before_col,L2,33,61,0.0033229830582339162
Sports_and_Outdoors,Sports,before_col,L2,34,99,0.005393038078117339
Sports_and_Outdoors,Sports,before_col,L2,35,117,0.006373590455956856
Sports_and_Outdoors,Sports,before_col,L2,36,78,0.004249060303971237
Sports_and_Outdoors,Sports,before_col,L2,37,57,0.0031050825298251346
Sports_and_Outdoors,Sports,before_col,L2,38,73,0.00397668464346026
Sports_and_Outdoors,Sports,before_col,L2,39,76,0.004140110039766847
Sports_and_Outdoors,Sports,before_col,L2,40,38,0.0020700550198834234
Sports_and_Outdoors,Sports,before_col,L2,41,68,0.0037043089829492835
Sports_and_Outdoors,Sports,before_col,L2,42,87,0.004739336492890996
Sports_and_Outdoors,Sports,before_col,L2,43,50,0.0027237566051097673
Sports_and_Outdoors,Sports,before_col,L2,44,72,0.003922209511358065
Sports_and_Outdoors,Sports,before_col,L2,45,59,0.0032140327940295256
Sports_and_Outdoors,Sports,before_col,L2,46,62,0.0033774581903361117
Sports_and_Outdoors,Sports,before_col,L2,47,70,0.0038132592471536745
Sports_and_Outdoors,Sports,before_col,L2,48,83,0.004521435964482214
Sports_and_Outdoors,Sports,before_col,L2,49,59,0.0032140327940295256
Sports_and_Outdoors,Sports,before_col,L2,50,55,0.002996132265620744
Sports_and_Outdoors,Sports,before_col,L2,51,64,0.0034864084545405023
Sports_and_Outdoors,Sports,before_col,L2,52,63,0.003431933322438307
Sports_and_Outdoors,Sports,before_col,L2,53,57,0.0031050825298251346
Sports_and_Outdoors,Sports,before_col,L2,54,70,0.0038132592471536745
Sports_and_Outdoors,Sports,before_col,L2,55,63,0.003431933322438307
Sports_and_Outdoors,Sports,before_col,L2,56,70,0.0038132592471536745
Sports_and_Outdoors,Sports,before_col,L2,57,58,0.00315955766192733
Sports_and_Outdoors,Sports,before_col,L2,58,66,0.003595358718744893
Sports_and_Outdoors,Sports,before_col,L2,59,84,0.004575911096584409
Sports_and_Outdoors,Sports,before_col,L2,60,51,0.002778231737211963
Sports_and_Outdoors,Sports,before_col,L2,61,64,0.0034864084545405023
Sports_and_Outdoors,Sports,before_col,L2,62,82,0.004466960832380019
Sports_and_Outdoors,Sports,before_col,L2,63,62,0.0033774581903361117
Sports_and_Outdoors,Sports,before_col,L2,64,43,0.0023424306803944
Sports_and_Outdoors,Sports,before_col,L2,65,61,0.0033229830582339162
Sports_and_Outdoors,Sports,before_col,L2,66,137,0.0074630930980007625
Sports_and_Outdoors,Sports,before_col,L2,67,67,0.0036498338508470884
Sports_and_Outdoors,Sports,before_col,L2,68,64,0.0034864084545405023
Sports_and_Outdoors,Sports,before_col,L2,69,60,0.0032685079261317207
Sports_and_Outdoors,Sports,before_col,L2,70,93,0.005066187285504167
Sports_and_Outdoors,Sports,before_col,L2,71,70,0.0038132592471536745
Sports_and_Outdoors,Sports,before_col,L2,72,86,0.0046848613607888
Sports_and_Outdoors,Sports,before_col,L2,73,53,0.0028871820014163534
Sports_and_Outdoors,Sports,before_col,L2,74,72,0.003922209511358065
Sports_and_Outdoors,Sports,before_col,L2,75,84,0.004575911096584409
Sports_and_Outdoors,Sports,before_col,L2,76,81,0.004412485700277823
Sports_and_Outdoors,Sports,before_col,L2,77,73,0.00397668464346026
Sports_and_Outdoors,Sports,before_col,L2,78,83,0.004521435964482214
Sports_and_Outdoors,Sports,before_col,L2,79,89,0.004848286757095386
Sports_and_Outdoors,Sports,before_col,L2,80,78,0.004249060303971237
Sports_and_Outdoors,Sports,before_col,L2,81,114,0.006210165059650269
Sports_and_Outdoors,Sports,before_col,L2,82,70,0.0038132592471536745
Sports_and_Outdoors,Sports,before_col,L2,83,89,0.004848286757095386
Sports_and_Outdoors,Sports,before_col,L2,84,70,0.0038132592471536745
Sports_and_Outdoors,Sports,before_col,L2,85,102,0.005556463474423926
Sports_and_Outdoors,Sports,before_col,L2,86,74,0.004031159775562456
Sports_and_Outdoors,Sports,before_col,L2,87,62,0.0033774581903361117
Sports_and_Outdoors,Sports,before_col,L2,88,64,0.0034864084545405023
Sports_and_Outdoors,Sports,before_col,L2,89,68,0.0037043089829492835
Sports_and_Outdoors,Sports,before_col,L2,90,66,0.003595358718744893
Sports_and_Outdoors,Sports,before_col,L2,91,74,0.004031159775562456
Sports_and_Outdoors,Sports,before_col,L2,92,60,0.0032685079261317207
Sports_and_Outdoors,Sports,before_col,L2,93,64,0.0034864084545405023
Sports_and_Outdoors,Sports,before_col,L2,94,70,0.0038132592471536745
Sports_and_Outdoors,Sports,before_col,L2,95,64,0.0034864084545405023
Sports_and_Outdoors,Sports,before_col,L2,96,69,0.003758784115051479
Sports_and_Outdoors,Sports,before_col,L2,97,93,0.005066187285504167
Sports_and_Outdoors,Sports,before_col,L2,98,76,0.004140110039766847
Sports_and_Outdoors,Sports,before_col,L2,99,59,0.0032140327940295256
Sports_and_Outdoors,Sports,before_col,L2,100,98,0.0053385629460151445
Sports_and_Outdoors,Sports,before_col,L2,101,46,0.002505856076700986
Sports_and_Outdoors,Sports,before_col,L2,102,78,0.004249060303971237
Sports_and_Outdoors,Sports,before_col,L2,103,56,0.0030506073977229395
Sports_and_Outdoors,Sports,before_col,L2,104,86,0.0046848613607888
Sports_and_Outdoors,Sports,before_col,L2,105,81,0.004412485700277823
Sports_and_Outdoors,Sports,before_col,L2,106,68,0.0037043089829492835
Sports_and_Outdoors,Sports,before_col,L2,107,102,0.005556463474423926
Sports_and_Outdoors,Sports,before_col,L2,108,62,0.0033774581903361117
Sports_and_Outdoors,Sports,before_col,L2,109,65,0.0035408835866426974
Sports_and_Outdoors,Sports,before_col,L2,110,68,0.0037043089829492835
Sports_and_Outdoors,Sports,before_col,L2,111,50,0.0027237566051097673
Sports_and_Outdoors,Sports,before_col,L2,112,57,0.0031050825298251346
Sports_and_Outdoors,Sports,before_col,L2,113,57,0.0031050825298251346
Sports_and_Outdoors,Sports,before_col,L2,114,58,0.00315955766192733
Sports_and_Outdoors,Sports,before_col,L2,115,93,0.005066187285504167
Sports_and_Outdoors,Sports,before_col,L2,116,65,0.0035408835866426974
Sports_and_Outdoors,Sports,before_col,L2,117,112,0.006101214795445879
Sports_and_Outdoors,Sports,before_col,L2,118,61,0.0033229830582339162
Sports_and_Outdoors,Sports,before_col,L2,119,71,0.0038677343792558696
Sports_and_Outdoors,Sports,before_col,L2,120,66,0.003595358718744893
Sports_and_Outdoors,Sports,before_col,L2,121,89,0.004848286757095386
Sports_and_Outdoors,Sports,before_col,L2,122,84,0.004575911096584409
Sports_and_Outdoors,Sports,before_col,L2,123,64,0.0034864084545405023
Sports_and_Outdoors,Sports,before_col,L2,124,69,0.003758784115051479
Sports_and_Outdoors,Sports,before_col,L2,125,57,0.0031050825298251346
Sports_and_Outdoors,Sports,before_col,L2,126,78,0.004249060303971237
Sports_and_Outdoors,Sports,before_col,L2,127,75,0.004085634907664651
Sports_and_Outdoors,Sports,before_col,L2,128,59,0.0032140327940295256
Sports_and_Outdoors,Sports,before_col,L2,129,78,0.004249060303971237
Sports_and_Outdoors,Sports,before_col,L2,130,96,0.0052296126818107535
Sports_and_Outdoors,Sports,before_col,L2,131,88,0.00479381162499319
Sports_and_Outdoors,Sports,before_col,L2,132,48,0.0026148063409053767
Sports_and_Outdoors,Sports,before_col,L2,133,76,0.004140110039766847
Sports_and_Outdoors,Sports,before_col,L2,134,77,0.004194585171869041
Sports_and_Outdoors,Sports,before_col,L2,135,82,0.004466960832380019
Sports_and_Outdoors,Sports,before_col,L2,136,71,0.0038677343792558696
Sports_and_Outdoors,Sports,before_col,L2,137,52,0.002832706869314158
Sports_and_Outdoors,Sports,before_col,L2,138,59,0.0032140327940295256
Sports_and_Outdoors,Sports,before_col,L2,139,63,0.003431933322438307
Sports_and_Outdoors,Sports,before_col,L2,140,46,0.002505856076700986
Sports_and_Outdoors,Sports,before_col,L2,141,64,0.0034864084545405023
Sports_and_Outdoors,Sports,before_col,L2,142,65,0.0035408835866426974
Sports_and_Outdoors,Sports,before_col,L2,143,43,0.0023424306803944
Sports_and_Outdoors,Sports,before_col,L2,144,99,0.005393038078117339
Sports_and_Outdoors,Sports,before_col,L2,145,64,0.0034864084545405023
Sports_and_Outdoors,Sports,before_col,L2,146,69,0.003758784115051479
Sports_and_Outdoors,Sports,before_col,L2,147,108,0.005883314267037098
Sports_and_Outdoors,Sports,before_col,L2,148,93,0.005066187285504167
Sports_and_Outdoors,Sports,before_col,L2,149,73,0.00397668464346026
Sports_and_Outdoors,Sports,before_col,L2,150,62,0.0033774581903361117
Sports_and_Outdoors,Sports,before_col,L2,151,57,0.0031050825298251346
Sports_and_Outdoors,Sports,before_col,L2,152,56,0.0030506073977229395
Sports_and_Outdoors,Sports,before_col,L2,153,70,0.0038132592471536745
Sports_and_Outdoors,Sports,before_col,L2,154,76,0.004140110039766847
Sports_and_Outdoors,Sports,before_col,L2,155,82,0.004466960832380019
Sports_and_Outdoors,Sports,before_col,L2,156,61,0.0033229830582339162
Sports_and_Outdoors,Sports,before_col,L2,157,75,0.004085634907664651
Sports_and_Outdoors,Sports,before_col,L2,158,64,0.0034864084545405023
Sports_and_Outdoors,Sports,before_col,L2,159,66,0.003595358718744893
Sports_and_Outdoors,Sports,before_col,L2,160,76,0.004140110039766847
Sports_and_Outdoors,Sports,before_col,L2,161,74,0.004031159775562456
Sports_and_Outdoors,Sports,before_col,L2,162,89,0.004848286757095386
Sports_and_Outdoors,Sports,before_col,L2,163,55,0.002996132265620744
Sports_and_Outdoors,Sports,before_col,L2,164,57,0.0031050825298251346
Sports_and_Outdoors,Sports,before_col,L2,165,73,0.00397668464346026
Sports_and_Outdoors,Sports,before_col,L2,166,58,0.00315955766192733
Sports_and_Outdoors,Sports,before_col,L2,167,68,0.0037043089829492835
Sports_and_Outdoors,Sports,before_col,L2,168,49,0.0026692814730075723
Sports_and_Outdoors,Sports,before_col,L2,169,57,0.0031050825298251346
Sports_and_Outdoors,Sports,before_col,L2,170,57,0.0031050825298251346
Sports_and_Outdoors,Sports,before_col,L2,171,76,0.004140110039766847
Sports_and_Outdoors,Sports,before_col,L2,172,82,0.004466960832380019
Sports_and_Outdoors,Sports,before_col,L2,173,83,0.004521435964482214
Sports_and_Outdoors,Sports,before_col,L2,174,84,0.004575911096584409
Sports_and_Outdoors,Sports,before_col,L2,175,75,0.004085634907664651
Sports_and_Outdoors,Sports,before_col,L2,176,74,0.004031159775562456
Sports_and_Outdoors,Sports,before_col,L2,177,40,0.002179005284087814
Sports_and_Outdoors,Sports,before_col,L2,178,72,0.003922209511358065
Sports_and_Outdoors,Sports,before_col,L2,179,60,0.0032685079261317207
Sports_and_Outdoors,Sports,before_col,L2,180,62,0.0033774581903361117
Sports_and_Outdoors,Sports,before_col,L2,181,79,0.004303535436073432
Sports_and_Outdoors,Sports,before_col,L2,182,87,0.004739336492890996
Sports_and_Outdoors,Sports,before_col,L2,183,83,0.004521435964482214
Sports_and_Outdoors,Sports,before_col,L2,184,92,0.005011712153401972
Sports_and_Outdoors,Sports,before_col,L2,185,73,0.00397668464346026
Sports_and_Outdoors,Sports,before_col,L2,186,41,0.0022334804161900095
Sports_and_Outdoors,Sports,before_col,L2,187,69,0.003758784115051479
Sports_and_Outdoors,Sports,before_col,L2,188,77,0.004194585171869041
Sports_and_Outdoors,Sports,before_col,L2,189,57,0.0031050825298251346
Sports_and_Outdoors,Sports,before_col,L2,190,79,0.004303535436073432
Sports_and_Outdoors,Sports,before_col,L2,191,87,0.004739336492890996
Sports_and_Outdoors,Sports,before_col,L2,192,58,0.00315955766192733
Sports_and_Outdoors,Sports,before_col,L2,193,65,0.0035408835866426974
Sports_and_Outdoors,Sports,before_col,L2,194,82,0.004466960832380019
Sports_and_Outdoors,Sports,before_col,L2,195,74,0.004031159775562456
Sports_and_Outdoors,Sports,before_col,L2,196,79,0.004303535436073432
Sports_and_Outdoors,Sports,before_col,L2,197,94,0.0051206624176063625
Sports_and_Outdoors,Sports,before_col,L2,198,85,0.004630386228686605
Sports_and_Outdoors,Sports,before_col,L2,199,73,0.00397668464346026
Sports_and_Outdoors,Sports,before_col,L2,200,72,0.003922209511358065
Sports_and_Outdoors,Sports,before_col,L2,201,51,0.002778231737211963
Sports_and_Outdoors,Sports,before_col,L2,202,56,0.0030506073977229395
Sports_and_Outdoors,Sports,before_col,L2,203,68,0.0037043089829492835
Sports_and_Outdoors,Sports,before_col,L2,204,107,0.005828839134934902
Sports_and_Outdoors,Sports,before_col,L2,205,71,0.0038677343792558696
Sports_and_Outdoors,Sports,before_col,L2,206,94,0.0051206624176063625
Sports_and_Outdoors,Sports,before_col,L2,207,92,0.005011712153401972
Sports_and_Outdoors,Sports,before_col,L2,208,83,0.004521435964482214
Sports_and_Outdoors,Sports,before_col,L2,209,38,0.0020700550198834234
Sports_and_Outdoors,Sports,before_col,L2,210,103,0.005610938606526121
Sports_and_Outdoors,Sports,before_col,L2,211,86,0.0046848613607888
Sports_and_Outdoors,Sports,before_col,L2,212,75,0.004085634907664651
Sports_and_Outdoors,Sports,before_col,L2,213,72,0.003922209511358065
Sports_and_Outdoors,Sports,before_col,L2,214,66,0.003595358718744893
Sports_and_Outdoors,Sports,before_col,L2,215,73,0.00397668464346026
Sports_and_Outdoors,Sports,before_col,L2,216,81,0.004412485700277823
Sports_and_Outdoors,Sports,before_col,L2,217,46,0.002505856076700986
Sports_and_Outdoors,Sports,before_col,L2,218,102,0.005556463474423926
Sports_and_Outdoors,Sports,before_col,L2,219,68,0.0037043089829492835
Sports_and_Outdoors,Sports,before_col,L2,220,65,0.0035408835866426974
Sports_and_Outdoors,Sports,before_col,L2,221,82,0.004466960832380019
Sports_and_Outdoors,Sports,before_col,L2,222,87,0.004739336492890996
Sports_and_Outdoors,Sports,before_col,L2,223,64,0.0034864084545405023
Sports_and_Outdoors,Sports,before_col,L2,224,86,0.0046848613607888
Sports_and_Outdoors,Sports,before_col,L2,225,55,0.002996132265620744
Sports_and_Outdoors,Sports,before_col,L2,226,68,0.0037043089829492835
Sports_and_Outdoors,Sports,before_col,L2,227,82,0.004466960832380019
Sports_and_Outdoors,Sports,before_col,L2,228,83,0.004521435964482214
Sports_and_Outdoors,Sports,before_col,L2,229,39,0.0021245301519856184
Sports_and_Outdoors,Sports,before_col,L2,230,78,0.004249060303971237
Sports_and_Outdoors,Sports,before_col,L2,231,59,0.0032140327940295256
Sports_and_Outdoors,Sports,before_col,L2,232,68,0.0037043089829492835
Sports_and_Outdoors,Sports,before_col,L2,233,60,0.0032685079261317207
Sports_and_Outdoors,Sports,before_col,L2,234,86,0.0046848613607888
Sports_and_Outdoors,Sports,before_col,L2,235,56,0.0030506073977229395
Sports_and_Outdoors,Sports,before_col,L2,236,46,0.002505856076700986
Sports_and_Outdoors,Sports,before_col,L2,237,63,0.003431933322438307
Sports_and_Outdoors,Sports,before_col,L2,238,56,0.0030506073977229395
Sports_and_Outdoors,Sports,before_col,L2,239,60,0.0032685079261317207
Sports_and_Outdoors,Sports,before_col,L2,240,61,0.0033229830582339162
Sports_and_Outdoors,Sports,before_col,L2,241,64,0.0034864084545405023
Sports_and_Outdoors,Sports,before_col,L2,242,56,0.0030506073977229395
Sports_and_Outdoors,Sports,before_col,L2,243,84,0.004575911096584409
Sports_and_Outdoors,Sports,before_col,L2,244,73,0.00397668464346026
Sports_and_Outdoors,Sports,before_col,L2,245,86,0.0046848613607888
Sports_and_Outdoors,Sports,before_col,L2,246,67,0.0036498338508470884
Sports_and_Outdoors,Sports,before_col,L2,247,48,0.0026148063409053767
Sports_and_Outdoors,Sports,before_col,L2,248,63,0.003431933322438307
Sports_and_Outdoors,Sports,before_col,L2,249,68,0.0037043089829492835
Sports_and_Outdoors,Sports,before_col,L2,250,56,0.0030506073977229395
Sports_and_Outdoors,Sports,before_col,L2,251,61,0.0033229830582339162
Sports_and_Outdoors,Sports,before_col,L2,252,144,0.00784441902271613
Sports_and_Outdoors,Sports,before_col,L2,253,55,0.002996132265620744
Sports_and_Outdoors,Sports,before_col,L2,254,81,0.004412485700277823
Sports_and_Outdoors,Sports,before_col,L2,255,91,0.004957237021299777
Sports_and_Outdoors,Sports,before_col,L3,0,69,0.003758784115051479
Sports_and_Outdoors,Sports,before_col,L3,1,77,0.004194585171869041
Sports_and_Outdoors,Sports,before_col,L3,2,85,0.004630386228686605
Sports_and_Outdoors,Sports,before_col,L3,3,64,0.0034864084545405023
Sports_and_Outdoors,Sports,before_col,L3,4,64,0.0034864084545405023
Sports_and_Outdoors,Sports,before_col,L3,5,78,0.004249060303971237
Sports_and_Outdoors,Sports,before_col,L3,6,75,0.004085634907664651
Sports_and_Outdoors,Sports,before_col,L3,7,69,0.003758784115051479
Sports_and_Outdoors,Sports,before_col,L3,8,54,0.002941657133518549
Sports_and_Outdoors,Sports,before_col,L3,9,67,0.0036498338508470884
Sports_and_Outdoors,Sports,before_col,L3,10,62,0.0033774581903361117
Sports_and_Outdoors,Sports,before_col,L3,11,76,0.004140110039766847
Sports_and_Outdoors,Sports,before_col,L3,12,64,0.0034864084545405023
Sports_and_Outdoors,Sports,before_col,L3,13,74,0.004031159775562456
Sports_and_Outdoors,Sports,before_col,L3,14,73,0.00397668464346026
Sports_and_Outdoors,Sports,before_col,L3,15,83,0.004521435964482214
Sports_and_Outdoors,Sports,before_col,L3,16,65,0.0035408835866426974
Sports_and_Outdoors,Sports,before_col,L3,17,57,0.0031050825298251346
Sports_and_Outdoors,Sports,before_col,L3,18,57,0.0031050825298251346
Sports_and_Outdoors,Sports,before_col,L3,19,71,0.0038677343792558696
Sports_and_Outdoors,Sports,before_col,L3,20,77,0.004194585171869041
Sports_and_Outdoors,Sports,before_col,L3,21,67,0.0036498338508470884
Sports_and_Outdoors,Sports,before_col,L3,22,57,0.0031050825298251346
Sports_and_Outdoors,Sports,before_col,L3,23,79,0.004303535436073432
Sports_and_Outdoors,Sports,before_col,L3,24,69,0.003758784115051479
Sports_and_Outdoors,Sports,before_col,L3,25,64,0.0034864084545405023
Sports_and_Outdoors,Sports,before_col,L3,26,75,0.004085634907664651
Sports_and_Outdoors,Sports,before_col,L3,27,96,0.0052296126818107535
Sports_and_Outdoors,Sports,before_col,L3,28,79,0.004303535436073432
Sports_and_Outdoors,Sports,before_col,L3,29,76,0.004140110039766847
Sports_and_Outdoors,Sports,before_col,L3,30,74,0.004031159775562456
Sports_and_Outdoors,Sports,before_col,L3,31,90,0.004902761889197581
Sports_and_Outdoors,Sports,before_col,L3,32,80,0.004358010568175628
Sports_and_Outdoors,Sports,before_col,L3,33,69,0.003758784115051479
Sports_and_Outdoors,Sports,before_col,L3,34,52,0.002832706869314158
Sports_and_Outdoors,Sports,before_col,L3,35,69,0.003758784115051479
Sports_and_Outdoors,Sports,before_col,L3,36,63,0.003431933322438307
Sports_and_Outdoors,Sports,before_col,L3,37,64,0.0034864084545405023
Sports_and_Outdoors,Sports,before_col,L3,38,76,0.004140110039766847
Sports_and_Outdoors,Sports,before_col,L3,39,70,0.0038132592471536745
Sports_and_Outdoors,Sports,before_col,L3,40,74,0.004031159775562456
Sports_and_Outdoors,Sports,before_col,L3,41,59,0.0032140327940295256
Sports_and_Outdoors,Sports,before_col,L3,42,76,0.004140110039766847
Sports_and_Outdoors,Sports,before_col,L3,43,76,0.004140110039766847
Sports_and_Outdoors,Sports,before_col,L3,44,61,0.0033229830582339162
Sports_and_Outdoors,Sports,before_col,L3,45,59,0.0032140327940295256
Sports_and_Outdoors,Sports,before_col,L3,46,71,0.0038677343792558696
Sports_and_Outdoors,Sports,before_col,L3,47,61,0.0033229830582339162
Sports_and_Outdoors,Sports,before_col,L3,48,83,0.004521435964482214
Sports_and_Outdoors,Sports,before_col,L3,49,72,0.003922209511358065
Sports_and_Outdoors,Sports,before_col,L3,50,66,0.003595358718744893
Sports_and_Outdoors,Sports,before_col,L3,51,78,0.004249060303971237
Sports_and_Outdoors,Sports,before_col,L3,52,84,0.004575911096584409
Sports_and_Outdoors,Sports,before_col,L3,53,59,0.0032140327940295256
Sports_and_Outdoors,Sports,before_col,L3,54,81,0.004412485700277823
Sports_and_Outdoors,Sports,before_col,L3,55,72,0.003922209511358065
Sports_and_Outdoors,Sports,before_col,L3,56,59,0.0032140327940295256
Sports_and_Outdoors,Sports,before_col,L3,57,63,0.003431933322438307
Sports_and_Outdoors,Sports,before_col,L3,58,57,0.0031050825298251346
Sports_and_Outdoors,Sports,before_col,L3,59,83,0.004521435964482214
Sports_and_Outdoors,Sports,before_col,L3,60,51,0.002778231737211963
Sports_and_Outdoors,Sports,before_col,L3,61,80,0.004358010568175628
Sports_and_Outdoors,Sports,before_col,L3,62,81,0.004412485700277823
Sports_and_Outdoors,Sports,before_col,L3,63,70,0.0038132592471536745
Sports_and_Outdoors,Sports,before_col,L3,64,56,0.0030506073977229395
Sports_and_Outdoors,Sports,before_col,L3,65,95,0.005175137549708558
Sports_and_Outdoors,Sports,before_col,L3,66,69,0.003758784115051479
Sports_and_Outdoors,Sports,before_col,L3,67,59,0.0032140327940295256
Sports_and_Outdoors,Sports,before_col,L3,68,82,0.004466960832380019
Sports_and_Outdoors,Sports,before_col,L3,69,62,0.0033774581903361117
Sports_and_Outdoors,Sports,before_col,L3,70,83,0.004521435964482214
Sports_and_Outdoors,Sports,before_col,L3,71,69,0.003758784115051479
Sports_and_Outdoors,Sports,before_col,L3,72,62,0.0033774581903361117
Sports_and_Outdoors,Sports,before_col,L3,73,84,0.004575911096584409
Sports_and_Outdoors,Sports,before_col,L3,74,75,0.004085634907664651
Sports_and_Outdoors,Sports,before_col,L3,75,91,0.004957237021299777
Sports_and_Outdoors,Sports,before_col,L3,76,76,0.004140110039766847
Sports_and_Outdoors,Sports,before_col,L3,77,93,0.005066187285504167
Sports_and_Outdoors,Sports,before_col,L3,78,70,0.0038132592471536745
Sports_and_Outdoors,Sports,before_col,L3,79,51,0.002778231737211963
Sports_and_Outdoors,Sports,before_col,L3,80,101,0.00550198834232173
Sports_and_Outdoors,Sports,before_col,L3,81,73,0.00397668464346026
Sports_and_Outdoors,Sports,before_col,L3,82,80,0.004358010568175628
Sports_and_Outdoors,Sports,before_col,L3,83,52,0.002832706869314158
Sports_and_Outdoors,Sports,before_col,L3,84,86,0.0046848613607888
Sports_and_Outdoors,Sports,before_col,L3,85,83,0.004521435964482214
Sports_and_Outdoors,Sports,before_col,L3,86,64,0.0034864084545405023
Sports_and_Outdoors,Sports,before_col,L3,87,57,0.0031050825298251346
Sports_and_Outdoors,Sports,before_col,L3,88,87,0.004739336492890996
Sports_and_Outdoors,Sports,before_col,L3,89,70,0.0038132592471536745
Sports_and_Outdoors,Sports,before_col,L3,90,92,0.005011712153401972
Sports_and_Outdoors,Sports,before_col,L3,91,53,0.0028871820014163534
Sports_and_Outdoors,Sports,before_col,L3,92,79,0.004303535436073432
Sports_and_Outdoors,Sports,before_col,L3,93,89,0.004848286757095386
Sports_and_Outdoors,Sports,before_col,L3,94,81,0.004412485700277823
Sports_and_Outdoors,Sports,before_col,L3,95,59,0.0032140327940295256
Sports_and_Outdoors,Sports,before_col,L3,96,75,0.004085634907664651
Sports_and_Outdoors,Sports,before_col,L3,97,76,0.004140110039766847
Sports_and_Outdoors,Sports,before_col,L3,98,61,0.0033229830582339162
Sports_and_Outdoors,Sports,before_col,L3,99,78,0.004249060303971237
Sports_and_Outdoors,Sports,before_col,L3,100,83,0.004521435964482214
Sports_and_Outdoors,Sports,before_col,L3,101,71,0.0038677343792558696
Sports_and_Outdoors,Sports,before_col,L3,102,69,0.003758784115051479
Sports_and_Outdoors,Sports,before_col,L3,103,62,0.0033774581903361117
Sports_and_Outdoors,Sports,before_col,L3,104,77,0.004194585171869041
Sports_and_Outdoors,Sports,before_col,L3,105,76,0.004140110039766847
Sports_and_Outdoors,Sports,before_col,L3,106,66,0.003595358718744893
Sports_and_Outdoors,Sports,before_col,L3,107,83,0.004521435964482214
Sports_and_Outdoors,Sports,before_col,L3,108,73,0.00397668464346026
Sports_and_Outdoors,Sports,before_col,L3,109,68,0.0037043089829492835
Sports_and_Outdoors,Sports,before_col,L3,110,65,0.0035408835866426974
Sports_and_Outdoors,Sports,before_col,L3,111,67,0.0036498338508470884
Sports_and_Outdoors,Sports,before_col,L3,112,92,0.005011712153401972
Sports_and_Outdoors,Sports,before_col,L3,113,84,0.004575911096584409
Sports_and_Outdoors,Sports,before_col,L3,114,82,0.004466960832380019
Sports_and_Outdoors,Sports,before_col,L3,115,77,0.004194585171869041
Sports_and_Outdoors,Sports,before_col,L3,116,96,0.0052296126818107535
Sports_and_Outdoors,Sports,before_col,L3,117,71,0.0038677343792558696
Sports_and_Outdoors,Sports,before_col,L3,118,82,0.004466960832380019
Sports_and_Outdoors,Sports,before_col,L3,119,80,0.004358010568175628
Sports_and_Outdoors,Sports,before_col,L3,120,58,0.00315955766192733
Sports_and_Outdoors,Sports,before_col,L3,121,93,0.005066187285504167
Sports_and_Outdoors,Sports,before_col,L3,122,74,0.004031159775562456
Sports_and_Outdoors,Sports,before_col,L3,123,75,0.004085634907664651
Sports_and_Outdoors,Sports,before_col,L3,124,67,0.0036498338508470884
Sports_and_Outdoors,Sports,before_col,L3,125,66,0.003595358718744893
Sports_and_Outdoors,Sports,before_col,L3,126,74,0.004031159775562456
Sports_and_Outdoors,Sports,before_col,L3,127,72,0.003922209511358065
Sports_and_Outdoors,Sports,before_col,L3,128,68,0.0037043089829492835
Sports_and_Outdoors,Sports,before_col,L3,129,49,0.0026692814730075723
Sports_and_Outdoors,Sports,before_col,L3,130,92,0.005011712153401972
Sports_and_Outdoors,Sports,before_col,L3,131,58,0.00315955766192733
Sports_and_Outdoors,Sports,before_col,L3,132,77,0.004194585171869041
Sports_and_Outdoors,Sports,before_col,L3,133,68,0.0037043089829492835
Sports_and_Outdoors,Sports,before_col,L3,134,84,0.004575911096584409
Sports_and_Outdoors,Sports,before_col,L3,135,55,0.002996132265620744
Sports_and_Outdoors,Sports,before_col,L3,136,83,0.004521435964482214
Sports_and_Outdoors,Sports,before_col,L3,137,63,0.003431933322438307
Sports_and_Outdoors,Sports,before_col,L3,138,70,0.0038132592471536745
Sports_and_Outdoors,Sports,before_col,L3,139,62,0.0033774581903361117
Sports_and_Outdoors,Sports,before_col,L3,140,73,0.00397668464346026
Sports_and_Outdoors,Sports,before_col,L3,141,60,0.0032685079261317207
Sports_and_Outdoors,Sports,before_col,L3,142,69,0.003758784115051479
Sports_and_Outdoors,Sports,before_col,L3,143,86,0.0046848613607888
Sports_and_Outdoors,Sports,before_col,L3,144,65,0.0035408835866426974
Sports_and_Outdoors,Sports,before_col,L3,145,80,0.004358010568175628
Sports_and_Outdoors,Sports,before_col,L3,146,77,0.004194585171869041
Sports_and_Outdoors,Sports,before_col,L3,147,56,0.0030506073977229395
Sports_and_Outdoors,Sports,before_col,L3,148,77,0.004194585171869041
Sports_and_Outdoors,Sports,before_col,L3,149,85,0.004630386228686605
Sports_and_Outdoors,Sports,before_col,L3,150,68,0.0037043089829492835
Sports_and_Outdoors,Sports,before_col,L3,151,73,0.00397668464346026
Sports_and_Outdoors,Sports,before_col,L3,152,62,0.0033774581903361117
Sports_and_Outdoors,Sports,before_col,L3,153,84,0.004575911096584409
Sports_and_Outdoors,Sports,before_col,L3,154,48,0.0026148063409053767
Sports_and_Outdoors,Sports,before_col,L3,155,74,0.004031159775562456
Sports_and_Outdoors,Sports,before_col,L3,156,70,0.0038132592471536745
Sports_and_Outdoors,Sports,before_col,L3,157,61,0.0033229830582339162
Sports_and_Outdoors,Sports,before_col,L3,158,68,0.0037043089829492835
Sports_and_Outdoors,Sports,before_col,L3,159,79,0.004303535436073432
Sports_and_Outdoors,Sports,before_col,L3,160,64,0.0034864084545405023
Sports_and_Outdoors,Sports,before_col,L3,161,65,0.0035408835866426974
Sports_and_Outdoors,Sports,before_col,L3,162,63,0.003431933322438307
Sports_and_Outdoors,Sports,before_col,L3,163,59,0.0032140327940295256
Sports_and_Outdoors,Sports,before_col,L3,164,62,0.0033774581903361117
Sports_and_Outdoors,Sports,before_col,L3,165,71,0.0038677343792558696
Sports_and_Outdoors,Sports,before_col,L3,166,68,0.0037043089829492835
Sports_and_Outdoors,Sports,before_col,L3,167,63,0.003431933322438307
Sports_and_Outdoors,Sports,before_col,L3,168,73,0.00397668464346026
Sports_and_Outdoors,Sports,before_col,L3,169,76,0.004140110039766847
Sports_and_Outdoors,Sports,before_col,L3,170,82,0.004466960832380019
Sports_and_Outdoors,Sports,before_col,L3,171,66,0.003595358718744893
Sports_and_Outdoors,Sports,before_col,L3,172,65,0.0035408835866426974
Sports_and_Outdoors,Sports,before_col,L3,173,72,0.003922209511358065
Sports_and_Outdoors,Sports,before_col,L3,174,69,0.003758784115051479
Sports_and_Outdoors,Sports,before_col,L3,175,83,0.004521435964482214
Sports_and_Outdoors,Sports,before_col,L3,176,65,0.0035408835866426974
Sports_and_Outdoors,Sports,before_col,L3,177,92,0.005011712153401972
Sports_and_Outdoors,Sports,before_col,L3,178,69,0.003758784115051479
Sports_and_Outdoors,Sports,before_col,L3,179,66,0.003595358718744893
Sports_and_Outdoors,Sports,before_col,L3,180,79,0.004303535436073432
Sports_and_Outdoors,Sports,before_col,L3,181,56,0.0030506073977229395
Sports_and_Outdoors,Sports,before_col,L3,182,78,0.004249060303971237
Sports_and_Outdoors,Sports,before_col,L3,183,64,0.0034864084545405023
Sports_and_Outdoors,Sports,before_col,L3,184,92,0.005011712153401972
Sports_and_Outdoors,Sports,before_col,L3,185,59,0.0032140327940295256
Sports_and_Outdoors,Sports,before_col,L3,186,82,0.004466960832380019
Sports_and_Outdoors,Sports,before_col,L3,187,67,0.0036498338508470884
Sports_and_Outdoors,Sports,before_col,L3,188,66,0.003595358718744893
Sports_and_Outdoors,Sports,before_col,L3,189,61,0.0033229830582339162
Sports_and_Outdoors,Sports,before_col,L3,190,61,0.0033229830582339162
Sports_and_Outdoors,Sports,before_col,L3,191,49,0.0026692814730075723
Sports_and_Outdoors,Sports,before_col,L3,192,52,0.002832706869314158
Sports_and_Outdoors,Sports,before_col,L3,193,71,0.0038677343792558696
Sports_and_Outdoors,Sports,before_col,L3,194,99,0.005393038078117339
Sports_and_Outdoors,Sports,before_col,L3,195,81,0.004412485700277823
Sports_and_Outdoors,Sports,before_col,L3,196,68,0.0037043089829492835
Sports_and_Outdoors,Sports,before_col,L3,197,81,0.004412485700277823
Sports_and_Outdoors,Sports,before_col,L3,198,58,0.00315955766192733
Sports_and_Outdoors,Sports,before_col,L3,199,50,0.0027237566051097673
Sports_and_Outdoors,Sports,before_col,L3,200,86,0.0046848613607888
Sports_and_Outdoors,Sports,before_col,L3,201,51,0.002778231737211963
Sports_and_Outdoors,Sports,before_col,L3,202,57,0.0031050825298251346
Sports_and_Outdoors,Sports,before_col,L3,203,56,0.0030506073977229395
Sports_and_Outdoors,Sports,before_col,L3,204,90,0.004902761889197581
Sports_and_Outdoors,Sports,before_col,L3,205,62,0.0033774581903361117
Sports_and_Outdoors,Sports,before_col,L3,206,81,0.004412485700277823
Sports_and_Outdoors,Sports,before_col,L3,207,94,0.0051206624176063625
Sports_and_Outdoors,Sports,before_col,L3,208,78,0.004249060303971237
Sports_and_Outdoors,Sports,before_col,L3,209,89,0.004848286757095386
Sports_and_Outdoors,Sports,before_col,L3,210,80,0.004358010568175628
Sports_and_Outdoors,Sports,before_col,L3,211,59,0.0032140327940295256
Sports_and_Outdoors,Sports,before_col,L3,212,78,0.004249060303971237
Sports_and_Outdoors,Sports,before_col,L3,213,67,0.0036498338508470884
Sports_and_Outdoors,Sports,before_col,L3,214,73,0.00397668464346026
Sports_and_Outdoors,Sports,before_col,L3,215,73,0.00397668464346026
Sports_and_Outdoors,Sports,before_col,L3,216,86,0.0046848613607888
Sports_and_Outdoors,Sports,before_col,L3,217,69,0.003758784115051479
Sports_and_Outdoors,Sports,before_col,L3,218,76,0.004140110039766847
Sports_and_Outdoors,Sports,before_col,L3,219,73,0.00397668464346026
Sports_and_Outdoors,Sports,before_col,L3,220,60,0.0032685079261317207
Sports_and_Outdoors,Sports,before_col,L3,221,76,0.004140110039766847
Sports_and_Outdoors,Sports,before_col,L3,222,74,0.004031159775562456
Sports_and_Outdoors,Sports,before_col,L3,223,69,0.003758784115051479
Sports_and_Outdoors,Sports,before_col,L3,224,80,0.004358010568175628
Sports_and_Outdoors,Sports,before_col,L3,225,86,0.0046848613607888
Sports_and_Outdoors,Sports,before_col,L3,226,75,0.004085634907664651
Sports_and_Outdoors,Sports,before_col,L3,227,69,0.003758784115051479
Sports_and_Outdoors,Sports,before_col,L3,228,62,0.0033774581903361117
Sports_and_Outdoors,Sports,before_col,L3,229,103,0.005610938606526121
Sports_and_Outdoors,Sports,before_col,L3,230,69,0.003758784115051479
Sports_and_Outdoors,Sports,before_col,L3,231,77,0.004194585171869041
Sports_and_Outdoors,Sports,before_col,L3,232,69,0.003758784115051479
Sports_and_Outdoors,Sports,before_col,L3,233,77,0.004194585171869041
Sports_and_Outdoors,Sports,before_col,L3,234,64,0.0034864084545405023
Sports_and_Outdoors,Sports,before_col,L3,235,51,0.002778231737211963
Sports_and_Outdoors,Sports,before_col,L3,236,78,0.004249060303971237
Sports_and_Outdoors,Sports,before_col,L3,237,72,0.003922209511358065
Sports_and_Outdoors,Sports,before_col,L3,238,57,0.0031050825298251346
Sports_and_Outdoors,Sports,before_col,L3,239,74,0.004031159775562456
Sports_and_Outdoors,Sports,before_col,L3,240,70,0.0038132592471536745
Sports_and_Outdoors,Sports,before_col,L3,241,63,0.003431933322438307
Sports_and_Outdoors,Sports,before_col,L3,242,66,0.003595358718744893
Sports_and_Outdoors,Sports,before_col,L3,243,60,0.0032685079261317207
Sports_and_Outdoors,Sports,before_col,L3,244,68,0.0037043089829492835
Sports_and_Outdoors,Sports,before_col,L3,245,81,0.004412485700277823
Sports_and_Outdoors,Sports,before_col,L3,246,74,0.004031159775562456
Sports_and_Outdoors,Sports,before_col,L3,247,62,0.0033774581903361117
Sports_and_Outdoors,Sports,before_col,L3,248,65,0.0035408835866426974
Sports_and_Outdoors,Sports,before_col,L3,249,71,0.0038677343792558696
Sports_and_Outdoors,Sports,before_col,L3,250,70,0.0038132592471536745
Sports_and_Outdoors,Sports,before_col,L3,251,76,0.004140110039766847
Sports_and_Outdoors,Sports,before_col,L3,252,70,0.0038132592471536745
Sports_and_Outdoors,Sports,before_col,L3,253,87,0.004739336492890996
Sports_and_Outdoors,Sports,before_col,L3,254,82,0.004466960832380019
Sports_and_Outdoors,Sports,before_col,L3,255,79,0.004303535436073432
Sports_and_Outdoors,Sports,after_col,L0,0,87,0.004739336492890996
Sports_and_Outdoors,Sports,after_col,L0,1,68,0.0037043089829492835
Sports_and_Outdoors,Sports,after_col,L0,2,60,0.0032685079261317207
Sports_and_Outdoors,Sports,after_col,L0,3,40,0.002179005284087814
Sports_and_Outdoors,Sports,after_col,L0,4,86,0.0046848613607888
Sports_and_Outdoors,Sports,after_col,L0,5,117,0.006373590455956856
Sports_and_Outdoors,Sports,after_col,L0,6,103,0.005610938606526121
Sports_and_Outdoors,Sports,after_col,L0,7,69,0.003758784115051479
Sports_and_Outdoors,Sports,after_col,L0,8,108,0.005883314267037098
Sports_and_Outdoors,Sports,after_col,L0,9,44,0.002396905812496595
Sports_and_Outdoors,Sports,after_col,L0,10,102,0.005556463474423926
Sports_and_Outdoors,Sports,after_col,L0,11,93,0.005066187285504167
Sports_and_Outdoors,Sports,after_col,L0,12,80,0.004358010568175628
Sports_and_Outdoors,Sports,after_col,L0,13,16,0.0008716021136351256
Sports_and_Outdoors,Sports,after_col,L0,14,51,0.002778231737211963
Sports_and_Outdoors,Sports,after_col,L0,15,84,0.004575911096584409
Sports_and_Outdoors,Sports,after_col,L0,16,74,0.004031159775562456
Sports_and_Outdoors,Sports,after_col,L0,17,51,0.002778231737211963
Sports_and_Outdoors,Sports,after_col,L0,18,110,0.005992264531241488
Sports_and_Outdoors,Sports,after_col,L0,19,39,0.0021245301519856184
Sports_and_Outdoors,Sports,after_col,L0,20,70,0.0038132592471536745
Sports_and_Outdoors,Sports,after_col,L0,21,89,0.004848286757095386
Sports_and_Outdoors,Sports,after_col,L0,22,55,0.002996132265620744
Sports_and_Outdoors,Sports,after_col,L0,23,51,0.002778231737211963
Sports_and_Outdoors,Sports,after_col,L0,24,51,0.002778231737211963
Sports_and_Outdoors,Sports,after_col,L0,25,80,0.004358010568175628
Sports_and_Outdoors,Sports,after_col,L0,26,76,0.004140110039766847
Sports_and_Outdoors,Sports,after_col,L0,27,64,0.0034864084545405023
Sports_and_Outdoors,Sports,after_col,L0,28,66,0.003595358718744893
Sports_and_Outdoors,Sports,after_col,L0,29,51,0.002778231737211963
Sports_and_Outdoors,Sports,after_col,L0,30,62,0.0033774581903361117
Sports_and_Outdoors,Sports,after_col,L0,31,112,0.006101214795445879
Sports_and_Outdoors,Sports,after_col,L0,32,102,0.005556463474423926
Sports_and_Outdoors,Sports,after_col,L0,33,80,0.004358010568175628
Sports_and_Outdoors,Sports,after_col,L0,34,20,0.001089502642043907
Sports_and_Outdoors,Sports,after_col,L0,35,25,0.0013618783025548837
Sports_and_Outdoors,Sports,after_col,L0,36,48,0.0026148063409053767
Sports_and_Outdoors,Sports,after_col,L0,37,52,0.002832706869314158
Sports_and_Outdoors,Sports,after_col,L0,38,41,0.0022334804161900095
Sports_and_Outdoors,Sports,after_col,L0,39,68,0.0037043089829492835
Sports_and_Outdoors,Sports,after_col,L0,40,71,0.0038677343792558696
Sports_and_Outdoors,Sports,after_col,L0,41,22,0.0011984529062482976
Sports_and_Outdoors,Sports,after_col,L0,42,63,0.003431933322438307
Sports_and_Outdoors,Sports,after_col,L0,43,51,0.002778231737211963
Sports_and_Outdoors,Sports,after_col,L0,44,133,0.007245192569591981
Sports_and_Outdoors,Sports,after_col,L0,45,96,0.0052296126818107535
Sports_and_Outdoors,Sports,after_col,L0,46,67,0.0036498338508470884
Sports_and_Outdoors,Sports,after_col,L0,47,80,0.004358010568175628
Sports_and_Outdoors,Sports,after_col,L0,48,96,0.0052296126818107535
Sports_and_Outdoors,Sports,after_col,L0,49,83,0.004521435964482214
Sports_and_Outdoors,Sports,after_col,L0,50,42,0.0022879555482922045
Sports_and_Outdoors,Sports,after_col,L0,51,53,0.0028871820014163534
Sports_and_Outdoors,Sports,after_col,L0,52,72,0.003922209511358065
Sports_and_Outdoors,Sports,after_col,L0,53,134,0.007299667701694177
Sports_and_Outdoors,Sports,after_col,L0,54,86,0.0046848613607888
Sports_and_Outdoors,Sports,after_col,L0,55,72,0.003922209511358065
Sports_and_Outdoors,Sports,after_col,L0,56,69,0.003758784115051479
Sports_and_Outdoors,Sports,after_col,L0,57,46,0.002505856076700986
Sports_and_Outdoors,Sports,after_col,L0,58,72,0.003922209511358065
Sports_and_Outdoors,Sports,after_col,L0,59,75,0.004085634907664651
Sports_and_Outdoors,Sports,after_col,L0,60,46,0.002505856076700986
Sports_and_Outdoors,Sports,after_col,L0,61,36,0.0019611047556790323
Sports_and_Outdoors,Sports,after_col,L0,62,57,0.0031050825298251346
Sports_and_Outdoors,Sports,after_col,L0,63,67,0.0036498338508470884
Sports_and_Outdoors,Sports,after_col,L0,64,78,0.004249060303971237
Sports_and_Outdoors,Sports,after_col,L0,65,44,0.002396905812496595
Sports_and_Outdoors,Sports,after_col,L0,66,89,0.004848286757095386
Sports_and_Outdoors,Sports,after_col,L0,67,77,0.004194585171869041
Sports_and_Outdoors,Sports,after_col,L0,68,41,0.0022334804161900095
Sports_and_Outdoors,Sports,after_col,L0,69,74,0.004031159775562456
Sports_and_Outdoors,Sports,after_col,L0,70,87,0.004739336492890996
Sports_and_Outdoors,Sports,after_col,L0,71,86,0.0046848613607888
Sports_and_Outdoors,Sports,after_col,L0,72,125,0.006809391512774418
Sports_and_Outdoors,Sports,after_col,L0,73,85,0.004630386228686605
Sports_and_Outdoors,Sports,after_col,L0,74,54,0.002941657133518549
Sports_and_Outdoors,Sports,after_col,L0,75,135,0.007354142833796372
Sports_and_Outdoors,Sports,after_col,L0,76,108,0.005883314267037098
Sports_and_Outdoors,Sports,after_col,L0,77,35,0.0019066296235768373
Sports_and_Outdoors,Sports,after_col,L0,78,109,0.0059377893991392925
Sports_and_Outdoors,Sports,after_col,L0,79,41,0.0022334804161900095
Sports_and_Outdoors,Sports,after_col,L0,80,42,0.0022879555482922045
Sports_and_Outdoors,Sports,after_col,L0,81,51,0.002778231737211963
Sports_and_Outdoors,Sports,after_col,L0,82,54,0.002941657133518549
Sports_and_Outdoors,Sports,after_col,L0,83,45,0.0024513809445987906
Sports_and_Outdoors,Sports,after_col,L0,84,80,0.004358010568175628
Sports_and_Outdoors,Sports,after_col,L0,85,66,0.003595358718744893
Sports_and_Outdoors,Sports,after_col,L0,86,174,0.009478672985781991
Sports_and_Outdoors,Sports,after_col,L0,87,54,0.002941657133518549
Sports_and_Outdoors,Sports,after_col,L0,88,65,0.0035408835866426974
Sports_and_Outdoors,Sports,after_col,L0,89,42,0.0022879555482922045
Sports_and_Outdoors,Sports,after_col,L0,90,71,0.0038677343792558696
Sports_and_Outdoors,Sports,after_col,L0,91,37,0.002015579887781228
Sports_and_Outdoors,Sports,after_col,L0,92,93,0.005066187285504167
Sports_and_Outdoors,Sports,after_col,L0,93,57,0.0031050825298251346
Sports_and_Outdoors,Sports,after_col,L0,94,103,0.005610938606526121
Sports_and_Outdoors,Sports,after_col,L0,95,45,0.0024513809445987906
Sports_and_Outdoors,Sports,after_col,L0,96,43,0.0023424306803944
Sports_and_Outdoors,Sports,after_col,L0,97,74,0.004031159775562456
Sports_and_Outdoors,Sports,after_col,L0,98,88,0.00479381162499319
Sports_and_Outdoors,Sports,after_col,L0,99,85,0.004630386228686605
Sports_and_Outdoors,Sports,after_col,L0,100,70,0.0038132592471536745
Sports_and_Outdoors,Sports,after_col,L0,101,91,0.004957237021299777
Sports_and_Outdoors,Sports,after_col,L0,102,56,0.0030506073977229395
Sports_and_Outdoors,Sports,after_col,L0,103,55,0.002996132265620744
Sports_and_Outdoors,Sports,after_col,L0,104,105,0.005719888870730511
Sports_and_Outdoors,Sports,after_col,L0,105,68,0.0037043089829492835
Sports_and_Outdoors,Sports,after_col,L0,106,47,0.0025603312088031812
Sports_and_Outdoors,Sports,after_col,L0,107,52,0.002832706869314158
Sports_and_Outdoors,Sports,after_col,L0,108,60,0.0032685079261317207
Sports_and_Outdoors,Sports,after_col,L0,109,33,0.0017976793593724465
Sports_and_Outdoors,Sports,after_col,L0,110,60,0.0032685079261317207
Sports_and_Outdoors,Sports,after_col,L0,111,31,0.0016887290951680559
Sports_and_Outdoors,Sports,after_col,L0,112,97,0.005284087813912949
Sports_and_Outdoors,Sports,after_col,L0,113,79,0.004303535436073432
Sports_and_Outdoors,Sports,after_col,L0,114,84,0.004575911096584409
Sports_and_Outdoors,Sports,after_col,L0,115,90,0.004902761889197581
Sports_and_Outdoors,Sports,after_col,L0,116,63,0.003431933322438307
Sports_and_Outdoors,Sports,after_col,L0,117,39,0.0021245301519856184
Sports_and_Outdoors,Sports,after_col,L0,118,58,0.00315955766192733
Sports_and_Outdoors,Sports,after_col,L0,119,69,0.003758784115051479
Sports_and_Outdoors,Sports,after_col,L0,120,63,0.003431933322438307
Sports_and_Outdoors,Sports,after_col,L0,121,63,0.003431933322438307
Sports_and_Outdoors,Sports,after_col,L0,122,110,0.005992264531241488
Sports_and_Outdoors,Sports,after_col,L0,123,52,0.002832706869314158
Sports_and_Outdoors,Sports,after_col,L0,124,49,0.0026692814730075723
Sports_and_Outdoors,Sports,after_col,L0,125,78,0.004249060303971237
Sports_and_Outdoors,Sports,after_col,L0,126,76,0.004140110039766847
Sports_and_Outdoors,Sports,after_col,L0,127,93,0.005066187285504167
Sports_and_Outdoors,Sports,after_col,L0,128,103,0.005610938606526121
Sports_and_Outdoors,Sports,after_col,L0,129,67,0.0036498338508470884
Sports_and_Outdoors,Sports,after_col,L0,130,68,0.0037043089829492835
Sports_and_Outdoors,Sports,after_col,L0,131,56,0.0030506073977229395
Sports_and_Outdoors,Sports,after_col,L0,132,58,0.00315955766192733
Sports_and_Outdoors,Sports,after_col,L0,133,57,0.0031050825298251346
Sports_and_Outdoors,Sports,after_col,L0,134,154,0.008389170343738083
Sports_and_Outdoors,Sports,after_col,L0,135,66,0.003595358718744893
Sports_and_Outdoors,Sports,after_col,L0,136,69,0.003758784115051479
Sports_and_Outdoors,Sports,after_col,L0,137,97,0.005284087813912949
Sports_and_Outdoors,Sports,after_col,L0,138,45,0.0024513809445987906
Sports_and_Outdoors,Sports,after_col,L0,139,39,0.0021245301519856184
Sports_and_Outdoors,Sports,after_col,L0,140,27,0.0014708285667592745
Sports_and_Outdoors,Sports,after_col,L0,141,120,0.006537015852263441
Sports_and_Outdoors,Sports,after_col,L0,142,111,0.0060467396633436836
Sports_and_Outdoors,Sports,after_col,L0,143,66,0.003595358718744893
Sports_and_Outdoors,Sports,after_col,L0,144,58,0.00315955766192733
Sports_and_Outdoors,Sports,after_col,L0,145,85,0.004630386228686605
Sports_and_Outdoors,Sports,after_col,L0,146,61,0.0033229830582339162
Sports_and_Outdoors,Sports,after_col,L0,147,39,0.0021245301519856184
Sports_and_Outdoors,Sports,after_col,L0,148,71,0.0038677343792558696
Sports_and_Outdoors,Sports,after_col,L0,149,39,0.0021245301519856184
Sports_and_Outdoors,Sports,after_col,L0,150,63,0.003431933322438307
Sports_and_Outdoors,Sports,after_col,L0,151,45,0.0024513809445987906
Sports_and_Outdoors,Sports,after_col,L0,152,50,0.0027237566051097673
Sports_and_Outdoors,Sports,after_col,L0,153,71,0.0038677343792558696
Sports_and_Outdoors,Sports,after_col,L0,154,83,0.004521435964482214
Sports_and_Outdoors,Sports,after_col,L0,155,63,0.003431933322438307
Sports_and_Outdoors,Sports,after_col,L0,156,95,0.005175137549708558
Sports_and_Outdoors,Sports,after_col,L0,157,75,0.004085634907664651
Sports_and_Outdoors,Sports,after_col,L0,158,58,0.00315955766192733
Sports_and_Outdoors,Sports,after_col,L0,159,100,0.005447513210219535
Sports_and_Outdoors,Sports,after_col,L0,160,62,0.0033774581903361117
Sports_and_Outdoors,Sports,after_col,L0,161,71,0.0038677343792558696
Sports_and_Outdoors,Sports,after_col,L0,162,159,0.00866154600424906
Sports_and_Outdoors,Sports,after_col,L0,163,51,0.002778231737211963
Sports_and_Outdoors,Sports,after_col,L0,164,51,0.002778231737211963
Sports_and_Outdoors,Sports,after_col,L0,165,61,0.0033229830582339162
Sports_and_Outdoors,Sports,after_col,L0,166,131,0.00713624230538759
Sports_and_Outdoors,Sports,after_col,L0,167,66,0.003595358718744893
Sports_and_Outdoors,Sports,after_col,L0,168,48,0.0026148063409053767
Sports_and_Outdoors,Sports,after_col,L0,169,144,0.00784441902271613
Sports_and_Outdoors,Sports,after_col,L0,170,88,0.00479381162499319
Sports_and_Outdoors,Sports,after_col,L0,171,38,0.0020700550198834234
Sports_and_Outdoors,Sports,after_col,L0,172,76,0.004140110039766847
Sports_and_Outdoors,Sports,after_col,L0,173,59,0.0032140327940295256
Sports_and_Outdoors,Sports,after_col,L0,174,46,0.002505856076700986
Sports_and_Outdoors,Sports,after_col,L0,175,76,0.004140110039766847
Sports_and_Outdoors,Sports,after_col,L0,176,66,0.003595358718744893
Sports_and_Outdoors,Sports,after_col,L0,177,77,0.004194585171869041
Sports_and_Outdoors,Sports,after_col,L0,178,34,0.0018521544914746418
Sports_and_Outdoors,Sports,after_col,L0,179,114,0.006210165059650269
Sports_and_Outdoors,Sports,after_col,L0,180,71,0.0038677343792558696
Sports_and_Outdoors,Sports,after_col,L0,181,119,0.006482540720161247
Sports_and_Outdoors,Sports,after_col,L0,182,77,0.004194585171869041
Sports_and_Outdoors,Sports,after_col,L0,183,105,0.005719888870730511
Sports_and_Outdoors,Sports,after_col,L0,184,51,0.002778231737211963
Sports_and_Outdoors,Sports,after_col,L0,185,53,0.0028871820014163534
Sports_and_Outdoors,Sports,after_col,L0,186,101,0.00550198834232173
Sports_and_Outdoors,Sports,after_col,L0,187,18,0.0009805523778395162
Sports_and_Outdoors,Sports,after_col,L0,188,79,0.004303535436073432
Sports_and_Outdoors,Sports,after_col,L0,189,66,0.003595358718744893
Sports_and_Outdoors,Sports,after_col,L0,190,75,0.004085634907664651
Sports_and_Outdoors,Sports,after_col,L0,191,81,0.004412485700277823
Sports_and_Outdoors,Sports,after_col,L0,192,104,0.005665413738628316
Sports_and_Outdoors,Sports,after_col,L0,193,66,0.003595358718744893
Sports_and_Outdoors,Sports,after_col,L0,194,43,0.0023424306803944
Sports_and_Outdoors,Sports,after_col,L0,195,70,0.0038132592471536745
Sports_and_Outdoors,Sports,after_col,L0,196,85,0.004630386228686605
Sports_and_Outdoors,Sports,after_col,L0,197,81,0.004412485700277823
Sports_and_Outdoors,Sports,after_col,L0,198,71,0.0038677343792558696
Sports_and_Outdoors,Sports,after_col,L0,199,101,0.00550198834232173
Sports_and_Outdoors,Sports,after_col,L0,200,81,0.004412485700277823
Sports_and_Outdoors,Sports,after_col,L0,201,134,0.007299667701694177
Sports_and_Outdoors,Sports,after_col,L0,202,60,0.0032685079261317207
Sports_and_Outdoors,Sports,after_col,L0,203,54,0.002941657133518549
Sports_and_Outdoors,Sports,after_col,L0,204,61,0.0033229830582339162
Sports_and_Outdoors,Sports,after_col,L0,205,78,0.004249060303971237
Sports_and_Outdoors,Sports,after_col,L0,206,74,0.004031159775562456
Sports_and_Outdoors,Sports,after_col,L0,207,97,0.005284087813912949
Sports_and_Outdoors,Sports,after_col,L0,208,104,0.005665413738628316
Sports_and_Outdoors,Sports,after_col,L0,209,85,0.004630386228686605
Sports_and_Outdoors,Sports,after_col,L0,210,60,0.0032685079261317207
Sports_and_Outdoors,Sports,after_col,L0,211,55,0.002996132265620744
Sports_and_Outdoors,Sports,after_col,L0,212,114,0.006210165059650269
Sports_and_Outdoors,Sports,after_col,L0,213,106,0.005774364002832707
Sports_and_Outdoors,Sports,after_col,L0,214,153,0.008334695211635889
Sports_and_Outdoors,Sports,after_col,L0,215,33,0.0017976793593724465
Sports_and_Outdoors,Sports,after_col,L0,216,60,0.0032685079261317207
Sports_and_Outdoors,Sports,after_col,L0,217,76,0.004140110039766847
Sports_and_Outdoors,Sports,after_col,L0,218,110,0.005992264531241488
Sports_and_Outdoors,Sports,after_col,L0,219,68,0.0037043089829492835
Sports_and_Outdoors,Sports,after_col,L0,220,44,0.002396905812496595
Sports_and_Outdoors,Sports,after_col,L0,221,91,0.004957237021299777
Sports_and_Outdoors,Sports,after_col,L0,222,58,0.00315955766192733
Sports_and_Outdoors,Sports,after_col,L0,223,56,0.0030506073977229395
Sports_and_Outdoors,Sports,after_col,L0,224,49,0.0026692814730075723
Sports_and_Outdoors,Sports,after_col,L0,225,70,0.0038132592471536745
Sports_and_Outdoors,Sports,after_col,L0,226,104,0.005665413738628316
Sports_and_Outdoors,Sports,after_col,L0,227,97,0.005284087813912949
Sports_and_Outdoors,Sports,after_col,L0,228,38,0.0020700550198834234
Sports_and_Outdoors,Sports,after_col,L0,229,67,0.0036498338508470884
Sports_and_Outdoors,Sports,after_col,L0,230,107,0.005828839134934902
Sports_and_Outdoors,Sports,after_col,L0,231,84,0.004575911096584409
Sports_and_Outdoors,Sports,after_col,L0,232,61,0.0033229830582339162
Sports_and_Outdoors,Sports,after_col,L0,233,76,0.004140110039766847
Sports_and_Outdoors,Sports,after_col,L0,234,111,0.0060467396633436836
Sports_and_Outdoors,Sports,after_col,L0,235,55,0.002996132265620744
Sports_and_Outdoors,Sports,after_col,L0,236,122,0.0066459661164678325
Sports_and_Outdoors,Sports,after_col,L0,237,69,0.003758784115051479
Sports_and_Outdoors,Sports,after_col,L0,238,33,0.0017976793593724465
Sports_and_Outdoors,Sports,after_col,L0,239,63,0.003431933322438307
Sports_and_Outdoors,Sports,after_col,L0,240,3,0.00016342539630658605
Sports_and_Outdoors,Sports,after_col,L0,241,42,0.0022879555482922045
Sports_and_Outdoors,Sports,after_col,L0,242,54,0.002941657133518549
Sports_and_Outdoors,Sports,after_col,L0,243,55,0.002996132265620744
Sports_and_Outdoors,Sports,after_col,L0,244,117,0.006373590455956856
Sports_and_Outdoors,Sports,after_col,L0,245,49,0.0026692814730075723
Sports_and_Outdoors,Sports,after_col,L0,246,55,0.002996132265620744
Sports_and_Outdoors,Sports,after_col,L0,247,68,0.0037043089829492835
Sports_and_Outdoors,Sports,after_col,L0,248,36,0.0019611047556790323
Sports_and_Outdoors,Sports,after_col,L0,249,83,0.004521435964482214
Sports_and_Outdoors,Sports,after_col,L0,250,57,0.0031050825298251346
Sports_and_Outdoors,Sports,after_col,L0,251,57,0.0031050825298251346
Sports_and_Outdoors,Sports,after_col,L0,252,73,0.00397668464346026
Sports_and_Outdoors,Sports,after_col,L0,253,87,0.004739336492890996
Sports_and_Outdoors,Sports,after_col,L0,254,100,0.005447513210219535
Sports_and_Outdoors,Sports,after_col,L0,255,47,0.0025603312088031812
Sports_and_Outdoors,Sports,after_col,L1,0,58,0.00315955766192733
Sports_and_Outdoors,Sports,after_col,L1,1,44,0.002396905812496595
Sports_and_Outdoors,Sports,after_col,L1,2,62,0.0033774581903361117
Sports_and_Outdoors,Sports,after_col,L1,3,67,0.0036498338508470884
Sports_and_Outdoors,Sports,after_col,L1,4,67,0.0036498338508470884
Sports_and_Outdoors,Sports,after_col,L1,5,70,0.0038132592471536745
Sports_and_Outdoors,Sports,after_col,L1,6,51,0.002778231737211963
Sports_and_Outdoors,Sports,after_col,L1,7,71,0.0038677343792558696
Sports_and_Outdoors,Sports,after_col,L1,8,57,0.0031050825298251346
Sports_and_Outdoors,Sports,after_col,L1,9,146,0.00795336928692052
Sports_and_Outdoors,Sports,after_col,L1,10,62,0.0033774581903361117
Sports_and_Outdoors,Sports,after_col,L1,11,116,0.00631911532385466
Sports_and_Outdoors,Sports,after_col,L1,12,121,0.006591490984365637
Sports_and_Outdoors,Sports,after_col,L1,13,84,0.004575911096584409
Sports_and_Outdoors,Sports,after_col,L1,14,102,0.005556463474423926
Sports_and_Outdoors,Sports,after_col,L1,15,69,0.003758784115051479
Sports_and_Outdoors,Sports,after_col,L1,16,57,0.0031050825298251346
Sports_and_Outdoors,Sports,after_col,L1,17,55,0.002996132265620744
Sports_and_Outdoors,Sports,after_col,L1,18,85,0.004630386228686605
Sports_and_Outdoors,Sports,after_col,L1,19,61,0.0033229830582339162
Sports_and_Outdoors,Sports,after_col,L1,20,79,0.004303535436073432
Sports_and_Outdoors,Sports,after_col,L1,21,117,0.006373590455956856
Sports_and_Outdoors,Sports,after_col,L1,22,53,0.0028871820014163534
Sports_and_Outdoors,Sports,after_col,L1,23,85,0.004630386228686605
Sports_and_Outdoors,Sports,after_col,L1,24,67,0.0036498338508470884
Sports_and_Outdoors,Sports,after_col,L1,25,69,0.003758784115051479
Sports_and_Outdoors,Sports,after_col,L1,26,59,0.0032140327940295256
Sports_and_Outdoors,Sports,after_col,L1,27,41,0.0022334804161900095
Sports_and_Outdoors,Sports,after_col,L1,28,45,0.0024513809445987906
Sports_and_Outdoors,Sports,after_col,L1,29,41,0.0022334804161900095
Sports_and_Outdoors,Sports,after_col,L1,30,63,0.003431933322438307
Sports_and_Outdoors,Sports,after_col,L1,31,77,0.004194585171869041
Sports_and_Outdoors,Sports,after_col,L1,32,72,0.003922209511358065
Sports_and_Outdoors,Sports,after_col,L1,33,56,0.0030506073977229395
Sports_and_Outdoors,Sports,after_col,L1,34,54,0.002941657133518549
Sports_and_Outdoors,Sports,after_col,L1,35,112,0.006101214795445879
Sports_and_Outdoors,Sports,after_col,L1,36,91,0.004957237021299777
Sports_and_Outdoors,Sports,after_col,L1,37,89,0.004848286757095386
Sports_and_Outdoors,Sports,after_col,L1,38,33,0.0017976793593724465
Sports_and_Outdoors,Sports,after_col,L1,39,83,0.004521435964482214
Sports_and_Outdoors,Sports,after_col,L1,40,86,0.0046848613607888
Sports_and_Outdoors,Sports,after_col,L1,41,50,0.0027237566051097673
Sports_and_Outdoors,Sports,after_col,L1,42,84,0.004575911096584409
Sports_and_Outdoors,Sports,after_col,L1,43,74,0.004031159775562456
Sports_and_Outdoors,Sports,after_col,L1,44,65,0.0035408835866426974
Sports_and_Outdoors,Sports,after_col,L1,45,43,0.0023424306803944
Sports_and_Outdoors,Sports,after_col,L1,46,45,0.0024513809445987906
Sports_and_Outdoors,Sports,after_col,L1,47,84,0.004575911096584409
Sports_and_Outdoors,Sports,after_col,L1,48,94,0.0051206624176063625
Sports_and_Outdoors,Sports,after_col,L1,49,103,0.005610938606526121
Sports_and_Outdoors,Sports,after_col,L1,50,100,0.005447513210219535
Sports_and_Outdoors,Sports,after_col,L1,51,100,0.005447513210219535
Sports_and_Outdoors,Sports,after_col,L1,52,54,0.002941657133518549
Sports_and_Outdoors,Sports,after_col,L1,53,50,0.0027237566051097673
Sports_and_Outdoors,Sports,after_col,L1,54,59,0.0032140327940295256
Sports_and_Outdoors,Sports,after_col,L1,55,60,0.0032685079261317207
Sports_and_Outdoors,Sports,after_col,L1,56,74,0.004031159775562456
Sports_and_Outdoors,Sports,after_col,L1,57,58,0.00315955766192733
Sports_and_Outdoors,Sports,after_col,L1,58,54,0.002941657133518549
Sports_and_Outdoors,Sports,after_col,L1,59,66,0.003595358718744893
Sports_and_Outdoors,Sports,after_col,L1,60,49,0.0026692814730075723
Sports_and_Outdoors,Sports,after_col,L1,61,107,0.005828839134934902
Sports_and_Outdoors,Sports,after_col,L1,62,89,0.004848286757095386
Sports_and_Outdoors,Sports,after_col,L1,63,66,0.003595358718744893
Sports_and_Outdoors,Sports,after_col,L1,64,48,0.0026148063409053767
Sports_and_Outdoors,Sports,after_col,L1,65,65,0.0035408835866426974
Sports_and_Outdoors,Sports,after_col,L1,66,57,0.0031050825298251346
Sports_and_Outdoors,Sports,after_col,L1,67,53,0.0028871820014163534
Sports_and_Outdoors,Sports,after_col,L1,68,78,0.004249060303971237
Sports_and_Outdoors,Sports,after_col,L1,69,96,0.0052296126818107535
Sports_and_Outdoors,Sports,after_col,L1,70,44,0.002396905812496595
Sports_and_Outdoors,Sports,after_col,L1,71,74,0.004031159775562456
Sports_and_Outdoors,Sports,after_col,L1,72,96,0.0052296126818107535
Sports_and_Outdoors,Sports,after_col,L1,73,49,0.0026692814730075723
Sports_and_Outdoors,Sports,after_col,L1,74,115,0.006264640191752465
Sports_and_Outdoors,Sports,after_col,L1,75,75,0.004085634907664651
Sports_and_Outdoors,Sports,after_col,L1,76,126,0.006863866644876614
Sports_and_Outdoors,Sports,after_col,L1,77,81,0.004412485700277823
Sports_and_Outdoors,Sports,after_col,L1,78,69,0.003758784115051479
Sports_and_Outdoors,Sports,after_col,L1,79,107,0.005828839134934902
Sports_and_Outdoors,Sports,after_col,L1,80,90,0.004902761889197581
Sports_and_Outdoors,Sports,after_col,L1,81,73,0.00397668464346026
Sports_and_Outdoors,Sports,after_col,L1,82,45,0.0024513809445987906
Sports_and_Outdoors,Sports,after_col,L1,83,68,0.0037043089829492835
Sports_and_Outdoors,Sports,after_col,L1,84,125,0.006809391512774418
Sports_and_Outdoors,Sports,after_col,L1,85,65,0.0035408835866426974
Sports_and_Outdoors,Sports,after_col,L1,86,75,0.004085634907664651
Sports_and_Outdoors,Sports,after_col,L1,87,74,0.004031159775562456
Sports_and_Outdoors,Sports,after_col,L1,88,39,0.0021245301519856184
Sports_and_Outdoors,Sports,after_col,L1,89,102,0.005556463474423926
Sports_and_Outdoors,Sports,after_col,L1,90,79,0.004303535436073432
Sports_and_Outdoors,Sports,after_col,L1,91,57,0.0031050825298251346
Sports_and_Outdoors,Sports,after_col,L1,92,62,0.0033774581903361117
Sports_and_Outdoors,Sports,after_col,L1,93,52,0.002832706869314158
Sports_and_Outdoors,Sports,after_col,L1,94,68,0.0037043089829492835
Sports_and_Outdoors,Sports,after_col,L1,95,55,0.002996132265620744
Sports_and_Outdoors,Sports,after_col,L1,96,66,0.003595358718744893
Sports_and_Outdoors,Sports,after_col,L1,97,99,0.005393038078117339
Sports_and_Outdoors,Sports,after_col,L1,98,39,0.0021245301519856184
Sports_and_Outdoors,Sports,after_col,L1,99,60,0.0032685079261317207
Sports_and_Outdoors,Sports,after_col,L1,100,97,0.005284087813912949
Sports_and_Outdoors,Sports,after_col,L1,101,50,0.0027237566051097673
Sports_and_Outdoors,Sports,after_col,L1,102,87,0.004739336492890996
Sports_and_Outdoors,Sports,after_col,L1,103,70,0.0038132592471536745
Sports_and_Outdoors,Sports,after_col,L1,104,93,0.005066187285504167
Sports_and_Outdoors,Sports,after_col,L1,105,85,0.004630386228686605
Sports_and_Outdoors,Sports,after_col,L1,106,62,0.0033774581903361117
Sports_and_Outdoors,Sports,after_col,L1,107,50,0.0027237566051097673
Sports_and_Outdoors,Sports,after_col,L1,108,98,0.0053385629460151445
Sports_and_Outdoors,Sports,after_col,L1,109,53,0.0028871820014163534
Sports_and_Outdoors,Sports,after_col,L1,110,68,0.0037043089829492835
Sports_and_Outdoors,Sports,after_col,L1,111,72,0.003922209511358065
Sports_and_Outdoors,Sports,after_col,L1,112,74,0.004031159775562456
Sports_and_Outdoors,Sports,after_col,L1,113,66,0.003595358718744893
Sports_and_Outdoors,Sports,after_col,L1,114,33,0.0017976793593724465
Sports_and_Outdoors,Sports,after_col,L1,115,73,0.00397668464346026
Sports_and_Outdoors,Sports,after_col,L1,116,93,0.005066187285504167
Sports_and_Outdoors,Sports,after_col,L1,117,79,0.004303535436073432
Sports_and_Outdoors,Sports,after_col,L1,118,50,0.0027237566051097673
Sports_and_Outdoors,Sports,after_col,L1,119,74,0.004031159775562456
Sports_and_Outdoors,Sports,after_col,L1,120,95,0.005175137549708558
Sports_and_Outdoors,Sports,after_col,L1,121,49,0.0026692814730075723
Sports_and_Outdoors,Sports,after_col,L1,122,55,0.002996132265620744
Sports_and_Outdoors,Sports,after_col,L1,123,74,0.004031159775562456
Sports_and_Outdoors,Sports,after_col,L1,124,88,0.00479381162499319
Sports_and_Outdoors,Sports,after_col,L1,125,120,0.006537015852263441
Sports_and_Outdoors,Sports,after_col,L1,126,69,0.003758784115051479
Sports_and_Outdoors,Sports,after_col,L1,127,60,0.0032685079261317207
Sports_and_Outdoors,Sports,after_col,L1,128,110,0.005992264531241488
Sports_and_Outdoors,Sports,after_col,L1,129,89,0.004848286757095386
Sports_and_Outdoors,Sports,after_col,L1,130,88,0.00479381162499319
Sports_and_Outdoors,Sports,after_col,L1,131,69,0.003758784115051479
Sports_and_Outdoors,Sports,after_col,L1,132,120,0.006537015852263441
Sports_and_Outdoors,Sports,after_col,L1,133,56,0.0030506073977229395
Sports_and_Outdoors,Sports,after_col,L1,134,73,0.00397668464346026
Sports_and_Outdoors,Sports,after_col,L1,135,49,0.0026692814730075723
Sports_and_Outdoors,Sports,after_col,L1,136,60,0.0032685079261317207
Sports_and_Outdoors,Sports,after_col,L1,137,55,0.002996132265620744
Sports_and_Outdoors,Sports,after_col,L1,138,44,0.002396905812496595
Sports_and_Outdoors,Sports,after_col,L1,139,66,0.003595358718744893
Sports_and_Outdoors,Sports,after_col,L1,140,73,0.00397668464346026
Sports_and_Outdoors,Sports,after_col,L1,141,53,0.0028871820014163534
Sports_and_Outdoors,Sports,after_col,L1,142,40,0.002179005284087814
Sports_and_Outdoors,Sports,after_col,L1,143,67,0.0036498338508470884
Sports_and_Outdoors,Sports,after_col,L1,144,29,0.001579778830963665
Sports_and_Outdoors,Sports,after_col,L1,145,92,0.005011712153401972
Sports_and_Outdoors,Sports,after_col,L1,146,77,0.004194585171869041
Sports_and_Outdoors,Sports,after_col,L1,147,62,0.0033774581903361117
Sports_and_Outdoors,Sports,after_col,L1,148,64,0.0034864084545405023
Sports_and_Outdoors,Sports,after_col,L1,149,45,0.0024513809445987906
Sports_and_Outdoors,Sports,after_col,L1,150,38,0.0020700550198834234
Sports_and_Outdoors,Sports,after_col,L1,151,72,0.003922209511358065
Sports_and_Outdoors,Sports,after_col,L1,152,60,0.0032685079261317207
Sports_and_Outdoors,Sports,after_col,L1,153,64,0.0034864084545405023
Sports_and_Outdoors,Sports,after_col,L1,154,79,0.004303535436073432
Sports_and_Outdoors,Sports,after_col,L1,155,59,0.0032140327940295256
Sports_and_Outdoors,Sports,after_col,L1,156,46,0.002505856076700986
Sports_and_Outdoors,Sports,after_col,L1,157,51,0.002778231737211963
Sports_and_Outdoors,Sports,after_col,L1,158,38,0.0020700550198834234
Sports_and_Outdoors,Sports,after_col,L1,159,51,0.002778231737211963
Sports_and_Outdoors,Sports,after_col,L1,160,53,0.0028871820014163534
Sports_and_Outdoors,Sports,after_col,L1,161,68,0.0037043089829492835
Sports_and_Outdoors,Sports,after_col,L1,162,58,0.00315955766192733
Sports_and_Outdoors,Sports,after_col,L1,163,59,0.0032140327940295256
Sports_and_Outdoors,Sports,after_col,L1,164,72,0.003922209511358065
Sports_and_Outdoors,Sports,after_col,L1,165,61,0.0033229830582339162
Sports_and_Outdoors,Sports,after_col,L1,166,89,0.004848286757095386
Sports_and_Outdoors,Sports,after_col,L1,167,46,0.002505856076700986
Sports_and_Outdoors,Sports,after_col,L1,168,93,0.005066187285504167
Sports_and_Outdoors,Sports,after_col,L1,169,75,0.004085634907664651
Sports_and_Outdoors,Sports,after_col,L1,170,57,0.0031050825298251346
Sports_and_Outdoors,Sports,after_col,L1,171,77,0.004194585171869041
Sports_and_Outdoors,Sports,after_col,L1,172,79,0.004303535436073432
Sports_and_Outdoors,Sports,after_col,L1,173,73,0.00397668464346026
Sports_and_Outdoors,Sports,after_col,L1,174,93,0.005066187285504167
Sports_and_Outdoors,Sports,after_col,L1,175,26,0.001416353434657079
Sports_and_Outdoors,Sports,after_col,L1,176,89,0.004848286757095386
Sports_and_Outdoors,Sports,after_col,L1,177,76,0.004140110039766847
Sports_and_Outdoors,Sports,after_col,L1,178,98,0.0053385629460151445
Sports_and_Outdoors,Sports,after_col,L1,179,76,0.004140110039766847
Sports_and_Outdoors,Sports,after_col,L1,180,72,0.003922209511358065
Sports_and_Outdoors,Sports,after_col,L1,181,68,0.0037043089829492835
Sports_and_Outdoors,Sports,after_col,L1,182,70,0.0038132592471536745
Sports_and_Outdoors,Sports,after_col,L1,183,62,0.0033774581903361117
Sports_and_Outdoors,Sports,after_col,L1,184,83,0.004521435964482214
Sports_and_Outdoors,Sports,after_col,L1,185,34,0.0018521544914746418
Sports_and_Outdoors,Sports,after_col,L1,186,71,0.0038677343792558696
Sports_and_Outdoors,Sports,after_col,L1,187,74,0.004031159775562456
Sports_and_Outdoors,Sports,after_col,L1,188,75,0.004085634907664651
Sports_and_Outdoors,Sports,after_col,L1,189,64,0.0034864084545405023
Sports_and_Outdoors,Sports,after_col,L1,190,73,0.00397668464346026
Sports_and_Outdoors,Sports,after_col,L1,191,51,0.002778231737211963
Sports_and_Outdoors,Sports,after_col,L1,192,68,0.0037043089829492835
Sports_and_Outdoors,Sports,after_col,L1,193,66,0.003595358718744893
Sports_and_Outdoors,Sports,after_col,L1,194,65,0.0035408835866426974
Sports_and_Outdoors,Sports,after_col,L1,195,90,0.004902761889197581
Sports_and_Outdoors,Sports,after_col,L1,196,86,0.0046848613607888
Sports_and_Outdoors,Sports,after_col,L1,197,50,0.0027237566051097673
Sports_and_Outdoors,Sports,after_col,L1,198,48,0.0026148063409053767
Sports_and_Outdoors,Sports,after_col,L1,199,80,0.004358010568175628
Sports_and_Outdoors,Sports,after_col,L1,200,102,0.005556463474423926
Sports_and_Outdoors,Sports,after_col,L1,201,61,0.0033229830582339162
Sports_and_Outdoors,Sports,after_col,L1,202,58,0.00315955766192733
Sports_and_Outdoors,Sports,after_col,L1,203,51,0.002778231737211963
Sports_and_Outdoors,Sports,after_col,L1,204,87,0.004739336492890996
Sports_and_Outdoors,Sports,after_col,L1,205,75,0.004085634907664651
Sports_and_Outdoors,Sports,after_col,L1,206,70,0.0038132592471536745
Sports_and_Outdoors,Sports,after_col,L1,207,56,0.0030506073977229395
Sports_and_Outdoors,Sports,after_col,L1,208,44,0.002396905812496595
Sports_and_Outdoors,Sports,after_col,L1,209,68,0.0037043089829492835
Sports_and_Outdoors,Sports,after_col,L1,210,84,0.004575911096584409
Sports_and_Outdoors,Sports,after_col,L1,211,122,0.0066459661164678325
Sports_and_Outdoors,Sports,after_col,L1,212,126,0.006863866644876614
Sports_and_Outdoors,Sports,after_col,L1,213,68,0.0037043089829492835
Sports_and_Outdoors,Sports,after_col,L1,214,36,0.0019611047556790323
Sports_and_Outdoors,Sports,after_col,L1,215,73,0.00397668464346026
Sports_and_Outdoors,Sports,after_col,L1,216,73,0.00397668464346026
Sports_and_Outdoors,Sports,after_col,L1,217,65,0.0035408835866426974
Sports_and_Outdoors,Sports,after_col,L1,218,95,0.005175137549708558
Sports_and_Outdoors,Sports,after_col,L1,219,38,0.0020700550198834234
Sports_and_Outdoors,Sports,after_col,L1,220,105,0.005719888870730511
Sports_and_Outdoors,Sports,after_col,L1,221,101,0.00550198834232173
Sports_and_Outdoors,Sports,after_col,L1,222,68,0.0037043089829492835
Sports_and_Outdoors,Sports,after_col,L1,223,56,0.0030506073977229395
Sports_and_Outdoors,Sports,after_col,L1,224,106,0.005774364002832707
Sports_and_Outdoors,Sports,after_col,L1,225,95,0.005175137549708558
Sports_and_Outdoors,Sports,after_col,L1,226,56,0.0030506073977229395
Sports_and_Outdoors,Sports,after_col,L1,227,55,0.002996132265620744
Sports_and_Outdoors,Sports,after_col,L1,228,50,0.0027237566051097673
Sports_and_Outdoors,Sports,after_col,L1,229,63,0.003431933322438307
Sports_and_Outdoors,Sports,after_col,L1,230,62,0.0033774581903361117
Sports_and_Outdoors,Sports,after_col,L1,231,72,0.003922209511358065
Sports_and_Outdoors,Sports,after_col,L1,232,64,0.0034864084545405023
Sports_and_Outdoors,Sports,after_col,L1,233,392,0.021354251784060578
Sports_and_Outdoors,Sports,after_col,L1,234,72,0.003922209511358065
Sports_and_Outdoors,Sports,after_col,L1,235,46,0.002505856076700986
Sports_and_Outdoors,Sports,after_col,L1,236,108,0.005883314267037098
Sports_and_Outdoors,Sports,after_col,L1,237,69,0.003758784115051479
Sports_and_Outdoors,Sports,after_col,L1,238,63,0.003431933322438307
Sports_and_Outdoors,Sports,after_col,L1,239,57,0.0031050825298251346
Sports_and_Outdoors,Sports,after_col,L1,240,60,0.0032685079261317207
Sports_and_Outdoors,Sports,after_col,L1,241,57,0.0031050825298251346
Sports_and_Outdoors,Sports,after_col,L1,242,64,0.0034864084545405023
Sports_and_Outdoors,Sports,after_col,L1,243,89,0.004848286757095386
Sports_and_Outdoors,Sports,after_col,L1,244,96,0.0052296126818107535
Sports_and_Outdoors,Sports,after_col,L1,245,50,0.0027237566051097673
Sports_and_Outdoors,Sports,after_col,L1,246,49,0.0026692814730075723
Sports_and_Outdoors,Sports,after_col,L1,247,64,0.0034864084545405023
Sports_and_Outdoors,Sports,after_col,L1,248,51,0.002778231737211963
Sports_and_Outdoors,Sports,after_col,L1,249,43,0.0023424306803944
Sports_and_Outdoors,Sports,after_col,L1,250,60,0.0032685079261317207
Sports_and_Outdoors,Sports,after_col,L1,251,76,0.004140110039766847
Sports_and_Outdoors,Sports,after_col,L1,252,124,0.0067549163806722235
Sports_and_Outdoors,Sports,after_col,L1,253,59,0.0032140327940295256
Sports_and_Outdoors,Sports,after_col,L1,254,73,0.00397668464346026
Sports_and_Outdoors,Sports,after_col,L1,255,55,0.002996132265620744
Sports_and_Outdoors,Sports,after_col,L2,0,85,0.004630386228686605
Sports_and_Outdoors,Sports,after_col,L2,1,76,0.004140110039766847
Sports_and_Outdoors,Sports,after_col,L2,2,82,0.004466960832380019
Sports_and_Outdoors,Sports,after_col,L2,3,79,0.004303535436073432
Sports_and_Outdoors,Sports,after_col,L2,4,41,0.0022334804161900095
Sports_and_Outdoors,Sports,after_col,L2,5,148,0.008062319551124911
Sports_and_Outdoors,Sports,after_col,L2,6,62,0.0033774581903361117
Sports_and_Outdoors,Sports,after_col,L2,7,61,0.0033229830582339162
Sports_and_Outdoors,Sports,after_col,L2,8,70,0.0038132592471536745
Sports_and_Outdoors,Sports,after_col,L2,9,49,0.0026692814730075723
Sports_and_Outdoors,Sports,after_col,L2,10,65,0.0035408835866426974
Sports_and_Outdoors,Sports,after_col,L2,11,96,0.0052296126818107535
Sports_and_Outdoors,Sports,after_col,L2,12,97,0.005284087813912949
Sports_and_Outdoors,Sports,after_col,L2,13,78,0.004249060303971237
Sports_and_Outdoors,Sports,after_col,L2,14,57,0.0031050825298251346
Sports_and_Outdoors,Sports,after_col,L2,15,55,0.002996132265620744
Sports_and_Outdoors,Sports,after_col,L2,16,54,0.002941657133518549
Sports_and_Outdoors,Sports,after_col,L2,17,76,0.004140110039766847
Sports_and_Outdoors,Sports,after_col,L2,18,73,0.00397668464346026
Sports_and_Outdoors,Sports,after_col,L2,19,92,0.005011712153401972
Sports_and_Outdoors,Sports,after_col,L2,20,61,0.0033229830582339162
Sports_and_Outdoors,Sports,after_col,L2,21,73,0.00397668464346026
Sports_and_Outdoors,Sports,after_col,L2,22,75,0.004085634907664651
Sports_and_Outdoors,Sports,after_col,L2,23,98,0.0053385629460151445
Sports_and_Outdoors,Sports,after_col,L2,24,54,0.002941657133518549
Sports_and_Outdoors,Sports,after_col,L2,25,45,0.0024513809445987906
Sports_and_Outdoors,Sports,after_col,L2,26,57,0.0031050825298251346
Sports_and_Outdoors,Sports,after_col,L2,27,72,0.003922209511358065
Sports_and_Outdoors,Sports,after_col,L2,28,61,0.0033229830582339162
Sports_and_Outdoors,Sports,after_col,L2,29,76,0.004140110039766847
Sports_and_Outdoors,Sports,after_col,L2,30,87,0.004739336492890996
Sports_and_Outdoors,Sports,after_col,L2,31,82,0.004466960832380019
Sports_and_Outdoors,Sports,after_col,L2,32,82,0.004466960832380019
Sports_and_Outdoors,Sports,after_col,L2,33,61,0.0033229830582339162
Sports_and_Outdoors,Sports,after_col,L2,34,99,0.005393038078117339
Sports_and_Outdoors,Sports,after_col,L2,35,117,0.006373590455956856
Sports_and_Outdoors,Sports,after_col,L2,36,78,0.004249060303971237
Sports_and_Outdoors,Sports,after_col,L2,37,57,0.0031050825298251346
Sports_and_Outdoors,Sports,after_col,L2,38,73,0.00397668464346026
Sports_and_Outdoors,Sports,after_col,L2,39,76,0.004140110039766847
Sports_and_Outdoors,Sports,after_col,L2,40,38,0.0020700550198834234
Sports_and_Outdoors,Sports,after_col,L2,41,68,0.0037043089829492835
Sports_and_Outdoors,Sports,after_col,L2,42,87,0.004739336492890996
Sports_and_Outdoors,Sports,after_col,L2,43,50,0.0027237566051097673
Sports_and_Outdoors,Sports,after_col,L2,44,72,0.003922209511358065
Sports_and_Outdoors,Sports,after_col,L2,45,59,0.0032140327940295256
Sports_and_Outdoors,Sports,after_col,L2,46,62,0.0033774581903361117
Sports_and_Outdoors,Sports,after_col,L2,47,70,0.0038132592471536745
Sports_and_Outdoors,Sports,after_col,L2,48,83,0.004521435964482214
Sports_and_Outdoors,Sports,after_col,L2,49,59,0.0032140327940295256
Sports_and_Outdoors,Sports,after_col,L2,50,55,0.002996132265620744
Sports_and_Outdoors,Sports,after_col,L2,51,64,0.0034864084545405023
Sports_and_Outdoors,Sports,after_col,L2,52,63,0.003431933322438307
Sports_and_Outdoors,Sports,after_col,L2,53,57,0.0031050825298251346
Sports_and_Outdoors,Sports,after_col,L2,54,70,0.0038132592471536745
Sports_and_Outdoors,Sports,after_col,L2,55,63,0.003431933322438307
Sports_and_Outdoors,Sports,after_col,L2,56,70,0.0038132592471536745
Sports_and_Outdoors,Sports,after_col,L2,57,58,0.00315955766192733
Sports_and_Outdoors,Sports,after_col,L2,58,66,0.003595358718744893
Sports_and_Outdoors,Sports,after_col,L2,59,84,0.004575911096584409
Sports_and_Outdoors,Sports,after_col,L2,60,51,0.002778231737211963
Sports_and_Outdoors,Sports,after_col,L2,61,64,0.0034864084545405023
Sports_and_Outdoors,Sports,after_col,L2,62,82,0.004466960832380019
Sports_and_Outdoors,Sports,after_col,L2,63,62,0.0033774581903361117
Sports_and_Outdoors,Sports,after_col,L2,64,43,0.0023424306803944
Sports_and_Outdoors,Sports,after_col,L2,65,61,0.0033229830582339162
Sports_and_Outdoors,Sports,after_col,L2,66,137,0.0074630930980007625
Sports_and_Outdoors,Sports,after_col,L2,67,67,0.0036498338508470884
Sports_and_Outdoors,Sports,after_col,L2,68,64,0.0034864084545405023
Sports_and_Outdoors,Sports,after_col,L2,69,60,0.0032685079261317207
Sports_and_Outdoors,Sports,after_col,L2,70,93,0.005066187285504167
Sports_and_Outdoors,Sports,after_col,L2,71,70,0.0038132592471536745
Sports_and_Outdoors,Sports,after_col,L2,72,86,0.0046848613607888
Sports_and_Outdoors,Sports,after_col,L2,73,53,0.0028871820014163534
Sports_and_Outdoors,Sports,after_col,L2,74,72,0.003922209511358065
Sports_and_Outdoors,Sports,after_col,L2,75,84,0.004575911096584409
Sports_and_Outdoors,Sports,after_col,L2,76,81,0.004412485700277823
Sports_and_Outdoors,Sports,after_col,L2,77,73,0.00397668464346026
Sports_and_Outdoors,Sports,after_col,L2,78,83,0.004521435964482214
Sports_and_Outdoors,Sports,after_col,L2,79,89,0.004848286757095386
Sports_and_Outdoors,Sports,after_col,L2,80,78,0.004249060303971237
Sports_and_Outdoors,Sports,after_col,L2,81,114,0.006210165059650269
Sports_and_Outdoors,Sports,after_col,L2,82,70,0.0038132592471536745
Sports_and_Outdoors,Sports,after_col,L2,83,89,0.004848286757095386
Sports_and_Outdoors,Sports,after_col,L2,84,70,0.0038132592471536745
Sports_and_Outdoors,Sports,after_col,L2,85,102,0.005556463474423926
Sports_and_Outdoors,Sports,after_col,L2,86,74,0.004031159775562456
Sports_and_Outdoors,Sports,after_col,L2,87,62,0.0033774581903361117
Sports_and_Outdoors,Sports,after_col,L2,88,64,0.0034864084545405023
Sports_and_Outdoors,Sports,after_col,L2,89,68,0.0037043089829492835
Sports_and_Outdoors,Sports,after_col,L2,90,66,0.003595358718744893
Sports_and_Outdoors,Sports,after_col,L2,91,74,0.004031159775562456
Sports_and_Outdoors,Sports,after_col,L2,92,60,0.0032685079261317207
Sports_and_Outdoors,Sports,after_col,L2,93,64,0.0034864084545405023
Sports_and_Outdoors,Sports,after_col,L2,94,70,0.0038132592471536745
Sports_and_Outdoors,Sports,after_col,L2,95,64,0.0034864084545405023
Sports_and_Outdoors,Sports,after_col,L2,96,69,0.003758784115051479
Sports_and_Outdoors,Sports,after_col,L2,97,93,0.005066187285504167
Sports_and_Outdoors,Sports,after_col,L2,98,76,0.004140110039766847
Sports_and_Outdoors,Sports,after_col,L2,99,59,0.0032140327940295256
Sports_and_Outdoors,Sports,after_col,L2,100,98,0.0053385629460151445
Sports_and_Outdoors,Sports,after_col,L2,101,46,0.002505856076700986
Sports_and_Outdoors,Sports,after_col,L2,102,78,0.004249060303971237
Sports_and_Outdoors,Sports,after_col,L2,103,56,0.0030506073977229395
Sports_and_Outdoors,Sports,after_col,L2,104,86,0.0046848613607888
Sports_and_Outdoors,Sports,after_col,L2,105,81,0.004412485700277823
Sports_and_Outdoors,Sports,after_col,L2,106,68,0.0037043089829492835
Sports_and_Outdoors,Sports,after_col,L2,107,102,0.005556463474423926
Sports_and_Outdoors,Sports,after_col,L2,108,62,0.0033774581903361117
Sports_and_Outdoors,Sports,after_col,L2,109,65,0.0035408835866426974
Sports_and_Outdoors,Sports,after_col,L2,110,68,0.0037043089829492835
Sports_and_Outdoors,Sports,after_col,L2,111,50,0.0027237566051097673
Sports_and_Outdoors,Sports,after_col,L2,112,57,0.0031050825298251346
Sports_and_Outdoors,Sports,after_col,L2,113,57,0.0031050825298251346
Sports_and_Outdoors,Sports,after_col,L2,114,58,0.00315955766192733
Sports_and_Outdoors,Sports,after_col,L2,115,93,0.005066187285504167
Sports_and_Outdoors,Sports,after_col,L2,116,65,0.0035408835866426974
Sports_and_Outdoors,Sports,after_col,L2,117,112,0.006101214795445879
Sports_and_Outdoors,Sports,after_col,L2,118,61,0.0033229830582339162
Sports_and_Outdoors,Sports,after_col,L2,119,71,0.0038677343792558696
Sports_and_Outdoors,Sports,after_col,L2,120,66,0.003595358718744893
Sports_and_Outdoors,Sports,after_col,L2,121,89,0.004848286757095386
Sports_and_Outdoors,Sports,after_col,L2,122,84,0.004575911096584409
Sports_and_Outdoors,Sports,after_col,L2,123,64,0.0034864084545405023
Sports_and_Outdoors,Sports,after_col,L2,124,69,0.003758784115051479
Sports_and_Outdoors,Sports,after_col,L2,125,57,0.0031050825298251346
Sports_and_Outdoors,Sports,after_col,L2,126,78,0.004249060303971237
Sports_and_Outdoors,Sports,after_col,L2,127,75,0.004085634907664651
Sports_and_Outdoors,Sports,after_col,L2,128,59,0.0032140327940295256
Sports_and_Outdoors,Sports,after_col,L2,129,78,0.004249060303971237
Sports_and_Outdoors,Sports,after_col,L2,130,96,0.0052296126818107535
Sports_and_Outdoors,Sports,after_col,L2,131,88,0.00479381162499319
Sports_and_Outdoors,Sports,after_col,L2,132,48,0.0026148063409053767
Sports_and_Outdoors,Sports,after_col,L2,133,76,0.004140110039766847
Sports_and_Outdoors,Sports,after_col,L2,134,77,0.004194585171869041
Sports_and_Outdoors,Sports,after_col,L2,135,82,0.004466960832380019
Sports_and_Outdoors,Sports,after_col,L2,136,71,0.0038677343792558696
Sports_and_Outdoors,Sports,after_col,L2,137,52,0.002832706869314158
Sports_and_Outdoors,Sports,after_col,L2,138,59,0.0032140327940295256
Sports_and_Outdoors,Sports,after_col,L2,139,63,0.003431933322438307
Sports_and_Outdoors,Sports,after_col,L2,140,46,0.002505856076700986
Sports_and_Outdoors,Sports,after_col,L2,141,64,0.0034864084545405023
Sports_and_Outdoors,Sports,after_col,L2,142,65,0.0035408835866426974
Sports_and_Outdoors,Sports,after_col,L2,143,43,0.0023424306803944
Sports_and_Outdoors,Sports,after_col,L2,144,99,0.005393038078117339
Sports_and_Outdoors,Sports,after_col,L2,145,64,0.0034864084545405023
Sports_and_Outdoors,Sports,after_col,L2,146,69,0.003758784115051479
Sports_and_Outdoors,Sports,after_col,L2,147,108,0.005883314267037098
Sports_and_Outdoors,Sports,after_col,L2,148,93,0.005066187285504167
Sports_and_Outdoors,Sports,after_col,L2,149,73,0.00397668464346026
Sports_and_Outdoors,Sports,after_col,L2,150,62,0.0033774581903361117
Sports_and_Outdoors,Sports,after_col,L2,151,57,0.0031050825298251346
Sports_and_Outdoors,Sports,after_col,L2,152,56,0.0030506073977229395
Sports_and_Outdoors,Sports,after_col,L2,153,70,0.0038132592471536745
Sports_and_Outdoors,Sports,after_col,L2,154,76,0.004140110039766847
Sports_and_Outdoors,Sports,after_col,L2,155,82,0.004466960832380019
Sports_and_Outdoors,Sports,after_col,L2,156,61,0.0033229830582339162
Sports_and_Outdoors,Sports,after_col,L2,157,75,0.004085634907664651
Sports_and_Outdoors,Sports,after_col,L2,158,64,0.0034864084545405023
Sports_and_Outdoors,Sports,after_col,L2,159,66,0.003595358718744893
Sports_and_Outdoors,Sports,after_col,L2,160,76,0.004140110039766847
Sports_and_Outdoors,Sports,after_col,L2,161,74,0.004031159775562456
Sports_and_Outdoors,Sports,after_col,L2,162,89,0.004848286757095386
Sports_and_Outdoors,Sports,after_col,L2,163,55,0.002996132265620744
Sports_and_Outdoors,Sports,after_col,L2,164,57,0.0031050825298251346
Sports_and_Outdoors,Sports,after_col,L2,165,73,0.00397668464346026
Sports_and_Outdoors,Sports,after_col,L2,166,58,0.00315955766192733
Sports_and_Outdoors,Sports,after_col,L2,167,68,0.0037043089829492835
Sports_and_Outdoors,Sports,after_col,L2,168,49,0.0026692814730075723
Sports_and_Outdoors,Sports,after_col,L2,169,57,0.0031050825298251346
Sports_and_Outdoors,Sports,after_col,L2,170,57,0.0031050825298251346
Sports_and_Outdoors,Sports,after_col,L2,171,76,0.004140110039766847
Sports_and_Outdoors,Sports,after_col,L2,172,82,0.004466960832380019
Sports_and_Outdoors,Sports,after_col,L2,173,83,0.004521435964482214
Sports_and_Outdoors,Sports,after_col,L2,174,84,0.004575911096584409
Sports_and_Outdoors,Sports,after_col,L2,175,75,0.004085634907664651
Sports_and_Outdoors,Sports,after_col,L2,176,74,0.004031159775562456
Sports_and_Outdoors,Sports,after_col,L2,177,40,0.002179005284087814
Sports_and_Outdoors,Sports,after_col,L2,178,72,0.003922209511358065
Sports_and_Outdoors,Sports,after_col,L2,179,60,0.0032685079261317207
Sports_and_Outdoors,Sports,after_col,L2,180,62,0.0033774581903361117
Sports_and_Outdoors,Sports,after_col,L2,181,79,0.004303535436073432
Sports_and_Outdoors,Sports,after_col,L2,182,87,0.004739336492890996
Sports_and_Outdoors,Sports,after_col,L2,183,83,0.004521435964482214
Sports_and_Outdoors,Sports,after_col,L2,184,92,0.005011712153401972
Sports_and_Outdoors,Sports,after_col,L2,185,73,0.00397668464346026
Sports_and_Outdoors,Sports,after_col,L2,186,41,0.0022334804161900095
Sports_and_Outdoors,Sports,after_col,L2,187,69,0.003758784115051479
Sports_and_Outdoors,Sports,after_col,L2,188,77,0.004194585171869041
Sports_and_Outdoors,Sports,after_col,L2,189,57,0.0031050825298251346
Sports_and_Outdoors,Sports,after_col,L2,190,79,0.004303535436073432
Sports_and_Outdoors,Sports,after_col,L2,191,87,0.004739336492890996
Sports_and_Outdoors,Sports,after_col,L2,192,58,0.00315955766192733
Sports_and_Outdoors,Sports,after_col,L2,193,65,0.0035408835866426974
Sports_and_Outdoors,Sports,after_col,L2,194,82,0.004466960832380019
Sports_and_Outdoors,Sports,after_col,L2,195,74,0.004031159775562456
Sports_and_Outdoors,Sports,after_col,L2,196,79,0.004303535436073432
Sports_and_Outdoors,Sports,after_col,L2,197,94,0.0051206624176063625
Sports_and_Outdoors,Sports,after_col,L2,198,85,0.004630386228686605
Sports_and_Outdoors,Sports,after_col,L2,199,73,0.00397668464346026
Sports_and_Outdoors,Sports,after_col,L2,200,72,0.003922209511358065
Sports_and_Outdoors,Sports,after_col,L2,201,51,0.002778231737211963
Sports_and_Outdoors,Sports,after_col,L2,202,56,0.0030506073977229395
Sports_and_Outdoors,Sports,after_col,L2,203,68,0.0037043089829492835
Sports_and_Outdoors,Sports,after_col,L2,204,107,0.005828839134934902
Sports_and_Outdoors,Sports,after_col,L2,205,71,0.0038677343792558696
Sports_and_Outdoors,Sports,after_col,L2,206,94,0.0051206624176063625
Sports_and_Outdoors,Sports,after_col,L2,207,92,0.005011712153401972
Sports_and_Outdoors,Sports,after_col,L2,208,83,0.004521435964482214
Sports_and_Outdoors,Sports,after_col,L2,209,38,0.0020700550198834234
Sports_and_Outdoors,Sports,after_col,L2,210,103,0.005610938606526121
Sports_and_Outdoors,Sports,after_col,L2,211,86,0.0046848613607888
Sports_and_Outdoors,Sports,after_col,L2,212,75,0.004085634907664651
Sports_and_Outdoors,Sports,after_col,L2,213,72,0.003922209511358065
Sports_and_Outdoors,Sports,after_col,L2,214,66,0.003595358718744893
Sports_and_Outdoors,Sports,after_col,L2,215,73,0.00397668464346026
Sports_and_Outdoors,Sports,after_col,L2,216,81,0.004412485700277823
Sports_and_Outdoors,Sports,after_col,L2,217,46,0.002505856076700986
Sports_and_Outdoors,Sports,after_col,L2,218,102,0.005556463474423926
Sports_and_Outdoors,Sports,after_col,L2,219,68,0.0037043089829492835
Sports_and_Outdoors,Sports,after_col,L2,220,65,0.0035408835866426974
Sports_and_Outdoors,Sports,after_col,L2,221,82,0.004466960832380019
Sports_and_Outdoors,Sports,after_col,L2,222,87,0.004739336492890996
Sports_and_Outdoors,Sports,after_col,L2,223,64,0.0034864084545405023
Sports_and_Outdoors,Sports,after_col,L2,224,86,0.0046848613607888
Sports_and_Outdoors,Sports,after_col,L2,225,55,0.002996132265620744
Sports_and_Outdoors,Sports,after_col,L2,226,68,0.0037043089829492835
Sports_and_Outdoors,Sports,after_col,L2,227,82,0.004466960832380019
Sports_and_Outdoors,Sports,after_col,L2,228,83,0.004521435964482214
Sports_and_Outdoors,Sports,after_col,L2,229,39,0.0021245301519856184
Sports_and_Outdoors,Sports,after_col,L2,230,78,0.004249060303971237
Sports_and_Outdoors,Sports,after_col,L2,231,59,0.0032140327940295256
Sports_and_Outdoors,Sports,after_col,L2,232,68,0.0037043089829492835
Sports_and_Outdoors,Sports,after_col,L2,233,60,0.0032685079261317207
Sports_and_Outdoors,Sports,after_col,L2,234,86,0.0046848613607888
Sports_and_Outdoors,Sports,after_col,L2,235,56,0.0030506073977229395
Sports_and_Outdoors,Sports,after_col,L2,236,46,0.002505856076700986
Sports_and_Outdoors,Sports,after_col,L2,237,63,0.003431933322438307
Sports_and_Outdoors,Sports,after_col,L2,238,56,0.0030506073977229395
Sports_and_Outdoors,Sports,after_col,L2,239,60,0.0032685079261317207
Sports_and_Outdoors,Sports,after_col,L2,240,61,0.0033229830582339162
Sports_and_Outdoors,Sports,after_col,L2,241,64,0.0034864084545405023
Sports_and_Outdoors,Sports,after_col,L2,242,56,0.0030506073977229395
Sports_and_Outdoors,Sports,after_col,L2,243,84,0.004575911096584409
Sports_and_Outdoors,Sports,after_col,L2,244,73,0.00397668464346026
Sports_and_Outdoors,Sports,after_col,L2,245,86,0.0046848613607888
Sports_and_Outdoors,Sports,after_col,L2,246,67,0.0036498338508470884
Sports_and_Outdoors,Sports,after_col,L2,247,48,0.0026148063409053767
Sports_and_Outdoors,Sports,after_col,L2,248,63,0.003431933322438307
Sports_and_Outdoors,Sports,after_col,L2,249,68,0.0037043089829492835
Sports_and_Outdoors,Sports,after_col,L2,250,56,0.0030506073977229395
Sports_and_Outdoors,Sports,after_col,L2,251,61,0.0033229830582339162
Sports_and_Outdoors,Sports,after_col,L2,252,144,0.00784441902271613
Sports_and_Outdoors,Sports,after_col,L2,253,55,0.002996132265620744
Sports_and_Outdoors,Sports,after_col,L2,254,81,0.004412485700277823
Sports_and_Outdoors,Sports,after_col,L2,255,91,0.004957237021299777
Sports_and_Outdoors,Sports,after_col,L3,0,68,0.0037043089829492835
Sports_and_Outdoors,Sports,after_col,L3,1,78,0.004249060303971237
Sports_and_Outdoors,Sports,after_col,L3,2,86,0.0046848613607888
Sports_and_Outdoors,Sports,after_col,L3,3,65,0.0035408835866426974
Sports_and_Outdoors,Sports,after_col,L3,4,65,0.0035408835866426974
Sports_and_Outdoors,Sports,after_col,L3,5,78,0.004249060303971237
Sports_and_Outdoors,Sports,after_col,L3,6,75,0.004085634907664651
Sports_and_Outdoors,Sports,after_col,L3,7,69,0.003758784115051479
Sports_and_Outdoors,Sports,after_col,L3,8,54,0.002941657133518549
Sports_and_Outdoors,Sports,after_col,L3,9,67,0.0036498338508470884
Sports_and_Outdoors,Sports,after_col,L3,10,62,0.0033774581903361117
Sports_and_Outdoors,Sports,after_col,L3,11,76,0.004140110039766847
Sports_and_Outdoors,Sports,after_col,L3,12,63,0.003431933322438307
Sports_and_Outdoors,Sports,after_col,L3,13,74,0.004031159775562456
Sports_and_Outdoors,Sports,after_col,L3,14,73,0.00397668464346026
Sports_and_Outdoors,Sports,after_col,L3,15,82,0.004466960832380019
Sports_and_Outdoors,Sports,after_col,L3,16,65,0.0035408835866426974
Sports_and_Outdoors,Sports,after_col,L3,17,57,0.0031050825298251346
Sports_and_Outdoors,Sports,after_col,L3,18,58,0.00315955766192733
Sports_and_Outdoors,Sports,after_col,L3,19,72,0.003922209511358065
Sports_and_Outdoors,Sports,after_col,L3,20,80,0.004358010568175628
Sports_and_Outdoors,Sports,after_col,L3,21,68,0.0037043089829492835
Sports_and_Outdoors,Sports,after_col,L3,22,58,0.00315955766192733
Sports_and_Outdoors,Sports,after_col,L3,23,80,0.004358010568175628
Sports_and_Outdoors,Sports,after_col,L3,24,69,0.003758784115051479
Sports_and_Outdoors,Sports,after_col,L3,25,63,0.003431933322438307
Sports_and_Outdoors,Sports,after_col,L3,26,76,0.004140110039766847
Sports_and_Outdoors,Sports,after_col,L3,27,95,0.005175137549708558
Sports_and_Outdoors,Sports,after_col,L3,28,79,0.004303535436073432
Sports_and_Outdoors,Sports,after_col,L3,29,74,0.004031159775562456
Sports_and_Outdoors,Sports,after_col,L3,30,74,0.004031159775562456
Sports_and_Outdoors,Sports,after_col,L3,31,79,0.004303535436073432
Sports_and_Outdoors,Sports,after_col,L3,32,79,0.004303535436073432
Sports_and_Outdoors,Sports,after_col,L3,33,69,0.003758784115051479
Sports_and_Outdoors,Sports,after_col,L3,34,52,0.002832706869314158
Sports_and_Outdoors,Sports,after_col,L3,35,67,0.0036498338508470884
Sports_and_Outdoors,Sports,after_col,L3,36,64,0.0034864084545405023
Sports_and_Outdoors,Sports,after_col,L3,37,62,0.0033774581903361117
Sports_and_Outdoors,Sports,after_col,L3,38,76,0.004140110039766847
Sports_and_Outdoors,Sports,after_col,L3,39,70,0.0038132592471536745
Sports_and_Outdoors,Sports,after_col,L3,40,74,0.004031159775562456
Sports_and_Outdoors,Sports,after_col,L3,41,57,0.0031050825298251346
Sports_and_Outdoors,Sports,after_col,L3,42,76,0.004140110039766847
Sports_and_Outdoors,Sports,after_col,L3,43,76,0.004140110039766847
Sports_and_Outdoors,Sports,after_col,L3,44,60,0.0032685079261317207
Sports_and_Outdoors,Sports,after_col,L3,45,59,0.0032140327940295256
Sports_and_Outdoors,Sports,after_col,L3,46,69,0.003758784115051479
Sports_and_Outdoors,Sports,after_col,L3,47,61,0.0033229830582339162
Sports_and_Outdoors,Sports,after_col,L3,48,82,0.004466960832380019
Sports_and_Outdoors,Sports,after_col,L3,49,72,0.003922209511358065
Sports_and_Outdoors,Sports,after_col,L3,50,66,0.003595358718744893
Sports_and_Outdoors,Sports,after_col,L3,51,78,0.004249060303971237
Sports_and_Outdoors,Sports,after_col,L3,52,82,0.004466960832380019
Sports_and_Outdoors,Sports,after_col,L3,53,58,0.00315955766192733
Sports_and_Outdoors,Sports,after_col,L3,54,81,0.004412485700277823
Sports_and_Outdoors,Sports,after_col,L3,55,73,0.00397668464346026
Sports_and_Outdoors,Sports,after_col,L3,56,59,0.0032140327940295256
Sports_and_Outdoors,Sports,after_col,L3,57,62,0.0033774581903361117
Sports_and_Outdoors,Sports,after_col,L3,58,57,0.0031050825298251346
Sports_and_Outdoors,Sports,after_col,L3,59,83,0.004521435964482214
Sports_and_Outdoors,Sports,after_col,L3,60,51,0.002778231737211963
Sports_and_Outdoors,Sports,after_col,L3,61,80,0.004358010568175628
Sports_and_Outdoors,Sports,after_col,L3,62,82,0.004466960832380019
Sports_and_Outdoors,Sports,after_col,L3,63,71,0.0038677343792558696
Sports_and_Outdoors,Sports,after_col,L3,64,57,0.0031050825298251346
Sports_and_Outdoors,Sports,after_col,L3,65,95,0.005175137549708558
Sports_and_Outdoors,Sports,after_col,L3,66,69,0.003758784115051479
Sports_and_Outdoors,Sports,after_col,L3,67,59,0.0032140327940295256
Sports_and_Outdoors,Sports,after_col,L3,68,82,0.004466960832380019
Sports_and_Outdoors,Sports,after_col,L3,69,62,0.0033774581903361117
Sports_and_Outdoors,Sports,after_col,L3,70,82,0.004466960832380019
Sports_and_Outdoors,Sports,after_col,L3,71,70,0.0038132592471536745
Sports_and_Outdoors,Sports,after_col,L3,72,62,0.0033774581903361117
Sports_and_Outdoors,Sports,after_col,L3,73,84,0.004575911096584409
Sports_and_Outdoors,Sports,after_col,L3,74,75,0.004085634907664651
Sports_and_Outdoors,Sports,after_col,L3,75,88,0.00479381162499319
Sports_and_Outdoors,Sports,after_col,L3,76,76,0.004140110039766847
Sports_and_Outdoors,Sports,after_col,L3,77,94,0.0051206624176063625
Sports_and_Outdoors,Sports,after_col,L3,78,71,0.0038677343792558696
Sports_and_Outdoors,Sports,after_col,L3,79,50,0.0027237566051097673
Sports_and_Outdoors,Sports,after_col,L3,80,101,0.00550198834232173
Sports_and_Outdoors,Sports,after_col,L3,81,73,0.00397668464346026
Sports_and_Outdoors,Sports,after_col,L3,82,80,0.004358010568175628
Sports_and_Outdoors,Sports,after_col,L3,83,52,0.002832706869314158
Sports_and_Outdoors,Sports,after_col,L3,84,86,0.0046848613607888
Sports_and_Outdoors,Sports,after_col,L3,85,81,0.004412485700277823
Sports_and_Outdoors,Sports,after_col,L3,86,65,0.0035408835866426974
Sports_and_Outdoors,Sports,after_col,L3,87,57,0.0031050825298251346
Sports_and_Outdoors,Sports,after_col,L3,88,87,0.004739336492890996
Sports_and_Outdoors,Sports,after_col,L3,89,70,0.0038132592471536745
Sports_and_Outdoors,Sports,after_col,L3,90,91,0.004957237021299777
Sports_and_Outdoors,Sports,after_col,L3,91,53,0.0028871820014163534
Sports_and_Outdoors,Sports,after_col,L3,92,80,0.004358010568175628
Sports_and_Outdoors,Sports,after_col,L3,93,87,0.004739336492890996
Sports_and_Outdoors,Sports,after_col,L3,94,81,0.004412485700277823
Sports_and_Outdoors,Sports,after_col,L3,95,60,0.0032685079261317207
Sports_and_Outdoors,Sports,after_col,L3,96,75,0.004085634907664651
Sports_and_Outdoors,Sports,after_col,L3,97,76,0.004140110039766847
Sports_and_Outdoors,Sports,after_col,L3,98,61,0.0033229830582339162
Sports_and_Outdoors,Sports,after_col,L3,99,78,0.004249060303971237
Sports_and_Outdoors,Sports,after_col,L3,100,79,0.004303535436073432
Sports_and_Outdoors,Sports,after_col,L3,101,71,0.0038677343792558696
Sports_and_Outdoors,Sports,after_col,L3,102,68,0.0037043089829492835
Sports_and_Outdoors,Sports,after_col,L3,103,62,0.0033774581903361117
Sports_and_Outdoors,Sports,after_col,L3,104,78,0.004249060303971237
Sports_and_Outdoors,Sports,after_col,L3,105,77,0.004194585171869041
Sports_and_Outdoors,Sports,after_col,L3,106,67,0.0036498338508470884
Sports_and_Outdoors,Sports,after_col,L3,107,84,0.004575911096584409
Sports_and_Outdoors,Sports,after_col,L3,108,74,0.004031159775562456
Sports_and_Outdoors,Sports,after_col,L3,109,69,0.003758784115051479
Sports_and_Outdoors,Sports,after_col,L3,110,65,0.0035408835866426974
Sports_and_Outdoors,Sports,after_col,L3,111,68,0.0037043089829492835
Sports_and_Outdoors,Sports,after_col,L3,112,92,0.005011712153401972
Sports_and_Outdoors,Sports,after_col,L3,113,85,0.004630386228686605
Sports_and_Outdoors,Sports,after_col,L3,114,82,0.004466960832380019
Sports_and_Outdoors,Sports,after_col,L3,115,78,0.004249060303971237
Sports_and_Outdoors,Sports,after_col,L3,116,96,0.0052296126818107535
Sports_and_Outdoors,Sports,after_col,L3,117,70,0.0038132592471536745
Sports_and_Outdoors,Sports,after_col,L3,118,82,0.004466960832380019
Sports_and_Outdoors,Sports,after_col,L3,119,80,0.004358010568175628
Sports_and_Outdoors,Sports,after_col,L3,120,57,0.0031050825298251346
Sports_and_Outdoors,Sports,after_col,L3,121,92,0.005011712153401972
Sports_and_Outdoors,Sports,after_col,L3,122,74,0.004031159775562456
Sports_and_Outdoors,Sports,after_col,L3,123,74,0.004031159775562456
Sports_and_Outdoors,Sports,after_col,L3,124,66,0.003595358718744893
Sports_and_Outdoors,Sports,after_col,L3,125,68,0.0037043089829492835
Sports_and_Outdoors,Sports,after_col,L3,126,74,0.004031159775562456
Sports_and_Outdoors,Sports,after_col,L3,127,70,0.0038132592471536745
Sports_and_Outdoors,Sports,after_col,L3,128,69,0.003758784115051479
Sports_and_Outdoors,Sports,after_col,L3,129,49,0.0026692814730075723
Sports_and_Outdoors,Sports,after_col,L3,130,95,0.005175137549708558
Sports_and_Outdoors,Sports,after_col,L3,131,59,0.0032140327940295256
Sports_and_Outdoors,Sports,after_col,L3,132,75,0.004085634907664651
Sports_and_Outdoors,Sports,after_col,L3,133,67,0.0036498338508470884
Sports_and_Outdoors,Sports,after_col,L3,134,85,0.004630386228686605
Sports_and_Outdoors,Sports,after_col,L3,135,55,0.002996132265620744
Sports_and_Outdoors,Sports,after_col,L3,136,82,0.004466960832380019
Sports_and_Outdoors,Sports,after_col,L3,137,63,0.003431933322438307
Sports_and_Outdoors,Sports,after_col,L3,138,69,0.003758784115051479
Sports_and_Outdoors,Sports,after_col,L3,139,62,0.0033774581903361117
Sports_and_Outdoors,Sports,after_col,L3,140,74,0.004031159775562456
Sports_and_Outdoors,Sports,after_col,L3,141,59,0.0032140327940295256
Sports_and_Outdoors,Sports,after_col,L3,142,70,0.0038132592471536745
Sports_and_Outdoors,Sports,after_col,L3,143,86,0.0046848613607888
Sports_and_Outdoors,Sports,after_col,L3,144,65,0.0035408835866426974
Sports_and_Outdoors,Sports,after_col,L3,145,79,0.004303535436073432
Sports_and_Outdoors,Sports,after_col,L3,146,79,0.004303535436073432
Sports_and_Outdoors,Sports,after_col,L3,147,57,0.0031050825298251346
Sports_and_Outdoors,Sports,after_col,L3,148,76,0.004140110039766847
Sports_and_Outdoors,Sports,after_col,L3,149,84,0.004575911096584409
Sports_and_Outdoors,Sports,after_col,L3,150,69,0.003758784115051479
Sports_and_Outdoors,Sports,after_col,L3,151,71,0.0038677343792558696
Sports_and_Outdoors,Sports,after_col,L3,152,62,0.0033774581903361117
Sports_and_Outdoors,Sports,after_col,L3,153,84,0.004575911096584409
Sports_and_Outdoors,Sports,after_col,L3,154,49,0.0026692814730075723
Sports_and_Outdoors,Sports,after_col,L3,155,75,0.004085634907664651
Sports_and_Outdoors,Sports,after_col,L3,156,70,0.0038132592471536745
Sports_and_Outdoors,Sports,after_col,L3,157,62,0.0033774581903361117
Sports_and_Outdoors,Sports,after_col,L3,158,68,0.0037043089829492835
Sports_and_Outdoors,Sports,after_col,L3,159,80,0.004358010568175628
Sports_and_Outdoors,Sports,after_col,L3,160,64,0.0034864084545405023
Sports_and_Outdoors,Sports,after_col,L3,161,65,0.0035408835866426974
Sports_and_Outdoors,Sports,after_col,L3,162,64,0.0034864084545405023
Sports_and_Outdoors,Sports,after_col,L3,163,60,0.0032685079261317207
Sports_and_Outdoors,Sports,after_col,L3,164,61,0.0033229830582339162
Sports_and_Outdoors,Sports,after_col,L3,165,72,0.003922209511358065
Sports_and_Outdoors,Sports,after_col,L3,166,68,0.0037043089829492835
Sports_and_Outdoors,Sports,after_col,L3,167,63,0.003431933322438307
Sports_and_Outdoors,Sports,after_col,L3,168,73,0.00397668464346026
Sports_and_Outdoors,Sports,after_col,L3,169,75,0.004085634907664651
Sports_and_Outdoors,Sports,after_col,L3,170,82,0.004466960832380019
Sports_and_Outdoors,Sports,after_col,L3,171,66,0.003595358718744893
Sports_and_Outdoors,Sports,after_col,L3,172,65,0.0035408835866426974
Sports_and_Outdoors,Sports,after_col,L3,173,72,0.003922209511358065
Sports_and_Outdoors,Sports,after_col,L3,174,70,0.0038132592471536745
Sports_and_Outdoors,Sports,after_col,L3,175,82,0.004466960832380019
Sports_and_Outdoors,Sports,after_col,L3,176,67,0.0036498338508470884
Sports_and_Outdoors,Sports,after_col,L3,177,91,0.004957237021299777
Sports_and_Outdoors,Sports,after_col,L3,178,69,0.003758784115051479
Sports_and_Outdoors,Sports,after_col,L3,179,66,0.003595358718744893
Sports_and_Outdoors,Sports,after_col,L3,180,79,0.004303535436073432
Sports_and_Outdoors,Sports,after_col,L3,181,56,0.0030506073977229395
Sports_and_Outdoors,Sports,after_col,L3,182,77,0.004194585171869041
Sports_and_Outdoors,Sports,after_col,L3,183,64,0.0034864084545405023
Sports_and_Outdoors,Sports,after_col,L3,184,92,0.005011712153401972
Sports_and_Outdoors,Sports,after_col,L3,185,59,0.0032140327940295256
Sports_and_Outdoors,Sports,after_col,L3,186,81,0.004412485700277823
Sports_and_Outdoors,Sports,after_col,L3,187,67,0.0036498338508470884
Sports_and_Outdoors,Sports,after_col,L3,188,66,0.003595358718744893
Sports_and_Outdoors,Sports,after_col,L3,189,60,0.0032685079261317207
Sports_and_Outdoors,Sports,after_col,L3,190,62,0.0033774581903361117
Sports_and_Outdoors,Sports,after_col,L3,191,50,0.0027237566051097673
Sports_and_Outdoors,Sports,after_col,L3,192,53,0.0028871820014163534
Sports_and_Outdoors,Sports,after_col,L3,193,71,0.0038677343792558696
Sports_and_Outdoors,Sports,after_col,L3,194,98,0.0053385629460151445
Sports_and_Outdoors,Sports,after_col,L3,195,82,0.004466960832380019
Sports_and_Outdoors,Sports,after_col,L3,196,68,0.0037043089829492835
Sports_and_Outdoors,Sports,after_col,L3,197,82,0.004466960832380019
Sports_and_Outdoors,Sports,after_col,L3,198,58,0.00315955766192733
Sports_and_Outdoors,Sports,after_col,L3,199,50,0.0027237566051097673
Sports_and_Outdoors,Sports,after_col,L3,200,86,0.0046848613607888
Sports_and_Outdoors,Sports,after_col,L3,201,51,0.002778231737211963
Sports_and_Outdoors,Sports,after_col,L3,202,57,0.0031050825298251346
Sports_and_Outdoors,Sports,after_col,L3,203,55,0.002996132265620744
Sports_and_Outdoors,Sports,after_col,L3,204,89,0.004848286757095386
Sports_and_Outdoors,Sports,after_col,L3,205,62,0.0033774581903361117
Sports_and_Outdoors,Sports,after_col,L3,206,81,0.004412485700277823
Sports_and_Outdoors,Sports,after_col,L3,207,94,0.0051206624176063625
Sports_and_Outdoors,Sports,after_col,L3,208,79,0.004303535436073432
Sports_and_Outdoors,Sports,after_col,L3,209,89,0.004848286757095386
Sports_and_Outdoors,Sports,after_col,L3,210,80,0.004358010568175628
Sports_and_Outdoors,Sports,after_col,L3,211,60,0.0032685079261317207
Sports_and_Outdoors,Sports,after_col,L3,212,78,0.004249060303971237
Sports_and_Outdoors,Sports,after_col,L3,213,69,0.003758784115051479
Sports_and_Outdoors,Sports,after_col,L3,214,73,0.00397668464346026
Sports_and_Outdoors,Sports,after_col,L3,215,72,0.003922209511358065
Sports_and_Outdoors,Sports,after_col,L3,216,85,0.004630386228686605
Sports_and_Outdoors,Sports,after_col,L3,217,68,0.0037043089829492835
Sports_and_Outdoors,Sports,after_col,L3,218,79,0.004303535436073432
Sports_and_Outdoors,Sports,after_col,L3,219,73,0.00397668464346026
Sports_and_Outdoors,Sports,after_col,L3,220,60,0.0032685079261317207
Sports_and_Outdoors,Sports,after_col,L3,221,77,0.004194585171869041
Sports_and_Outdoors,Sports,after_col,L3,222,75,0.004085634907664651
Sports_and_Outdoors,Sports,after_col,L3,223,70,0.0038132592471536745
Sports_and_Outdoors,Sports,after_col,L3,224,80,0.004358010568175628
Sports_and_Outdoors,Sports,after_col,L3,225,86,0.0046848613607888
Sports_and_Outdoors,Sports,after_col,L3,226,76,0.004140110039766847
Sports_and_Outdoors,Sports,after_col,L3,227,71,0.0038677343792558696
Sports_and_Outdoors,Sports,after_col,L3,228,62,0.0033774581903361117
Sports_and_Outdoors,Sports,after_col,L3,229,103,0.005610938606526121
Sports_and_Outdoors,Sports,after_col,L3,230,69,0.003758784115051479
Sports_and_Outdoors,Sports,after_col,L3,231,78,0.004249060303971237
Sports_and_Outdoors,Sports,after_col,L3,232,68,0.0037043089829492835
Sports_and_Outdoors,Sports,after_col,L3,233,77,0.004194585171869041
Sports_and_Outdoors,Sports,after_col,L3,234,63,0.003431933322438307
Sports_and_Outdoors,Sports,after_col,L3,235,51,0.002778231737211963
Sports_and_Outdoors,Sports,after_col,L3,236,78,0.004249060303971237
Sports_and_Outdoors,Sports,after_col,L3,237,72,0.003922209511358065
Sports_and_Outdoors,Sports,after_col,L3,238,57,0.0031050825298251346
Sports_and_Outdoors,Sports,after_col,L3,239,75,0.004085634907664651
Sports_and_Outdoors,Sports,after_col,L3,240,71,0.0038677343792558696
Sports_and_Outdoors,Sports,after_col,L3,241,62,0.0033774581903361117
Sports_and_Outdoors,Sports,after_col,L3,242,66,0.003595358718744893
Sports_and_Outdoors,Sports,after_col,L3,243,60,0.0032685079261317207
Sports_and_Outdoors,Sports,after_col,L3,244,67,0.0036498338508470884
Sports_and_Outdoors,Sports,after_col,L3,245,81,0.004412485700277823
Sports_and_Outdoors,Sports,after_col,L3,246,74,0.004031159775562456
Sports_and_Outdoors,Sports,after_col,L3,247,64,0.0034864084545405023
Sports_and_Outdoors,Sports,after_col,L3,248,65,0.0035408835866426974
Sports_and_Outdoors,Sports,after_col,L3,249,71,0.0038677343792558696
Sports_and_Outdoors,Sports,after_col,L3,250,71,0.0038677343792558696
Sports_and_Outdoors,Sports,after_col,L3,251,76,0.004140110039766847
Sports_and_Outdoors,Sports,after_col,L3,252,70,0.0038132592471536745
Sports_and_Outdoors,Sports,after_col,L3,253,89,0.004848286757095386
Sports_and_Outdoors,Sports,after_col,L3,254,82,0.004466960832380019
Sports_and_Outdoors,Sports,after_col,L3,255,79,0.004303535436073432
